Name,Latitude,Longitude,Address,City,Region,Cuisine,Price,Rating,Reviews
Aviv,25.799219,-80.127285,2341 Collins Ave,"Miami Beach, FL 33139",Miami Beach,Israeli,$$$,4.4/5 Google,253
Blue Ribbon Sushi Bar & Grill,25.796817,-80.130636,336 21st St (Plymouth Hotel),"Miami Beach, FL 33139",Miami Beach,Japanese,$$$,4.5/5 Google,1440
Call Me Gaby,25.768955,-80.135535,22 Washington Ave,"Miami Beach, FL 33139",Miami Beach,Italian,$$$,4.1/5 Google,928
Carbone Miami,25.769268,-80.133895,49 Collins Ave,"Miami Beach, FL 33139",Miami Beach,Italian,$$$$,4.3/5 Google,2098
Estiatorio Milos,25.769735,-80.135695,730 First St,"Miami Beach, FL 33139",Miami Beach,Greek/Seafood,$$$$,4.5/5 Google,1828
Joe's Stone Crab,25.768864,-80.135159,11 Washington Ave,"Miami Beach, FL 33139",Miami Beach,Seafood,$$$$,4.5/5 Google,11551
The Joyce,25.786823,-80.132758,448 Espanola Way,"Miami Beach, FL 33139",Miami Beach,American,$$$$,4.3/5 Google,120
Las' Lap Miami,25.79869,-80.130407,2216 Park Ave,"Miami Beach, FL 33139",Miami Beach,Afro-Caribbean,$$$$,4.7/5 Google,143
The Lido Bayside Grill,25.791946,-80.149285,40 Island Ave (Standard Spa),"Miami Beach, FL 33139",Miami Beach,American,$$$$,3.7/5 Google,722
Lucali,25.795203,-80.143986,1930 Bay Rd,"Miami Beach, FL 33139",Miami Beach,Pizza/Italian,$$,4.2/5 Google,1760
Macchialina,25.778583,-80.141152,820 Alton Rd,"Miami Beach, FL 33139",Miami Beach,Italian,$$$,4.4/5 Google,1708
Mila,25.790268,-80.13676,1636 Meridian Ave / 800 Lincoln Rd Fl 3,"Miami Beach, FL 33139",Miami Beach,Eclectic/Japanese,$$$$,4.8/5 Google,20800
LT South Beach (The Betsy Hotel),25.78658,-80.1299,1440 Ocean Dr,"Miami Beach, FL 33139",Miami Beach,American,$$$,4.4/5 Google,619
Prime 112,25.769904,-80.133225,112 Ocean Dr,"Miami Beach, FL 33139",Miami Beach,Steakhouse,$$$$,4.1/5 Google,2959
Puerto Sagua,25.777129,-80.13276,700 Collins Ave,"Miami Beach, FL 33139",Miami Beach,Cuban,$$,4.5/5 Google,8718
Stubborn Seed,25.770332,-80.134838,101 Washington Ave,"Miami Beach, FL 33139",Miami Beach,New American/French,$$$$,4.5/5 Google,1438
Sweet Liberty Drink & Supply Co.,25.796009,-80.129724,237 20th St Ste B,"Miami Beach, FL 33139",Miami Beach,American Gastropub,$$$,4.6/5 Google,2698
Vecinos,25.80696,-80.12504,3101 Indian Creek Dr,"Miami Beach, FL 33140",Miami Beach,Latin Bar/Grill,$$$,7.6/10 Infatuation,N/A
Cho Funky Asian Bistro,25.792207,-80.14183,1209 17th St,"Miami Beach, FL 33139",Miami Beach,Southeast Asian,$$$,4.9/5 Google,86
Queen,25.775506,-80.134623,550 Washington Ave,"Miami Beach, FL 33139",Miami Beach,Japanese,$$$,4.3/5 Google,1206
The Alley,25.786552,-80.130286,1433 Collins Ave,"Miami Beach, FL 33139",Miami Beach,Pizza,$$,4.5/5 Google,229
Tropezon,25.786803,-80.133195,512 Espanola Way,"Miami Beach, FL 33139",Miami Beach,Spanish,$$$,4.3/5 Google,258
Kalamata Mediterranean Cuisine,25.77411,-80.133912,423 Washington Ave,"Miami Beach, FL 33139",Miami Beach,Turkish/Mediterranean,$$,4.8/5 Google,608
Abbale Modern Mediterranean Kitchen,25.768838,-80.136617,864 Commerce St,"Miami Beach, FL 33139",Miami Beach,Israeli/Mediterranean,$$$,4.6/5 Google,1243
Havana 1957 Cuban Cuisine (Espanola Way),25.787039,-80.131979,405 Espanola Way,"Miami Beach, FL 33139",Miami Beach,Cuban,$$,4.5/5 Google,8745
Orilla Bar & Grill,25.774191,-80.135248,426 Euclid Ave,"Miami Beach, FL 33139",Miami Beach,Argentinian,$$$,4.6/5 Google,612
Las Olas Cafe,25.775732,-80.134831,644 6th St,"Miami Beach, FL 33139",Miami Beach,Cuban,$$,4.3/5 Google,2607
Under The Mango Tree,25.774824,-80.135263,737 5th St,"Miami Beach, FL 33139",Miami Beach,Vegetarian,$$,4.6/5 Google,526
Paya Miami,25.792207,-80.14183,1209 17th St,"Miami Beach, FL 33139",Miami Beach,Caribbean,$$$,5/5 Timeout,N/A
A La Folie,25.786759,-80.13327,516 Espanola Way,"Miami Beach, FL 33139",Miami Beach,French Cafe/Bistro,$$,4.4/5 Google,443
Mimi Chinese,25.788692,-80.140781,1575 Alton Rd Unit 2,"Miami Beach, FL 33139",Miami Beach,Chinese,$$$,4/5 Timeout,N/A
Mango's South Beach,25.779398,-80.131099,900 Ocean Dr,"Miami Beach, FL 33139",Miami Beach,Latin/Tropical,$$$,N/A,N/A
J'Adore Miami Beach,25.781804,-80.130334,Ocean Dr,"Miami Beach, FL 33139",Miami Beach,Coastal Latin,$$$,4.4/5 Google,89
News Cafe,25.778132,-80.131403,800 Ocean Dr,"Miami Beach, FL 33139",Miami Beach,American Cafe,$$,4.8/5 Google,2322
Azabu Miami Beach,25.781804,-80.130334,Ocean Dr area,"Miami Beach, FL 33139",Miami Beach,Japanese,$$$$,4.7/5 Google,862
The Front Porch Cafe,25.781804,-80.130334,Ocean Dr,"Miami Beach, FL 33139",Miami Beach,American Breakfast,$$,4.2/5 Google,839
A Fish Called Avalon,25.781804,-80.130334,Ocean Dr,"Miami Beach, FL 33139",Miami Beach,Seafood,$$$,4.6/5 Google,1540
Alma Cubana,25.781804,-80.130334,Ocean Dr,"Miami Beach, FL 33139",Miami Beach,Cuban,$$,4.9/5 Google,907
Serena,25.781804,-80.130334,Ocean Dr,"Miami Beach, FL 33139",Miami Beach,Italian,$$$,N/A,N/A
Naked Taco,25.781804,-80.130334,Ocean Dr,"Miami Beach, FL 33139",Miami Beach,Mexican,$$,4.6/5 Google,734
Osteria da Fortunata,25.796447,-80.131929,Lincoln Rd,"Miami Beach, FL 33139",Miami Beach,Italian,$$$,4.6/5 Google,615
Spris,25.796447,-80.131929,Lincoln Rd,"Miami Beach, FL 33139",Miami Beach,Pizza/Italian,$$,4.8/5 Google,526
Yardbird Southern Table & Bar,25.789106,-80.140268,1600 Lenox Ave,"Miami Beach, FL 33139",Miami Beach,Southern American,$$$,4.6/5 Google,6916
Juvia,25.79084,-80.14024,1111 Lincoln Rd,"Miami Beach, FL 33139",Miami Beach,Asian-Latin-French,$$$$,4.1/5 Google,2125
YUCA,25.796447,-80.131929,Lincoln Rd,"Miami Beach, FL 33139",Miami Beach,Cuban-American,$$$,N/A,N/A
SuViche,25.796447,-80.131929,Lincoln Rd,"Miami Beach, FL 33139",Miami Beach,Peruvian/Sushi,$$,N/A,N/A
Issabellas,25.796447,-80.131929,Lincoln Rd,"Miami Beach, FL 33139",Miami Beach,Mediterranean,$$,N/A,N/A
Catch Miami Beach,25.767961,-80.133567,200 South Pointe Dr,"Miami Beach, FL 33139",Miami Beach,Seafood,$$$$,4.2/5 Google,469
INTIMO,25.769695,-80.136785,840 1st St,"Miami Beach, FL 33139",Miami Beach,Peruvian,$$$,4.9/5 Google,723
Kissaki,25.768132,-80.134739,500 South Pointe Dr Ste 160,"Miami Beach, FL 33139",Miami Beach,Japanese,$$$$,4.4/5 Google,86
The Lobster Shack,25.795587,-80.126961,Multiple SoFi locations,"Miami Beach, FL 33139",Miami Beach,Seafood,$$,4.4/5 Google,1681
PLANTA South Beach,25.76884,-80.136435,850 Commerce St,"Miami Beach, FL 33139",Miami Beach,Plant-based/Vegan,$$$,4.3/5 Google,541
RED South Beach,25.768535,-80.136554,801 South Pointe Dr,"Miami Beach, FL 33139",Miami Beach,Steakhouse,$$$$,4.0/5 Google,521
Fogo de Chao,25.769957,-80.1351,South of Fifth,"Miami Beach, FL 33139",Miami Beach,Brazilian Steakhouse,$$$$,N/A,N/A
Smith & Wollensky,25.768732,-80.130923,1 Washington Ave,"Miami Beach, FL 33139",Miami Beach,Steakhouse,$$$$,4.4/5 Google,7064
French 27,25.769957,-80.1351,South of Fifth,"Miami Beach, FL 33139",Miami Beach,French,$$$$,N/A,N/A
HaSalon,25.769957,-80.1351,South of Fifth area,"Miami Beach, FL 33139",Miami Beach,Israeli,$$$$,N/A,N/A
Lilikoi Organic Living,25.769957,-80.1351,South of Fifth,"Miami Beach, FL 33139",Miami Beach,Healthy/Organic,$$,4.2/5 Google,218
Pura Vida South Beach,25.769957,-80.1351,South of Fifth,"Miami Beach, FL 33139",Miami Beach,Healthy,$$,4.1/5 Google,508
Byblos Miami,25.788469,-80.129477,1545 Collins Ave,"Miami Beach, FL 33139",Miami Beach,Mediterranean,$$$,4.5/5 Google,1650
Papi Steak,25.769745,-80.135961,736 1st St,"Miami Beach, FL 33139",Miami Beach,Steakhouse,$$$$,3.9/5 Google,801
Matador Room,25.805345,-80.124175,2901 Collins Ave (Miami Beach EDITION),"Miami Beach, FL 33140",Miami Beach,Modern Latin,$$$$,4.1/5 Google,595
Motek Miami Beach,25.887415,-80.122837,Collins Ave,"Miami Beach, FL 33140",Miami Beach,Israeli/Middle Eastern,$$,4.7/5 Google,569
Hakkasan Miami,25.818293,-80.122171,4441 Collins Ave (Fontainebleau),"Miami Beach, FL 33140",Miami Beach,Cantonese,$$$$,4.2/5 Google,1023
Pikio Taco,25.821478,-80.120809,Hotel Rendale,"Miami Beach, FL 33140",Miami Beach,Mexican,$$,4.4/5 Google,316
Aguasal by Jose Andres,25.821478,-80.120809,Andaz Miami Beach,"Miami Beach, FL 33140",Miami Beach,Mediterranean-Miami,$$$$,N/A,N/A
Cecconi's Miami Beach,25.815954,-80.122041,4385 Collins Ave (Soho Beach House),"Miami Beach, FL 33140",Miami Beach,Italian,$$$,3.9/5 Google,740
Pao by Paul Qui,25.807324,-80.123463,3201 Collins Ave (Faena Hotel),"Miami Beach, FL 33140",Miami Beach,Modern Asian,$$$$,4.3/5 Google,361
Los Fuegos by Francis Mallmann,25.807324,-80.123463,3201 Collins Ave (Faena Hotel),"Miami Beach, FL 33140",Miami Beach,Argentine/Grill,$$$$,4.3/5 Google,1098
Mirabella,25.821478,-80.120809,Fontainebleau,"Miami Beach, FL 33140",Miami Beach,Coastal Italian,$$$$,N/A,N/A
Mi Colombia,25.855787,-80.125182,702 71st St,"Miami Beach, FL 33141",Miami Beach,Colombian,$$,4.6/5 Google,495
Marc's Artisanal Pizzeria,25.855657,-80.129504,966 Normandy Dr,"Miami Beach, FL 33141",Miami Beach,Pizza,$$,8.5/10 Infatuation,N/A
Silverlake Bistro,25.85471,-80.13182,1211 71st St,"Miami Beach, FL 33141",Miami Beach,American/French,$$,8.3/10 Infatuation / 4.6 Google,N/A
Ezio's,25.856812,-80.123719,580 72nd St,"Miami Beach, FL 33141",Miami Beach,Steaks,$$$,7.6/10 Infatuation,N/A
Locura Marina Peruvian Restaurant,25.856566,-80.12076,7118 Collins Ave,"Miami Beach, FL 33141",Miami Beach,Peruvian,$$,8.3/10 Infatuation,N/A
The Wrapper,25.855649,-80.120721,6974 Collins Ave,"Miami Beach, FL 33141",Miami Beach,Lebanese,$$,5.0/5 Google,482
Sushi Bichi,25.859128,-80.120129,7330 Ocean Terr,"Miami Beach, FL 33141",Miami Beach,Sushi,$$,4.8/5 Google,532
Katana,25.85548,-80.128282,920 71st St,"Miami Beach, FL 33141",Miami Beach,Japanese,$$,7.6/10 Infatuation,N/A
Banchero Miami,25.855551,-80.120151,6995 Collins Ave,"Miami Beach, FL 33141",Miami Beach,Argentinian,$$,4.5/5 Google,502
7tyone Restaurant & Coffee,25.85551,-80.130287,1130 Normandy Dr,"Miami Beach, FL 33141",Miami Beach,Venezuelan,$$,7.9/10 Infatuation,N/A
Blozzom Pizza,25.859351,-80.12069,7341 Collins Ave,"Miami Beach, FL 33141",Miami Beach,Pizza,$$,7.7/10 Infatuation,N/A
Collins Pizza,25.858722,-80.121075,7308 Collins Ave,"Miami Beach, FL 33141",Miami Beach,Pizza,$$,4.5/5 Google,262
Little Brazil,25.855809,-80.120595,6984 Collins Ave,"Miami Beach, FL 33141",Miami Beach,Brazilian,$$,7.9/10 Infatuation,N/A
Cafe Prima Pasta,25.855918,-80.122748,414 71st St,"Miami Beach, FL 33141",Miami Beach,Italian,$$$,4.9/5 Google,942
Sawaddee Thai & Sushi Restaurant,25.854942,-80.127761,6968 Bay Dr,"Miami Beach, FL 33141",Miami Beach,Thai/Sushi,$$,7.7/10 Infatuation,N/A
Sazon Cubano,25.858626,-80.12057,7305 Collins Ave,"Miami Beach, FL 33141",Miami Beach,Cuban,$$,4.5/5 Google,4675
Rouge,25.858711,-80.121092,7310 Collins Ave,"Miami Beach, FL 33141",Miami Beach,French-Moroccan,$$$,N/A,N/A
Las Vacas Gordas,25.855998,-80.128931,933 Normandy Dr,"Miami Beach, FL 33141",Miami Beach,Steakhouse/Argentine,$$$,N/A,N/A
Taquiza Tacos,25.860579,-80.120169,7450 Ocean Terr,"Miami Beach, FL 33141",Miami Beach,Mexican,$$,4.3 Google / 4.5 TA,N/A
Norman's Tavern,25.85182,-80.120555,6770 Collins Ave,"Miami Beach, FL 33141",Miami Beach,American/Sports Bar,$$,4.6 Google / 4.5 TA,N/A
Hoshi & Sushi Asian Cuisine,25.832826,-80.120978,5401 Collins Ave Ste CU5,"Miami Beach, FL 33140",Miami Beach,Japanese/Asian,$$,4.6 Google / 4.5 TA,N/A
The Surf Club Restaurant,25.877516,-80.121519,9011 Collins Ave (Four Seasons),"Surfside, FL 33154",Surfside,Continental/Fine Dining,$$$$,4.6/5 Google,N/A
Lido Restaurant,25.877516,-80.121519,9011 Collins Ave (Four Seasons Surf Club),"Surfside, FL 33154",Surfside,Coastal Italian,$$$$,4.1/5 Google,416
Winston's On The Beach,25.878144,-80.131669,Four Seasons Surf Club,"Surfside, FL 33154",Surfside,Casual Seafood,$$$,N/A,N/A
Cafe Ragazzi,25.878144,-80.131669,Surfside,"Surfside, FL 33154",Surfside,Italian-American,$$,4.2/5 Google,328
Neya,25.8851,-80.123284,9491 Harding Ave,"Surfside, FL 33154",Surfside,Modern Israeli,$$,4.9/5 Google,N/A
Flanigan's (Surfside),25.878144,-80.131669,Surfside,"Surfside, FL 33154",Surfside,Steaks/Seafood,$$,4.3/5 Google,612
Fialkoff's Kosher Pizza,25.878144,-80.131669,Surfside,"Surfside, FL 33154",Surfside,Kosher Pizza,$$,3.8/5 Google,116
Hikari,25.878144,-80.131669,Surfside,"Surfside, FL 33154",Surfside,Sushi/Kosher,$$$,4.3/5 Google,96
Cine Citta Caffe,25.88602,-80.123604,9544 Harding Ave,"Surfside, FL 33154",Surfside,Italian/Kosher Dairy,$$,3.7/5 Google,N/A
Carpaccio,25.888243,-80.124916,9700 Collins Ave,"Bal Harbour, FL 33154",Bal Harbour,Italian,$$-$$$,4.3/5 TA / 4.4 Google,"2,711+ TA"
Makoto,25.888243,-80.124916,9700 Collins Ave,"Bal Harbour, FL 33154",Bal Harbour,Japanese/Sushi,$$$$,4.4/5 TA / 4.5 Google,"1,132+ TA"
Artisan Beach House,25.898904,-80.123419,10295 Collins Ave (Ritz-Carlton),"Bal Harbour, FL 33154",Bal Harbour,Seafood/Global,$$-$$$,3.9/5 TA / 4.4 Google,67+ TA
The Terrace Restaurant,25.89042,-80.12288,Bal Harbour Shops,"Bal Harbour, FL 33154",Bal Harbour,Italian/American,$$-$$$,4.8/5 TA,81+ TA
Le Zoo,25.89042,-80.12288,Bal Harbour Shops,"Bal Harbour, FL 33154",Bal Harbour,French,$$-$$$,4.1/5 TA,435+ TA
Aba Miami (Bal Harbour),25.89042,-80.12288,Bal Harbour Shops,"Bal Harbour, FL 33154",Bal Harbour,Mediterranean,$$$$,4.0/5 TA,34+ TA
Atlantikos,25.89042,-80.12288,Bal Harbour Shops,"Bal Harbour, FL 33154",Bal Harbour,Seafood/Mediterranean,$$$$,3.8/5 Google,185
The St. Regis Bar (St Regis Bal Harbour),25.888991,-80.122768,9703 Collins Ave,"Bal Harbour, FL 33154",Bal Harbour,International/Sushi,$$-$$$,4.5/5 TA / 4.8 Google,80+ TA
Bh Burger,25.89042,-80.12288,Bal Harbour Shops,"Bal Harbour, FL 33154",Bal Harbour,American/Steakhouse/Burgers,$$-$$$,4.3/5 TA,89+ TA
Hillstone Restaurant at Bal Harbour,25.888243,-80.124916,9700 Collins Ave,"Bal Harbour, FL 33154",Bal Harbour,American,$$$,4.1/5 TA/Google,N/A
Avenue 31 Cafe,25.888243,-80.124916,9700 Collins Ave 2nd Fl,"Bal Harbour, FL 33154",Bal Harbour,Italian/European Cafe,$$$,4.7/5 TA / 4.8 Google,N/A
Cacio e Pepe Italian Restaurant,25.89042,-80.12288,Near Bal Harbour Shops,"Bal Harbour, FL 33154",Bal Harbour,Italian,$$,3.5/5 TA / 4.3 Google,N/A
Morla,25.88653,-80.130497,1052 Kane Concourse,"Bay Harbor Islands, FL 33154",Bay Harbor Islands,Peruvian/Baja fusion,$$$,4.9/5 Google,245
Emilio's Trattoria,25.886661,-80.130307,1088 Kane Concourse,"Bay Harbor Islands, FL 33154",Bay Harbor Islands,Italian,$$$,4.4/5 Google,180
Bay Harbor Bistro & Bakery,25.886802,-80.129658,1023 Kane Concourse,"Bay Harbor Islands, FL 33154",Bay Harbor Islands,American Breakfast/Brunch,$$,N/A,151+ Yelp
Pura Vida Bay Harbor,25.88686,-80.129307,1001 Kane Concourse,"Bay Harbor Islands, FL 33154",Bay Harbor Islands,Health Food,$$,N/A,N/A
Mamale Cafe & Pizza Bar,25.887012,-80.129803,1017 Kane Concourse,"Bay Harbor Islands, FL 33154",Bay Harbor Islands,Kosher Pizza/Cafe,$$,4.8/5 Google,85
Open Kitchen By Pure Simple Cooking,25.886747,-80.132061,Kane Concourse,"Bay Harbor Islands, FL 33154",Bay Harbor Islands,Health Food,$$,N/A,N/A
La Cabrera Sunny Isles,25.934543,-80.122552,17100 Collins Ave,"Sunny Isles Beach, FL 33160",Sunny Isles Beach,Argentine Steakhouse,$$$$,N/A,126+ Yelp
Chayhana Oasis,25.943262,-80.12126,Sunny Isles Beach,"Sunny Isles Beach, FL 33160",Sunny Isles Beach,Uzbek,$$$,4.4/5 Google,449
Baires Grill - Sunny Isles,25.943262,-80.12126,Sunny Isles Beach,"Sunny Isles Beach, FL 33160",Sunny Isles Beach,Argentine,$$$,4.3/5 Google,719
Old Lisbon (Sunny Isles),25.943262,-80.12126,Sunny Isles Beach,"Sunny Isles Beach, FL 33160",Sunny Isles Beach,Portuguese,$$$,N/A,N/A
Mykonos Kitchen & Bar,25.943262,-80.12126,Sunny Isles Beach,"Sunny Isles Beach, FL 33160",Sunny Isles Beach,Greek/Japanese fusion,$$$,4.2/5 Google,357
Reunion Ktchn Bar (Sunny Isles),25.943262,-80.12126,Sunny Isles Beach,"Sunny Isles Beach, FL 33160",Sunny Isles Beach,American/Eclectic,$$$,N/A,N/A
Beach House Bar and Grill,25.943262,-80.12126,Sunny Isles Beach,"Sunny Isles Beach, FL 33160",Sunny Isles Beach,American/Seafood,$$,N/A,N/A
Gaby by Call Me Gaby (Sunny Isles),25.943262,-80.12126,Sunny Isles Beach,"Sunny Isles Beach, FL 33160",Sunny Isles Beach,Italian,$$$,N/A,N/A
Avra Estiatorio Miami (Acqualina),25.940845,-80.12048,17875 Collins Ave (Estates at Acqualina),"Sunny Isles Beach, FL 33160",Sunny Isles Beach,Greek,$$$$,N/A,N/A
Timo Restaurant & Bar,25.939336,-80.12151,17624 Collins Ave,"Sunny Isles Beach, FL 33160",Sunny Isles Beach,Italian/Mediterranean,$$$,4.5/5 Google,563
Il Mulino New York - Sunny Isles Beach,25.940845,-80.12048,17875 Collins Ave (Acqualina Resort),"Sunny Isles Beach, FL 33160",Sunny Isles Beach,Italian,$$$$,4.3/5 Google,692
Gili's Beach Club,25.943188,-80.12064,18001 Collins Ave (Trump Intl Beach Resort),"Sunny Isles Beach, FL 33160",Sunny Isles Beach,Seafood/Sushi,$$$,4.1/5 Google,62
Rose Cafe & Restaurant,25.943262,-80.12126,Sunny Isles Beach,"Sunny Isles Beach, FL 33160",Sunny Isles Beach,French/Healthy,$$,4.7/5 Google,294
Azzurro (Trump Intl),25.943188,-80.12064,18001 Collins Ave,"Sunny Isles Beach, FL 33160",Sunny Isles Beach,Italian,$$$,N/A,N/A
BALEENkitchen (Sunny Isles),25.943262,-80.12126,Sunny Isles Beach,"Sunny Isles Beach, FL 33160",Sunny Isles Beach,Eclectic/International,$$$,4.2/5 Google,280
Fam Fre (Family Fresh Cafe),25.943262,-80.12126,Sunny Isles Beach,"Sunny Isles Beach, FL 33160",Sunny Isles Beach,Brasserie,$$,N/A,N/A
Ke-uH (Acqualina Resort),25.940845,-80.12048,17875 Collins Ave,"Sunny Isles Beach, FL 33160",Sunny Isles Beach,Japanese Fusion,$$$$,4.3/5 Google,185
Costa Grill (Acqualina Resort),25.940845,-80.12048,17875 Collins Ave,"Sunny Isles Beach, FL 33160",Sunny Isles Beach,Beachfront/Mediterranean,$$$,N/A,N/A
Saka Mori (Trump Intl),25.943188,-80.12064,18001 Collins Ave,"Sunny Isles Beach, FL 33160",Sunny Isles Beach,Japanese Fusion,$$$,N/A,N/A
Juniper On The Water (Sunny Isles),25.943262,-80.12126,Sunny Isles Beach,"Sunny Isles Beach, FL 33160",Sunny Isles Beach,Seafood,$$$,N/A,N/A
Cut 38,25.943262,-80.12126,Sunny Isles Beach,"Sunny Isles Beach, FL 33160",Sunny Isles Beach,Steakhouse,$$$,N/A,N/A
Sunkissed,25.765268,-80.188782,801 Brickell Bay Dr,"Miami, FL 33131",Brickell,Latin/Bar,$$$$,8.4/10 Infatuation,N/A
The River Oyster Bar,25.76736,-80.193979,33 SE 7th St,"Miami, FL 33130",Downtown Miami,Seafood,$$-$$$,4.3/5 Tripadvisor,637+ reviews
Claudie,25.763172,-80.191057,1101 Brickell Ave,"Miami, FL 33131",Brickell,French/Mediterranean,$$$$,4.0/5 Google,502
Naoe,25.76782,-80.185794,661 Brickell Key Dr,"Miami, FL 33131",Brickell,Japanese Omakase,$$$$,4.7/5 Google,234
Momi Market,25.763822,-80.193364,1036 S Miami Ave,"Miami, FL 33130",Downtown Miami,Japanese,$$$$,4.7/5 Google,212
LPM Restaurant & Bar,25.760404,-80.190172,1300 Brickell Bay Dr,"Miami, FL 33131",Brickell,French/Mediterranean,$$$$,N/A,N/A
Oriental Bakery & Grill,25.760905,-80.200739,1760 SW 3rd Ave,"Miami, FL 33129",Brickell,Middle Eastern,$$,N/A,N/A
SEIA,25.76611,-80.192385,830 Brickell Plaza,"Miami, FL 33131",Brickell,Italian,$$$$,N/A,N/A
Sushi Club,25.76747,-80.1964,169 SW 7th St,"Miami, FL 33130",Downtown Miami,Sushi,$$,N/A,N/A
Omakai Hand Roll Bar (Brickell),25.761243,-80.190415,186 SE 12th Terrace,"Miami, FL 33133",Coconut Grove,Sushi,$$,N/A,N/A
Motek Brickell,25.767611,-80.193171,701 S Miami Ave,"Miami, FL 33130",Downtown Miami,Mediterranean/Israeli,$$,4.9/5 Google,133
The Henry Miami,25.767611,-80.193171,701 S Miami Ave Unit 131B,"Miami, FL 33131",Brickell,American,$$,N/A,N/A
Felice Brickell,25.758748,-80.193194,1450 Brickell Ave,"Miami, FL 33131",Brickell,Italian,$$$,4.6/5 Google,163
Kush Brickell,25.767482,-80.193458,650 S Miami Ave,"Miami, FL 33130",Downtown Miami,American/Bar,$$,N/A,N/A
Tap 42 Brickell,25.762237,-80.19349,1250 S Miami Ave,"Miami, FL 33130",Downtown Miami,American/Brazilian,$$,N/A,N/A
Paperfish Sushi (Brickell),26.031846,-80.165681,N/A,"Miami, FL",Brickell,Japanese/Peruvian,$$-$$$,4.5/5 Google,755
Salty Flame,26.031846,-80.165681,N/A,"Miami, FL",Brickell,Asian-American Steakhouse,$$$,4.4/5 Google,366
Amazonico Miami,25.765782,-80.19128,800 Brickell Ave,"Miami, FL 33131",Brickell,Latin/Asian Fusion,$$$$,2.8/5 Tripadvisor,N/A
Elcielo Miami,25.769654,-80.19182,31 SE 5th St,"Miami, FL 33131",Brickell,Colombian (Michelin),$$$$,4.3/5 Google,438
Truluck's Ocean's Finest Seafood And Crab,26.031846,-80.165681,N/A,"Miami, FL",Brickell,Seafood/Steakhouse,$$$$,4.5/5 Google,997
Osaka Miami,26.031846,-80.165681,N/A,"Miami, FL",Brickell,Japanese/Peruvian Nikkei,$$$$,4.3/5 Google,447
Gekko,25.766276,-80.192794,8 SE 8th St,"Miami, FL 33131",Brickell,Japanese Steakhouse,$$$$,3.9/5 Google,477
Hutong Miami,26.031846,-80.165681,N/A,"Miami, FL",Brickell,Chinese,$$$$,4.0/5 Google,629
Sexy Fish Miami,25.76404,-80.192867,1001 S Miami Ave,"Miami, FL 33130",Downtown Miami,Japanese/Seafood,$$$$,4.0/5 Google,1486
Novikov Miami,26.031846,-80.165681,N/A,"Miami, FL",Brickell,Japanese/Chinese Fusion,$$$$,4.3/5 Google,739
Delilah Miami,25.76498,-80.18484,N/A (Brickell Key),"Miami, FL",Brickell,Supper Club/Mediterranean-Asian,$$$$,3.8/5 Google,494
Lafayette Miami,26.031846,-80.165681,N/A,"Miami, FL",Downtown Miami,European Steakhouse,$$$$,N/A,N/A
Marion Miami,26.031846,-80.165681,N/A,"Miami, FL",Downtown Miami,Mediterranean-Asian,$$$$,N/A,N/A
The Mexican Miami,25.76498,-80.18484,N/A (Brickell Key),"Miami, FL",Brickell,Modern Mexican,$$$,4.8/5 Google,108
Kaori Miami,25.76574,-80.193155,871 S Miami Ave,"Miami, FL 33130",Downtown Miami,Asian Fusion,$$$$,4.5/5 Google,292
Dirty French Miami,25.76422,-80.19129,N/A (Brickell),"Miami, FL",Brickell,American/French,$$$$,3.9/5 Google,428
Marabu Restaurant,25.773357,-80.1919,N/A (near Brickell City Centre),"Miami, FL",Brickell,Latin/Bar,$$-$$$,4.8/5 Google,2307
Cafe Americano,25.76422,-80.19129,N/A (Brickell),"Miami, FL",Brickell,American/Latin,$$-$$$,4.6/5 Google,615
CRAFT Brickell,26.031846,-80.165681,N/A,"Miami, FL",Brickell,American/Pizza,$$-$$$,4.9/5 Google,110
Area 31,25.773357,-80.1919,N/A (Kimpton EPIC Hotel),"Miami, FL",Downtown Miami,American/Seafood,$$$$,4.0/5 Google,756
The Capital Grille (Brickell),26.031846,-80.165681,N/A,"Miami, FL",Brickell,Steakhouse,$$$$,4.5/5 Google,786
ADRIFT Mare,25.76422,-80.19129,N/A (Brickell),"Miami, FL",Brickell,Steakhouse/Bar,$$$$,4.1/5 Google,207
B Bistro + Bakery,25.76422,-80.19129,N/A (Brickell),"Miami, FL",Brickell,Cafe/Bistro,$$-$$$,4.5/5 Tripadvisor,253+ reviews
Toscana Divino,25.76422,-80.19129,N/A (Brickell),"Miami, FL",Brickell,Italian/Steakhouse,$$-$$$,3.9/5 Google,324
El Sitio Coffee Bar,25.76422,-80.19129,N/A (Brickell),"Miami, FL",Brickell,Latin/Venezuelan,$$-$$$,4.9/5 Google,974
Quinto Miami,25.76422,-80.19129,N/A (Brickell),"Miami, FL",Brickell,Steakhouse/Latin,$$$$,4.6/5 Google,785
Barsecco,25.76422,-80.19129,N/A (Brickell/Midtown),"Miami, FL",Midtown,American/Bar,$$-$$$,4.2/5 Google,874
Vero Italian Restaurant,25.76422,-80.19129,N/A (Brickell),"Miami, FL",Brickell,Italian/Pizza,$$-$$$,3.9/5 Google,327
Dolores But You Can Call Me Lolita,25.773447,-80.18808,N/A (Brickell/Downtown),"Miami, FL",Brickell,Bar/International,$$-$$$,4.8/5 Google,2414
Zuma Miami,25.76422,-80.19129,N/A (Downtown/Brickell),"Miami, FL",Brickell,Japanese/Sushi,$$$$,4.1/5 Google,788
CVI.CHE 105 (Downtown),25.76422,-80.19129,N/A (Downtown/Brickell),"Miami, FL",Brickell,Peruvian/Latin,$$-$$$,4.9/5 Google,2774
Ristorante Fratelli Milano,25.773447,-80.18808,N/A (Brickell/Downtown),"Miami, FL",Brickell,Italian,$$-$$$,4.6/5 Google,600
Celia's Kitchen and Social Bar,25.76422,-80.19129,N/A (Brickell),"Miami, FL",Brickell,American/Bar,$$-$$$,4.7/5 Tripadvisor,"1,411+ reviews"
Pollos & Jarras (Brickell),25.773447,-80.18808,N/A (Brickell/Downtown),"Miami, FL",Brickell,Peruvian/Latin,$$-$$$,4.9/5 Google,3858
Casa Neos,25.76422,-80.19129,N/A (Brickell),"Miami, FL",Brickell,Bar/Mediterranean,$$$$,4.5/5 Google,694
Tam Tam,25.775299,-80.194961,99 NW 1st St,"Miami, FL 33128",Downtown Miami,Vietnamese (Michelin Bib Gourmand),$$$,4.6/5 Google,289
NIU Kitchen,25.775503,-80.190439,104 NE 2nd Ave,"Miami, FL 33132",Downtown Miami,Spanish/Catalan,$$$,4.5/5 Google,329
ViceVersa,25.778706,-80.202597,398 NE 5th St,"Miami, FL 33132",Downtown Miami,Italian/Cocktail Bar,$$$,N/A,N/A
Fratesi's Pizza,25.774311,-80.192216,69 E Flagler St,"Miami, FL 33131",Brickell,Pizza,$$,4.3/5 Google,142
Over Under,25.77436,-80.19087,151 E Flagler St,"Miami, FL 33131",Brickell,American,$$$,3.9/5 Google,175
Cafe Laurel,25.780806,-80.192399,698 NE 1st Ave,"Miami, FL 33132",Downtown Miami,Cuban/French,$$,N/A,N/A
Miami Slice,25.787744,-80.193145,1335 NE Miami Ct,"Miami, FL 33132",Downtown Miami,Pizza,$$,3.9/5 Google,374
Coney Burger,25.787281,-80.19425,1306 N Miami Ave,"Miami, FL 33136",Downtown Miami,Burgers,$$,4.7/5 Google,212
Garcia's Seafood Grille & Fish Market,25.77742,-80.203691,398 NW North River Dr,"Miami, FL 33128",Downtown Miami,Seafood,$$,3.9/5 Tripadvisor,"1,052+ reviews"
Cafe Fenicia,25.788145,-80.193226,1381 NE Miami Ct,"Miami, FL 33132",Downtown Miami,Lebanese,$$,N/A,N/A
Mr. OmaKase,25.77357,-80.19064,163 SE 1st St,"Miami, FL 33131",Brickell,Sushi/Omakase,$$$,4.6/5 Google,147
Eleventh Street Pizza (Downtown),25.784549,-80.19386,1035 N Miami Ave,"Miami, FL 33136",Downtown Miami,Pizza,$$,3.8/5 Google,179
Mangrove,25.775195,-80.194962,95 NW 1st St,"Miami, FL 33128",Downtown Miami,Jamaican,$$,4.6/5 Google,125
Verde at Perez Art Museum Miami,25.785975,-80.186327,1103 Biscayne Blvd,"Miami, FL 33132",Downtown Miami,American,$$,4.3/5 Google,474
Manila Kantina,25.774421,-80.188966,245 E Flagler St,"Miami, FL 33131",Brickell,Filipino,$$,4.8/5 Google,245
Bali Cafe,25.775569,-80.190205,109 NE 2nd Ave,"Miami, FL 33132",Downtown Miami,Indonesian,$$,4.6/5 Google,286
Omakai Hand Roll Bar Downtown,25.775029,-80.190421,80 NE 2nd Ave,"Miami, FL 33132",Downtown Miami,Sushi,$$$,N/A,N/A
Bubba Gump Shrimp Co.,26.031846,-80.165681,N/A (Bayside Marketplace),"Miami, FL",Downtown Miami,American/Seafood,$$-$$$,3.8/5 Google,871
Crazy About You,25.773357,-80.1919,N/A (Downtown),"Miami, FL",Downtown Miami,American/Bar,$$-$$$,4.1/5 Tripadvisor,825+ reviews
Cafe Versailles (Downtown),26.031846,-80.165681,N/A,"Miami, FL",Downtown Miami,Latin/Cuban Cafe,$,3.5/5 Google,224
Il Gabbiano,25.771718,-80.18541,335 S Biscayne Blvd,"Miami, FL 33131",Brickell,Italian,$$$$,4.3/5 Google,407
Cafe Bastille Downtown Miami,26.031846,-80.165681,N/A,"Miami, FL",Downtown Miami,French,$$-$$$,4.4/5 Tripadvisor,415+ reviews
Casablanca Seafood Bar & Grill,25.77758,-80.204069,404 NW North River Dr,"Miami, FL 33128",Downtown Miami,Latin/Seafood,$$-$$$,3.8/5 Google,732
Madrid Tapas y Vinos,25.773357,-80.1919,N/A (Downtown),"Miami, FL",Downtown Miami,Spanish,$$-$$$,4.3/5 Google,408
Los Ranchos Steakhouse,26.031846,-80.165681,N/A (Bayside),"Miami, FL",Downtown Miami,Steakhouse/Latin,$$-$$$,3.9/5 Tripadvisor,464+ reviews
Jackson Soul Food,25.773357,-80.1919,N/A (Downtown),"Miami, FL",Downtown Miami,Soul Food/American,$,4.2/5 Google,280
Giselle Miami,25.773357,-80.1919,N/A (Downtown/Omni),"Miami, FL",Downtown Miami,Asian/Mediterranean,$$$,N/A,N/A
La Mar by Gaston Acurio,25.765836,-80.18579,"N/A (Mandarin Oriental, Brickell Key)","Miami, FL",Brickell,Peruvian,$$$$,4.4/5 Google,704
Pastis Miami,26.031846,-80.165681,N/A (Wynwood),"Miami, FL",Wynwood,French Bistro,$$$,4.3/5 Google,436
Hiyakawa,25.802727,-80.195349,2700 N Miami Ave,"Miami, FL 33127",Wynwood,Japanese Omakase,$$$$,4.8/5 Google,209
Lira Beirut Eatery,26.031846,-80.165681,N/A (Wynwood),"Miami, FL",Wynwood,Lebanese,$$,4.7/5 Google,380
PASTA (Wynwood),26.031846,-80.165681,N/A (Wynwood),"Miami, FL",Wynwood,Italian-Peruvian Fusion,$$,N/A,N/A
Bakan,26.031846,-80.165681,N/A (Wynwood),"Miami, FL",Wynwood,Mexican,$$-$$$,4.6/5 Google,904
Uchi Miami,26.031846,-80.165681,N/A (Wynwood),"Miami, FL",Wynwood,Japanese/Contemporary,$$$$,4.3/5 Google,824
Double Knot Miami,26.031846,-80.165681,N/A (Wynwood),"Miami, FL",Wynwood,Izakaya,$$-$$$,4.8/5 Google,140
Rishtedar,25.800006,-80.199752,232 NW 24th St,"Miami, FL 33127",Wynwood,Indian,$$,4.4/5 Google,528
Casa Tua Cucina Wynwood,26.031846,-80.165681,N/A,"Miami, FL",Wynwood,Italian,$$$,N/A,N/A
Pari Pari Hand Roll Bar,26.031846,-80.165681,N/A (Wynwood),"Miami, FL",Wynwood,Japanese,$$,N/A,N/A
Hiden,25.800844,-80.201376,313 NW 25th St,"Miami, FL 33127",Wynwood,Japanese Omakase (Michelin),$$$$,4.8/5 Google,159
Shiso,25.803172,-80.200038,239 NW 28th St,"Miami, FL 33127",Wynwood,Asian Smokehouse,$$$,4.7/5 Google,137
KYU,25.800848,-80.200204,251 NW 25th St,"Miami, FL 33127",Wynwood,Asian Fusion/Wood-fired,$$-$$$,4.3/5 Google,724
Doya,25.800255,-80.201449,347 NW 24th St,"Miami, FL 33127",Wynwood,Greek/Aegean,$$$,4.4/5 Google,1321
Ghee Indian Kitchen (Wynwood),25.800083,-80.196272,63 NW 24th St,"Miami, FL 33127",Wynwood,Indian,$$-$$$,N/A,N/A
R House Wynwood,26.031846,-80.165681,N/A,"Miami, FL",Wynwood,American,$$-$$$,4.6/5 Google,725
Chimba,25.819264,-80.193251,N/A (Midtown/Wynwood),"Miami, FL",Wynwood,Latin/Argentinean,$$-$$$,4.8/5 Google,320
Salumeria 104 (Midtown),25.819264,-80.193251,N/A (Midtown Miami),"Miami, FL",Midtown,Italian,$$-$$$,4.5/5 Tripadvisor,459+ reviews
Joeys Wynwood Cafe,26.031846,-80.165681,N/A,"Miami, FL",Wynwood,Italian,$$-$$$,4.0/5 Tripadvisor,389+ reviews
Suviche - Sushi And Ceviche,26.031846,-80.165681,N/A (Wynwood),"Miami, FL",Wynwood,Japanese/Peruvian,$$-$$$,4.2/5 Tripadvisor,234+ reviews
Kush Wynwood,26.031846,-80.165681,N/A,"Miami, FL",Wynwood,American,$$-$$$,4.5/5 Tripadvisor,520+ reviews
Manta Wynwood,26.031846,-80.165681,N/A,"Miami, FL",Wynwood,Japanese/Peruvian,$$-$$$,4.9/5 Google,1781
Mayami Wynwood,26.031846,-80.165681,N/A,"Miami, FL",Wynwood,Asian/Bar,$$-$$$,4.5/5 Tripadvisor,150+ reviews
Morgans Restaurant,26.031846,-80.165681,N/A (Wynwood),"Miami, FL",Wynwood,American/International,$$-$$$,4.0/5 Tripadvisor,329+ reviews
doma,26.031846,-80.165681,N/A (Wynwood),"Miami, FL",Wynwood,Italian/Mediterranean,$$-$$$,4.6/5 Tripadvisor,87+ reviews
Le Chick Miami,26.031846,-80.165681,N/A (Wynwood),"Miami, FL",Wynwood,American/Fried Chicken,$$-$$$,4.3/5 Tripadvisor,126+ reviews
Crudos Fusion Art Restaurant,26.031846,-80.165681,N/A (Wynwood),"Miami, FL",Wynwood,Japanese/Sushi,$$-$$$,4.5/5 Tripadvisor,84+ reviews
Ossobuco Miami Steak House,26.031846,-80.165681,N/A (Wynwood),"Miami, FL",Wynwood,Steakhouse (Michelin recommended),$$$,4.5/5 Tripadvisor,26+ reviews
1-800-Lucky,26.031846,-80.165681,N/A (Wynwood),"Miami, FL",Wynwood,Asian Food Hall,$$-$$$,3.8/5 Google,511
Grails Miami,26.031846,-80.165681,N/A (Wynwood),"Miami, FL",Wynwood,American/Sports Bar,$$,N/A,N/A
COTE Miami,25.783077,-80.190573,900 NE 2nd Ave,"Miami, FL 33137",Design District,Korean Steakhouse (Michelin),$$$$,4.4/5 Google,643
Torno Subito,26.031846,-80.165681,N/A (Moore Building),"Miami, FL",Design District,Italian,$$-$$$,4.2/5 Google,280
Le Jardinier,25.813536,-80.194401,151 NE 41st St Ste 135,"Miami, FL 33137",Design District,French (Michelin),$$$$,3.9/5 Google,509
Contessa Miami,25.81281,-80.19137,N/A (Design District),"Miami, FL",Design District,Northern Italian,$$$$,3.8/5 Google,517
Matsuyoi,25.81369,-80.12648,N/A (above Nami Nori),"Miami, FL",Design District,Japanese,$$$$,N/A,N/A
Nami Nori,25.81281,-80.19137,N/A (Design District),"Miami, FL",Design District,Japanese/Temaki,$$,N/A,N/A
L'Atelier de Joel Robuchon,25.813536,-80.194401,151 NE 41st St,"Miami, FL 33137",Design District,French (2 Michelin Stars),$$$$,4.2/5 Tripadvisor,73+ reviews
Jass Kitchen (El Turco),25.852419,-80.192986,N/A (Upper Buena Vista),"Miami, FL",Design District,Turkish (Bib Gourmand),$$,4.7/5 Google,512
Michael's Genuine Food & Drink,25.813275,-80.192689,130 NE 40th St,"Miami, FL 33137",Design District,American,$$-$$$,4.0/5 Google,1065
Mandolin Aegean Bistro,25.815927,-80.191621,4312 NE 2nd Ave,"Miami, FL 33137",Design District,Greek/Turkish,$$-$$$,4.4/5 Google,754
Mother Wolf,25.81281,-80.19137,N/A (Design District),"Miami, FL",Design District,Italian,$$$$,4.7/5 Google,132
MC Kitchen,25.81281,-80.19137,N/A (Design District),"Miami, FL",Design District,Italian/French,$$$$,4.3/5 Google,402
Harry's Pizzeria,25.81281,-80.19137,N/A (Design District),"Miami, FL",Design District,Italian/Pizza,$$-$$$,4.2/5 Tripadvisor,240+ reviews
Pura Vida (Design District),26.031846,-80.165681,N/A,"Miami, FL",Design District,Healthy/Cafe,$$-$$$,4.6/5 Google,641
Itamae,25.81281,-80.19137,N/A (Design District),"Miami, FL",Design District,Japanese/Peruvian,$$-$$$,4.6/5 Tripadvisor,14+ reviews
Baccarat,25.81281,-80.19137,N/A (Design District),"Miami, FL",Design District,French,$$$$,4.7/5 Tripadvisor,12+ reviews
Buena Vista Deli,26.031846,-80.165681,N/A,"Miami, FL",Design District,French/European,$$-$$$,4.0/5 Google,263
Swan,25.81281,-80.19137,N/A (Design District),"Miami, FL",Design District,American,$$$$,3.7/5 Google,578
Sofia Design District,26.031846,-80.165681,N/A,"Miami, FL",Design District,Italian,$$$$,4.3/5 Tripadvisor,10+ reviews
Mia Market,25.81281,-80.19137,N/A (Design District),"Miami, FL",Design District,Italian/Japanese,$,4.8/5 Tripadvisor,6+ reviews
Enriqueta's Sandwich Shop,25.80394,-80.19143,186 NE 29th St,"Miami, FL 33137",Design District,Cuban,$,4.5/5 Google,355
Amara at Paraiso,25.806445,-80.1856,3101 NE 7th Ave,"Miami, FL 33137",Design District,Latin/Seafood,$$$$,3.7/5 Google,1461
Aoko,25.79921,-80.191069,2304 NE 2nd Ave,"Miami, FL 33137",Design District,Sushi/Japanese,$$$,4.9/5 Google,89
Palo Quemao,25.799994,-80.188786,350 NE 24th St #109,"Miami, FL 33137",Design District,Colombian,$$,4.5/5 Google,378
La Latina,25.809579,-80.190933,3509 NE 2nd Ave,"Miami, FL 33137",Design District,Venezuelan,$$,4.4/5 Google,346
Klaw,25.792091,-80.185912,1737 N Bayshore Dr,"Miami, FL 33132",Downtown Miami,Steakhouse/Seafood,$$$$,4.4/5 Google,638
Sabor A Peru,25.804812,-80.189197,2927 Biscayne Blvd,"Miami, FL 33137",Design District,Peruvian,$$,N/A,N/A
Rincon Escondido Tapas,25.802718,-80.189019,2697 Biscayne Blvd,"Miami, FL 33137",Design District,Spanish/Argentinian,$$,N/A,N/A
Tanka,25.791389,-80.186441,1717 N Bayshore Dr Suite 131,"Miami, FL 33132",Downtown Miami,Chinese,$$$,4.4/5 Google,321
Mignonette,25.793332,-80.190475,210 NE 18th St,"Miami, FL 33132",Downtown Miami,Oyster Bar/Seafood,$$$,N/A,N/A
Kraken Crudo,25.8096,-80.190925,3525 NE 2nd Ave,"Miami, FL 33137",Design District,Sushi/Raw Bar/Floribbean,$$$,4.4/5 Google,166
Amor di Pasta,25.79935,-80.191071,2320 NE 2nd Ave,"Miami, FL 33137",Design District,Italian,$$,4.3/5 Google,380
Sylvano's,25.80045,-80.191173,2426 NE 2nd Ave,"Miami, FL 33137",Design District,Italian,$$,N/A,N/A
Pizza Pazza,25.793876,-80.189501,275 NE 18th St,"Miami, FL 33132",Downtown Miami,Neapolitan Pizza,$$,4.6/5 Google,339
Rice Mediterranean Kitchen,25.801387,-80.189509,2500 Biscayne Blvd,"Miami, FL 33137",Design District,Persian/Mediterranean,$$,4.3/5 Google,333
Plant Miami,25.800084,-80.1928,105 NE 24th St,"Miami, FL 33137",Design District,Vegan/Kosher,$$$,N/A,N/A
NOA Cafe,25.802984,-80.190857,2711 NE 2nd Ave,"Miami, FL 33137",Design District,International Fusion,$$,4.5/5 Google,321
Mamacita Miami,26.031846,-80.165681,N/A (Edgewater),"Miami, FL",Downtown Miami,Latin,N/A,N/A,N/A
La Bottega Miami,26.031846,-80.165681,N/A (Edgewater),"Miami, FL",Downtown Miami,Italian,N/A,N/A,N/A
Blackbrick Chinese & Dim Sum,25.809387,-80.192311,3451 NE 1st Ave,"Miami, FL 33137",Design District,Chinese/Dim Sum,$$,N/A,N/A
Ayesha,25.807263,-80.193817,120 Buena Vista Blvd,"Miami, FL 33137",Design District,Indian,$$$,N/A,N/A
Lagniappe,25.80905,-80.19101,3425 NE 2nd Ave,"Miami, FL 33137",Design District,Small Plates/Charcuterie/Wine Bar,$$,4.7/5 Google,695
La Cabrera (Midtown),26.031846,-80.165681,N/A (Midtown),"Miami, FL",Midtown,Peruvian,$$$,N/A,N/A
Tap 42 Midtown Miami,26.031846,-80.165681,N/A,"Miami, FL",Midtown,American/Bar,$$-$$$,3.9/5 Tripadvisor,101+ reviews
100 Montaditos Midtown,26.031846,-80.165681,N/A,"Miami, FL",Midtown,Spanish,$,4.4/5 Google,270
Ol'days Farm To Table,26.031846,-80.165681,N/A (Midtown),"Miami, FL",Midtown,Cafe/International,$$-$$$,4.3/5 Google,395
Mau Miami,26.031846,-80.165681,N/A (Midtown),"Miami, FL",Midtown,Mediterranean,$$$$,4.2/5 Tripadvisor,33+ reviews
Prohibition Restaurant and Speakeasy,26.031846,-80.165681,N/A (Midtown),"Miami, FL",Midtown,American/Bar,$$$$,4.0/5 Tripadvisor,118+ reviews
Spris Artisan Pizza,26.031846,-80.165681,N/A (Midtown),"Miami, FL",Midtown,Italian/Pizza,$,4.3/5 Tripadvisor,101+ reviews
CRAFT Midtown,26.031846,-80.165681,N/A,"Miami, FL",Midtown,American/Pizza,$$-$$$,5.0/5 Google,114
La Picana Grill,26.031846,-80.165681,N/A (Omni),"Miami, FL",Downtown Miami,Argentinian Steakhouse,N/A,N/A,N/A
Francisca Charcoal Chicken & Meats (Omni),26.031846,-80.165681,N/A (Omni),"Miami, FL",Downtown Miami,Latin/Grill,N/A,N/A,N/A
Casadonna,26.031846,-80.165681,N/A (Omni),"Miami, FL",Downtown Miami,Coastal Italian,N/A,3.7/5 Google,669
Ariete,25.725244,-80.245046,3540 Main Hwy,"Coconut Grove, FL 33133",Coconut Grove,Cuban-American Fine Dining,$$$$,4.2/5 Google,563
Drinking Pig BBQ,25.727402,-80.243395,3444 Main Hwy Ste 16,"Miami, FL 33133",Coconut Grove,Barbecue,$$,4.8/5 Google,233
Shore To Door Fish Market,25.728042,-80.253767,3380 Douglas Rd,"Miami, FL 33133",Coconut Grove,Seafood,$$$,4.7/5 Google,160
Le Bouchon Du Grove,25.727696,-80.242888,3430 Main Hwy,"Coconut Grove, FL 33133",Coconut Grove,French Bistro,$$$,4.5/5 Google,919
Chug's Diner,25.727402,-80.243395,3444 Main Hwy Ste 21,"Miami, FL 33133",Coconut Grove,Cuban-American Diner,$$,4.0/5 Google,348
Chuggie's,25.727402,-80.243395,3444 Main Hwy,"Miami, FL 33133",Coconut Grove,Burgers,$$,4.7/5 Google,122
Midorie,25.727402,-80.243395,3444 Main Hwy,"Miami, FL 33133",Coconut Grove,Japanese/Sushi,$$$$,4.7/5 Google,125
The Original Daily Bread Marketplace,25.741736,-80.234222,2400 SW 27th St,"Miami, FL 33133",Coconut Grove,Middle Eastern,$$,4.2/5 Google,326
Krus Kitchen,25.727665,-80.24251,3413 Main Hwy,"Miami, FL 33133",Coconut Grove,American/Natural Wine,$$$,4.5/5 Google,346
Los Felix,25.727665,-80.24251,3413 Main Hwy,"Coconut Grove, FL 33133",Coconut Grove,Mexican/Farm-to-Table,$$$,4.3/5 Google,383
Barracuda Taphouse & Grill,25.72778,-80.24323,3035 Fuller St,"Miami, FL 33133",Coconut Grove,Bar Food/American,$$,4.1/5 Google,285
Loretta & The Butcher,25.727696,-80.244636,3195 Commodore Plaza,"Miami, FL 33133",Coconut Grove,Argentinian Steakhouse,$$$,4.4/5 Google,354
Bombay Darbar (Coconut Grove),25.729235,-80.240901,2901 Florida Ave,"Coconut Grove, FL 33133",Coconut Grove,Indian,$$$,4.7/5 Google,1280
Glass & Vine,25.7266,-80.241042,2820 McFarlane Rd,"Miami, FL 33133",Coconut Grove,Contemporary/Latin,$$$,4.3/5 Google,967
GreenStreet Cafe,25.726752,-80.24398,3468 Main Hwy,"Coconut Grove, FL 33133",Coconut Grove,American/Mediterranean,$$$,4.3/5 Google,985+ reviews
Isabelle's Grill Room and Garden,25.730602,-80.237984,3300 SW 27th Ave,"Miami, FL 33133",Coconut Grove,American (Ritz-Carlton),$$$$,4.1/5 Google,177
Sadelle's,25.72969,-80.239157,3321 Mary St,"Miami, FL 33133",Coconut Grove,Bagels/Brunch,$$$,3.4/5 Google,332
Amal Miami,25.72658,-80.244224,3480 Main Hwy Ste 100,"Miami, FL 33133",Coconut Grove,Lebanese,$$$,4.3/5 Google,956
Eva,25.728539,-80.242102,3015 Grand Ave #120,"Coconut Grove, FL 33133",Coconut Grove,Mediterranean Bistro,$$$,4.9/5 Google,130
The Last Carrot,25.72838,-80.244091,3133 Grand Ave,"Miami, FL 33133",Coconut Grove,Vegetarian/Health Food,$$,N/A,N/A
Bellini,25.727802,-80.242176,2988 McFarlane Rd,"Miami, FL 33133",Coconut Grove,Italian,$$$,3.9/5 Google,3905
Mister 01 Extraordinary,25.728539,-80.242102,3015 Grand Ave Ste 165,"Miami, FL 33133",Coconut Grove,Italian Pizza,$$,4.9/5 Google,1615
Pauloluigi,25.735755,-80.239577,2859 Bird Ave,"Coconut Grove, FL 33133",Coconut Grove,Italian,$$,4.9/5 Google,191
Omakai Sushi,25.729865,-80.239617,3304 Mary St,"Miami, FL 33133",Coconut Grove,Japanese Omakase,$$$$,4.8/5 Google,785
Sushi by Scratch,25.725244,-80.245046,3540 Main Hwy,"Coconut Grove, FL 33133",Coconut Grove,Japanese Omakase,$$$$,4.5/5 Google,136
Sushi Garage,25.728539,-80.242102,3015 Grand Ave,"Coconut Grove, FL 33133",Coconut Grove,Japanese/Sushi,$$$,4.4/5 Google,757
Varsol Sushi Bar,25.727472,-80.242645,3423 Main Hwy,"Coconut Grove, FL 33133",Coconut Grove,Japanese/Sushi,$$$,4.6/5 Google,332
Aida Mexican Food,25.729823,-80.239619,3306 Mary St,"Miami, FL 33133",Coconut Grove,Mexican,$$,4.6/5 Google,240
Bartaco (Coconut Grove),25.726986,-80.244373,3112 Commodore Plaza,"Miami, FL 33133",Coconut Grove,Mexican Tacos,$$,4.7/5 Google,1078
El Taquito,25.727866,-80.242681,3410 Main Hwy,"Miami, FL 33133",Coconut Grove,Mexican,$$,3.2/5 Google,201
Koko (by Bakan),25.73006,-80.23924,2856 Tigertail Ave,"Coconut Grove, FL 33133",Coconut Grove,Mexican (Wood-fired),$$$,4.4/5 Google,716
Berries in the Grove,25.738174,-80.238042,2884 SW 27th Ave,"Coconut Grove, FL 33133",Coconut Grove,American/Brunch,$$,4.3/5 Google,495
Calista Cafe,25.729392,-80.240357,3333 Rice St,"Coconut Grove, FL 33133",Coconut Grove,Greek Cafe,$$,4.6/5 Google,80
Judith's Market,25.727241,-80.255927,3870 Grand Ave,"Miami, FL 33133",Coconut Grove,Cafe/Market,$$,4.9/5 Google,68
Botanico Gin & Cookhouse,25.728539,-80.242102,3015 Grand Ave,"Coconut Grove, FL 33133",Coconut Grove,Gastropub,$$$,4.0/5 Google,85
The Commodore,25.730602,-80.237984,3300 SW 27th Ave,"Miami, FL 33133",Coconut Grove,American Bar (Ritz-Carlton),$$$,N/A,N/A
Happy Wine in the Grove,25.735702,-80.239357,2833 Bird Ave,"Miami, FL 33133",Coconut Grove,Wine Bar/Tapas,$$$,4.5/5 Google,686
Sipsip,25.728851,-80.24108,3000 Florida Ave,"Miami, FL 33133",Coconut Grove,Tiki Bar/Caribbean,$$$,4.3/5 Google,59
Bayshore Club,25.728676,-80.234191,3391 Pan American Dr,"Miami, FL 33133",Coconut Grove,Seafood/Peruvian,$$$,4.8/5 Google,2408
Monty's Raw Bar,25.732323,-80.23259,2550 S Bayshore Dr,"Miami, FL 33133",Coconut Grove,Seafood,$$$,4.2/5 Google,"1,533+ reviews"
Regatta Grove,25.729046,-80.233044,3415 Pan American Dr,"Coconut Grove, FL 33133",Coconut Grove,Multi-concept Seafood/Aussie/Pizza,$$$,4.3/5 Google,1238
Ava MediterrAegean,25.727312,-80.240642,2889 McFarlane Rd,"Miami, FL 33133",Coconut Grove,Mediterranean,$$$,4.8/5 Google,2124
Carbone Vino,25.72844,-80.240602,2911 Grand Ave Ste 194,"Coconut Grove, FL 33133",Coconut Grove,Italian,$$$$,4.5/5 Google,239
Flanigan's Seafood Bar & Grill (Coconut Grove),25.735738,-80.238314,2721 Bird Ave,"Coconut Grove, FL 33133",Coconut Grove,Seafood,$$,4.1/5 Google,774
Meraki in the Grove,25.72705,-80.243661,3462 Main Hwy,"Miami, FL 33133",Coconut Grove,Greek,$$$,4.5/5 Google,468
Sapore di Mare,25.727327,-80.242861,3433 Main Hwy,"Miami, FL 33133",Coconut Grove,Italian Seafood,$$$$,4.4/5 Google,614
Daniel's Miami,25.705159,-80.282417,1500 San Ignacio Ave,"Coral Gables, FL 33146",Coral Gables,Steakhouse,$$$$,4.7/5 Google,165
La Casita,25.764852,-80.257516,3805 SW 8th St,"Coral Gables, FL 33134",Coral Gables,Cuban,$$$,4.5/5 Google,354
Zitz Sum,25.751286,-80.262276,396 Alhambra Circle,"Coral Gables, FL 33134",Coral Gables,Chinese Fusion,$$$,4.5/5 Google,207
Casa MX,25.747225,-80.254318,2345 SW 37th Ave,"Miami, FL 33145",Little Havana,Mexican,$$$,8.3/10 Infatuation,N/A
Frankie & Wally's,25.745332,-80.259327,216 Palermo Ave,"Coral Gables, FL 33134",Coral Gables,Sandwiches,$$,9.0/10 Infatuation,N/A
Tinta y Cafe,25.75919,-80.2585,1315 Ponce de Leon Blvd,"Coral Gables, FL 33134",Coral Gables,Cuban,$$,3.9/5 Google,404
Luca Osteria,25.751215,-80.257188,116 Giralda Ave,"Coral Gables, FL 33134",Coral Gables,Italian,$$$,4.3/5 Google,692
Frenchie's Diner,25.74768,-80.256695,2618 Galiano St,"Coral Gables, FL 33134",Coral Gables,French-American,$$$,4.3/5 Google,191
Tina In The Gables,25.728631,-80.262048,4700 S Le Jeune Rd,"Coral Gables, FL 33146",Coral Gables,Latin/Cafe-Diner,$$,3.9/5 Google,145
Pastor At Pascal,25.747587,-80.258425,2611 Ponce de Leon Blvd,"Coral Gables, FL 33134",Coral Gables,French,$$$$,4.0/5 Google,369
Sanguich Coral Gables,25.745848,-80.257116,111 Palermo Ave,"Coral Gables, FL 33134",Coral Gables,Cuban Sandwiches,$$,9.0/10 Infatuation,N/A
Shingo,25.753036,-80.256622,112 Alhambra Cir,"Coral Gables, FL 33134",Coral Gables,Japanese Omakase,$$$$,4.9/5 Google,118
Caffe Abbracci,25.750114,-80.261173,318 Aragon Ave,"Coral Gables, FL 33134",Coral Gables,Northern Italian,$$$,4.4/5 Google,428
Bouchon Bistro,25.753074,-80.256954,2101 Galiano St,"Coral Gables, FL 33134",Coral Gables,French Bistro,$$$,4.0/5 Google,209
Kojin 2.0,25.764206,-80.259491,804 Ponce de Leon Blvd,"Coral Gables, FL 33134",Coral Gables,Japanese-Miami Fusion,$$$,4.6/5 Google,99
Beauty & The Butcher,25.704984,-80.285208,6915 SW 57th Ave,"South Miami, FL 33143",South Miami,American Steakhouse,$$$,4.6/5 Google,738
The Cafe At Books & Books,25.750597,-80.260035,265 Aragon Ave,"Coral Gables, FL 33134",Coral Gables,American Cafe,$$,4.6/5 Google,191
Levant,25.74899,-80.258358,2415 Ponce de Leon Blvd,"Coral Gables, FL 33134",Coral Gables,Middle Eastern,$$$,4.6/5 Google,362
Shadow Wagyu,25.728649,-80.262039,4702 S Le Jeune Rd,"Coral Gables, FL 33134",Coral Gables,Japanese Wagyu Butcher,$$$,8.4/10 Infatuation,N/A
Zucca,25.752894,-80.258495,162 Alcazar Ave,"Coral Gables, FL 33134",Coral Gables,Italian,$$$,4.5/5 Google,875
Elyu Omakase,25.749623,-80.258571,La Palma Building,"Coral Gables, FL 33134",Coral Gables,Japanese-Filipino Omakase,$$$$,4.9/5 Google,102
Caffe Vialetto,25.734312,-80.261825,4019 Le Jeune Rd,"Coral Gables, FL 33146",Coral Gables,Italian-Latin-Caribbean Fusion,$$$,4.4/5 Google,293
Christy's,25.743982,-80.258166,3101 Ponce De Leon Blvd,"Coral Gables, FL 33134",Coral Gables,Steakhouse,$$$$,N/A,N/A
Fratellino,25.749171,-80.26012,264 Miracle Mile,"Coral Gables, FL 33134",Coral Gables,Italian,$$$,4.8/5 Google,396
Graziano's Restaurant,25.750763,-80.262664,394 Giralda Ave,"Coral Gables, FL 33134",Coral Gables,Argentine Steakhouse,$$$,4.2/5 Google,566
Havana Harry's,25.72913,-80.262028,4612 S Le Jeune Rd,"Coral Gables, FL 33146",Coral Gables,Cuban,$$,4.8/5 Google,2499
Hillstone (Coral Gables),25.749844,-80.258885,201 Miracle Mile,"Coral Gables, FL 33134",Coral Gables,American,$$$,3.8/5 Google,551
Ichimi,25.750052,-80.260827,2330 Salzedo St,"Coral Gables, FL 33134",Coral Gables,Japanese Ramen,$$,4.0/5 Google,409
Mika,25.7447,-80.25824,3007 Ponce de Leon Blvd,"Coral Gables, FL 33134",Coral Gables,Mediterranean Italian,$$$$,4.8/5 Google,152
Talavera Cocina Mexicana,25.751337,-80.258552,2299 Ponce de Leon Blvd,"Coral Gables, FL 33134",Coral Gables,Mexican,$$$,4.3/5 Google,792
Tullio,25.748598,-80.257913,160 Andalusia Ave,"Coral Gables, FL 33134",Coral Gables,Venetian Seafood,$$$$,4.7/5 Google,370
Vinya Table,25.749215,-80.260165,266 Miracle Mile,"Coral Gables, FL 33134",Coral Gables,Mediterranean/Wine,$$$,4.6/5 Google,240
Bulla Gastrobar (Coral Gables),25.748525,-80.258888,2500 Ponce De Leon Blvd,"Coral Gables, FL 33134",Coral Gables,Spanish Tapas,$$$,4.8/5 Google,2327
TUR Kitchen,25.751259,-80.259906,259 Giralda Ave,"Coral Gables, FL 33134",Coral Gables,Mediterranean,$$$,N/A,242+ reviews
Threefold Cafe,25.751441,-80.257731,141 Giralda Ave,"Coral Gables, FL 33134",Coral Gables,Australian Breakfast/Cafe,$$,4.7/5 Google,327
Seasons 52 (Coral Gables),25.762836,-80.311844,N/A,"Coral Gables, FL",Coral Gables,American,$$$,4.7/5 Google,711
John Martin's Irish Pub & Restaurant,25.749844,-80.259789,253 Miracle Mile,"Coral Gables, FL 33134",Coral Gables,Irish,$$$,4.3/5 Google,347
El Carajo,25.746707,-80.221543,2465 SW 17th Ave,"Miami, FL 33145",Little Havana,Spanish/Wine Bar,$$,4.2/5 Google,448
Palma,25.776419,-80.207984,240 NW 8th Ave,"Miami, FL 33128",Downtown Miami,American,$$$$,4.7/5 Google,105
Sanguich Little Havana,25.765594,-80.228654,2057 SW 8th St,"Miami, FL 33135",Little Havana,Cuban Sandwiches,$$,9.0/10 Infatuation,N/A
Cafe La Trova,25.766105,-80.210452,971 SW 8th St,"Miami, FL 33130",Downtown Miami,Cuban,$$$,4.5/5 Google,897
El Rey De Las Fritas,25.765657,-80.22511,1821 SW 8th St,"Miami, FL 33135",Little Havana,Cuban (Fritas),$$,4.6/5 Google,455
Lung Yai Thai Tapas,25.76581,-80.223285,1731 SW 8th St,"Miami, FL 33135",Little Havana,Thai,$$,3.6/5 Google,552
Bite Sandwich,25.772149,-80.221171,1576 SW 1st St,"Miami, FL 33135",Little Havana,Sandwiches,$$,8.0/10 Infatuation,N/A
Paseo Catracho,25.765864,-80.208016,824 SW 8th St,"Miami, FL 33130",Downtown Miami,Honduran,$$,4.5/5 Google,534
Mofongo,25.765463,-80.221903,1672 SW 8th St,"Miami, FL 33135",Little Havana,Puerto Rican,$$,4.5/5 Google,730
La Carreta (Little Havana),25.764445,-80.253852,3632 SW 8th St,"Miami, FL 33135",Little Havana,Cuban,$$,7.7/10 Infatuation,N/A
Shawarma Al Basha,25.76598,-80.20167,440 SW 8th St,"Miami, FL 33130",Downtown Miami,Middle Eastern,$$,7.7/10 Infatuation,N/A
Fritanga Cana Brava,25.779714,-80.234653,2361 NW 7th St,"Miami, FL 33125",Allapattah,Nicaraguan,$$,8.5/10 Infatuation,N/A
Casa Juancho,25.764961,-80.235795,2436 SW 8th St,"Miami, FL 33135",Little Havana,Spanish,$$$$,4.3/5 Google,578
El Rincon Asturiano,25.77093,-80.222516,225 SW 17th Ave,"Miami, FL 33135",Little Havana,Spanish,$$$,4.6/5 Google,276
La Camaronera Fish Market,25.772549,-80.227571,1952 W Flagler St,"Miami, FL 33135",Little Havana,Cuban Seafood,$$,4.1/5 Google,365
Mi Rinconcito Mexicano,25.76568,-80.227896,1961 SW 8th St,"Miami, FL 33135",Little Havana,Mexican,$$,4.5/5 Google,475
Tin Tin,25.765385,-80.237584,2555 SW 8th St,"Miami, FL 33135",Little Havana,Cuban,$$,4.7/5 Google,404
Rakachaka Grill Y Mas,25.772285,-80.216043,1280 SW 1st St,"Miami, FL 33135",Little Havana,Nicaraguan,$$,8.1/10 Infatuation,N/A
Ahi Sushi Bar,25.765844,-80.22005,1527 SW 8th St,"Miami, FL 33135",Little Havana,Sushi,$$,7.8/10 Infatuation,N/A
El Atlacatl,25.765094,-80.246817,3199 SW 8th St,"Miami, FL 33135",Little Havana,Salvadoran,$$,4.8/5 Google,638
Cardon y el Tirano,25.7651,-80.251468,3411 SW 8th St,"Miami, FL 33135",Little Havana,Asian-Venezuelan Fusion,$$$,N/A,N/A
LeKoke Wine & Bites,25.765951,-80.215053,1225 SW 8th St,"Miami, FL 33130",Downtown Miami,Spanish Tapas,$$$,N/A,N/A
Miami Smokers,25.77572,-80.239447,306 NW 27th Ave,"Miami, FL 33125",Allapattah,BBQ/Smokehouse,$$,N/A,N/A
Taqueria Viva Mexico,25.768523,-80.214767,502 SW 12th Ave,"Miami, FL 33130",Downtown Miami,Mexican,$$,4.5/5 Google,205
Versailles Restaurant,25.765025,-80.252821,3555 SW 8th St,"Miami, FL 33135",Little Havana,Cuban,$$,4.5/5 Google (4.2/5 Tripadvisor),"26,000+ Google reviews"
Ball & Chain,25.76587,-80.2198,1513 SW 8th St,"Miami, FL 33135",Little Havana,Cuban/Live Music,$$$,4.4/5 Google,945
El Exquisito,25.765601,-80.219958,1510 SW 8th St,"Miami, FL 33135",Little Havana,Cuban,$$,N/A,N/A
Islas Canarias,25.775218,-80.23881,285 NW 27th Ave,"Miami, FL 33125",Allapattah,Cuban/Canarian,$$,N/A,N/A
El Palacio de los Jugos,25.75811,-80.238305,1545 SW 27th Ave,"Miami, FL 33145",Little Havana,Cuban,$,4.1/5 Google,497
El Cristo Restaurant,25.765871,-80.220378,1543 SW 8th St,"Miami, FL 33135",Little Havana,Cuban,$$,4.4/5 Google,499
Guantanamera Cafe & Lounge,25.765832,-80.219336,1465 SW 8th St Ste 105,"Miami, FL 33135",Little Havana,Cuban/Cigar Lounge,$$,N/A,N/A
El Mago De Las Fritas,25.763405,-80.246083,SW 8th St,"Miami, FL 33135",Little Havana,Cuban (Fritas),$$,4.8/5 Google,387
El Pub,25.763405,-80.246083,SW 8th St,"Miami, FL 33135",Little Havana,Cuban,$$,4.4/5 Google,782
Sala'o Cuban Restaurant & Bar,25.76548,-80.221559,1642 SW 8th St,"Miami, FL 33135",Little Havana,Cuban,$$$,4.9/5 Google,2220
Ciao Havana,25.765549,-80.221084,1620 SW 8th St,"Miami, FL 33135",Little Havana,Cuban-Italian,$$$,4.7/5 Google,86
Habana Con B,25.763405,-80.246083,SW 8th St,"Miami, FL 33135",Little Havana,Cuban,$$,4.9/5 Google,107
Old's Havana Cuban Bar & Cocina,25.765588,-80.21922,1442 SW 8th St,"Miami, FL 33135",Little Havana,Cuban,$$,4.9/5 Google,5005
Tumbao Calle 8,25.763405,-80.246083,SW 8th St,"Miami, FL 33135",Little Havana,Cuban/Latin,$$,N/A,N/A
Plaza Seafood Market,25.80559,-80.22398,3114 NW 17th Ave,"Miami, FL 33142",Allapattah,Seafood,$$,8.4/10 Infatuation,N/A
Tipico Hondureño,25.805048,-80.207547,3002 NW 7th Ave,"Miami, FL 33127",Wynwood,Honduran,$$,3.6/5 Google,68
Papo Llega Y Pon,25.803494,-80.223853,2928 NW 17th Ave,"Miami, FL 33142",Allapattah,Sandwiches/Cuban,$,7.7/10 Infatuation,N/A
Slab Daddy BBQ,25.795468,-80.208888,795 NW 20th St,"Miami, FL 33127",Wynwood,BBQ,$$,8.1/10 Infatuation,N/A
Subs On The Run,25.802899,-80.207168,2801 NW 7th Ave,"Miami, FL 33127",Wynwood,Sandwiches,$,7.4/10 Infatuation,N/A
Jon & Vinny's,25.798681,-80.214193,1100 NW 23rd St,"Miami, FL 33127",Wynwood,Italian,$$$,7.6/10 Infatuation,N/A
Ranchito Mi Peru 2,25.795502,-80.232849,2102 NW 22nd Ct,"Miami, FL 33142",Allapattah,Peruvian,$$,7.9/10 Infatuation,N/A
Conch Town USA,25.809976,-80.223765,3637 NW 17th Ave,"Miami, FL 33142",Allapattah,Bahamian Seafood,$$,8.3/10 Infatuation,N/A
Club Tipico Dominicano,25.809556,-80.218495,1344 NW 36th St,"Miami, FL 33142",Allapattah,Dominican,$$,4.2/5 Google,362
Mexico 1810 Taqueria,25.809314,-80.225504,1778 NW 36th St,"Miami, FL 33142",Allapattah,Mexican,$$,4.2/5 Google,248
Hometown Barbecue,25.79752,-80.216275,1200 NW 22nd St,"Miami, FL 33142",Allapattah,BBQ,$$,4.1/5 Google,451
Jacqueline's Fried Chicken,25.809431,-80.224171,1702 NW 36th St,"Miami, FL 33142",Allapattah,Dominican Fried Chicken,$,7.3/10 Infatuation,N/A
Kiki On The River,25.777815,-80.204996,450 NW North River Dr,"Miami, FL 33128",Downtown Miami,Greek/Mediterranean,$$$$,3.4/5 Google,795
Clive's Cafe,25.829322,-80.200516,5890 NW 2nd Ave,"Miami, FL 33127",Wynwood,Jamaican,$$,4.2/5 Google,294
Fiorito,25.827068,-80.191706,5555 NE 2nd Ave,"Miami, FL 33137",Design District,Argentinian,$$$,4.5/5 Google,663
Cuckoo Clock Brauhaus,25.8255,-80.197752,99 NW 54th St,"Miami, FL 33127",Wynwood,German,$$$,4.9/5 Google,151
Naomi's Garden Restaurant & Lounge,25.839547,-80.207886,650 NW 71st St,"Miami, FL 33150",Little Haiti,Caribbean/Haitian,$$,3.7/5 Google,370
Sur,25.830105,-80.20008,5929 NW 2nd Ave,"Miami, FL 33127",Wynwood,Argentinian,$$$,8.3/10 Infatuation,N/A
Chef Creole Seasoned Kitchen,25.82495,-80.200259,200 NW 54th St,"Miami, FL 33127",Wynwood,Haitian/Creole/Bahamian,$$,4.6/5 Google,706
Piman Bouk Restaurant,25.830577,-80.192427,5932 NE 2nd Ave,"Miami, FL 33137",Design District,Haitian,$$,3.5/5 Google,162
Chez Le Bebe,25.825141,-80.193466,114 NE 54th St,"Miami, FL 33137",Design District,Haitian,$,3.4/5 Google,134
Boia De,25.824096,-80.191394,5205 NE 2nd Ave,"Miami, FL 33137",Design District,Italian (Michelin Star),$$$$,4.6/5 Google,328
CVI.CHE 105 Dadeland Mall,25.688852,-80.309955,7276 SW 88th St (Dadeland Mall),"Kendall, FL",Kendall,Peruvian,$$-$$$,5.0/5 Google,39574
The Cheesecake Factory (Dadeland Mall),25.688836,-80.310385,7301 N Kendall Dr,"Kendall, FL",Kendall,American,$$-$$$,4.1/5 Google,4643
Apocalypse BBQ,25.687968,-80.393607,8695 SW 124th Ave,"Miami (Kendall), FL 33176",Kendall,BBQ,$$,4.5/5 Google,575
Jamaica Kitchen,25.70172,-80.334824,8736 SW 72nd St,"Miami (Kendall), FL 33173",Kendall,Jamaican,$,4.5/5 Google,725
Ghee Indian Kitchen (Kendall),25.687197,-80.312752,8965 SW 72nd Pl,"Kendall, FL 33156",Kendall,Indian,$$,4.3/5 Google,1310
Zaytona Grill,25.653914,-80.399541,12388 SW 127th Ave,"Miami (Kendall), FL 33186",Kendall,Mediterranean,$$,5.0/5 Google,171
Fonda Sabaneta,25.76907,-80.338142,8766 W Flagler St,"Miami (Sweetwater/Fontainebleau), FL 33174",Sweetwater,Colombian,$$,4.9/5 Google,7081
Aladdin Market & Grill,25.712611,-80.414188,5821 SW 137th Ave N,"Miami (Kendall), FL 33183",Kendall,Middle Eastern,$$,4.9/5 Google,484
Shibui Japanese Restaurant,25.701433,-80.357897,10139 SW 72nd St,"Miami (Kendall), FL 33173",Kendall,Japanese,$$,4.6/5 Google,1260
El Tambo Grill,25.70206,-80.38284,7118 SW 117th Ave,"Miami (Kendall), FL 33183",Kendall,Peruvian,$$,3.3/5 Google,334
Cafe Oriental,25.679351,-80.318686,9800 SW 77th Ave,"Miami (Kendall), FL 33156",Kendall,Japanese,$$,4.9/5 Google,147
Vegan Cuban Cuisine,25.700719,-80.349042,9640 SW 72nd St,"Miami (Kendall), FL 33173",Kendall,Cuban/Vegan,$$,4.8/5 Google,1178
Fritanga Monimbo,25.701081,-80.380948,7173 SW 117th Ave,"Miami (Kendall), FL 33183",Kendall,Nicaraguan,$$,3.7/5 Google,202
South Garden Chinese Restaurant,25.702547,-80.369018,10855 SW 72 Street,"Miami (Kendall), FL 33173",Kendall,Chinese,$$,4.1/5 Google,718
Ernesto's Mexican Taco Shop,25.685278,-80.364431,8845 SW 107th Ave,"Miami (Kendall), FL 33176",Kendall,Mexican,$$,4.1/5 Google,492
Off The Grille,25.684586,-80.38243,N/A,"West Kendall, FL",Kendall,American,$$,N/A,N/A
Mr & Mrs Bun,25.684586,-80.38243,N/A,"West Kendall, FL",Kendall,Sandwiches,$,N/A,N/A
Jealous Fork,25.684586,-80.38243,N/A,"West Kendall, FL",Kendall,American,$$,4.7/5 Google,395
Yafa Restaurant and Market,25.684586,-80.38243,N/A,"West Kendall, FL",Kendall,Middle Eastern,$$,N/A,N/A
Pesto Cafe and Grill,25.684586,-80.38243,N/A,"West Kendall, FL",Kendall,Italian,$$,4.8/5 Google,281
Two Spoons Peruvian Kitchen,25.684586,-80.38243,N/A,"West Kendall, FL",Kendall,Peruvian,$$,N/A,N/A
Antojitos Mexicanos Tenorio,25.684586,-80.38243,N/A,"West Kendall, FL",Kendall,Mexican,$,4.4/5 Google,206
FreshCo Fish Market & Grill,25.684586,-80.38243,N/A,"West Kendall, FL",Kendall,Seafood,$$,4.7/5 Google,1506
Smoke and Dough,25.684586,-80.38243,N/A,"West Kendall, FL",Kendall,BBQ,$$,4.4/5 Google,195
Umaimon,25.688574,-80.31351,N/A,"Kendall (Dadeland), FL",Kendall,Japanese,$$-$$$,N/A,N/A
Tacomiendo,25.688574,-80.31351,N/A,"Kendall (Dadeland), FL",Kendall,Mexican,$$,4.5/5 Google,180
Eleventh Street Pizza (Dadeland),25.688574,-80.31351,N/A,"Kendall (Dadeland), FL",Kendall,Pizza,$$,N/A,N/A
Texas de Brazil (Dadeland Mall),25.688836,-80.310385,7301 N Kendall Dr,"Kendall, FL",Kendall,Brazilian Steakhouse,$$$$,3.8/5 Google,568
CRAFT South Miami,26.031846,-80.165681,N/A,"South Miami, FL",South Miami,American/Pizza,$$-$$$,4.9/5 Google,468
Whisk,26.031846,-80.165681,N/A,"South Miami, FL",South Miami,American Contemporary,$$-$$$,4.3/5 Tripadvisor,352+ reviews
Captain's Tavern,26.031846,-80.165681,N/A,"South Miami, FL",South Miami,American/Seafood,$$-$$$,4.2/5 Tripadvisor,343+ reviews
Old Lisbon - South Miami,26.031846,-80.165681,N/A,"South Miami, FL",South Miami,Portuguese/Seafood,$$-$$$,4.6/5 Google,375
Cafe Panisse,26.031846,-80.165681,N/A,"South Miami, FL",South Miami,French,$$-$$$,4.6/5 Google,211
Khoury's Mediterranean Restaurant,26.031846,-80.165681,N/A,"South Miami, FL",South Miami,Lebanese/Mediterranean,$$-$$$,4.5/5 Google,170
Bougainvillea's Old Florida Tavern,26.031846,-80.165681,N/A,"South Miami, FL",South Miami,Bar/Tavern,$,4.3/5 Google,279
La Crepe Bistro,26.031846,-80.165681,N/A,"South Miami, FL",South Miami,French/Cafe,$$-$$$,4.0/5 Google,198
Cafe Bonjour,26.031846,-80.165681,N/A,"South Miami, FL",South Miami,French/Cafe,$$-$$$,4.5/5 Google,185
Mano Libera - Marco Giugliano,26.031846,-80.165681,N/A,"South Miami, FL",South Miami,Italian Contemporary,N/A,5.0/5 Tripadvisor,2+ reviews
Deli Lane Cafe,26.031846,-80.165681,N/A,"South Miami, FL",South Miami,American/Cafe,$$-$$$,3.9/5 Tripadvisor,155+ reviews
CasaCuba,26.031846,-80.165681,N/A,"South Miami, FL",South Miami,Cuban,$$-$$$,3.9/5 Google,358
Clasica Victoria South Miami,26.031846,-80.165681,N/A,"South Miami, FL",South Miami,Italian/French,$$-$$$,4.4/5 Google,91
The Boiling Crab,26.031846,-80.165681,N/A,"South Miami, FL",South Miami,Cajun/Seafood,$$-$$$,4.3/5 Google,256
Kitchen 57,26.031846,-80.165681,N/A,"South Miami, FL",South Miami,American,$$-$$$,4.8/5 Google,146
Root & Bone,26.031846,-80.165681,N/A,"South Miami, FL",South Miami,American Contemporary,$$-$$$,3.9/5 Tripadvisor,70+ reviews
Pura Vida - South Miami,26.031846,-80.165681,N/A,"South Miami, FL",South Miami,Health Food/Cafe,$$-$$$,4.7/5 Google,461
Town Kitchen & Bar,26.031846,-80.165681,N/A,"South Miami, FL",South Miami,American/Bar,$$-$$$,3.7/5 Tripadvisor,135+ reviews
Cracked by Chef Adrianne,26.031846,-80.165681,N/A,"South Miami, FL",South Miami,American/Bar,$$-$$$,4.0/5 Google,196
Corteza,26.031846,-80.165681,N/A,"South Miami, FL",South Miami,Mediterranean/Spanish,$$$$,3.0/5 Tripadvisor,2+ reviews
La Pizza,26.031846,-80.165681,N/A,"South Miami, FL",South Miami,Italian/Pizza,$$-$$$,4.2/5 Google,235
Taste Buds of India,26.031846,-80.165681,N/A,"South Miami, FL",South Miami,Indian,$$-$$$,4.1/5 Tripadvisor,41+ reviews
Sunset Tavern,26.031846,-80.165681,N/A,"South Miami, FL",South Miami,American/Bar,$$-$$$,4.3/5 Google,47
The Thousand Sunny,26.031846,-80.165681,N/A,"South Miami, FL",South Miami,Japanese/Anime-themed Comfort Food,$$,4.7/5 Google,282
Habana Vieja,26.031846,-80.165681,N/A,"South Miami, FL",South Miami,Cuban,$$,N/A,N/A
Flanigan's Seafood Bar & Grill (South Miami),26.031846,-80.165681,N/A,"South Miami, FL",South Miami,Seafood/American,$$,N/A,N/A
The Grape Ape,26.031846,-80.165681,N/A,"South Miami, FL",South Miami,Wine Bar/American,$$,4.6/5 Google,99
Alaine's Osteria,25.614624,-80.309746,"7290 SW 168th St, Unit D","Palmetto Bay, FL",Palmetto Bay,Italian,$$,4.4/5 Google,271
Old Cutler Inn,25.614698,-80.31079,16800 Old Cutler Rd,"Palmetto Bay, FL 33157",Palmetto Bay,American/Modern,$$-$$$,4.5/5 Google,115
Golden Rule Seafood,25.60662,-80.35029,17505 S Dixie Hwy,"Palmetto Bay (Miami), FL 33157",Palmetto Bay,Seafood,$$,4.5/5 Google,866+ reviews (Yelp)
Aromas Del Peru,25.609518,-80.346905,"17225 S Dixie Hwy, Unit 100","Palmetto Bay, FL",Palmetto Bay,Peruvian,$$,4.9/5 Google,1753
Caribbean Delite Restaurant,25.619767,-80.34633,9491 SW 160th St,"Palmetto Bay, FL",Palmetto Bay,Caribbean,$$,4.1/5 Google,153
Sushi Bay,25.599111,-80.351132,9837 SW 184th St,"Palmetto Bay, FL",Palmetto Bay,Japanese,$$,4.6/5 Google,125
Cuban Guys Restaurants,25.633862,-80.33849,14685 S Dixie Hwy,"Palmetto Bay, FL",Palmetto Bay,Cuban,$,4.5/5 Google,169
PhoKaholic,25.61185,-80.3461,17005 S Dixie Hwy,"Palmetto Bay, FL",Palmetto Bay,Vietnamese,$$,4.5/5 Google,112
Soriano Brothers Cuban Cuisine,25.602142,-80.351374,18005 S Dixie Hwy,"Palmetto Bay, FL",Palmetto Bay,Cuban,$,4.2/5 Google,287
Miller's Ale House (Palmetto Bay),25.642931,-80.333848,13603 S Dixie Hwy,"Palmetto Bay, FL",Palmetto Bay,American/Bar,$$,4.3/5 Google,485
Hole In The Wall Tavern,25.59898,-80.35081,9821 SW 184th St,"Palmetto Bay, FL",Palmetto Bay,Bar & Grill,$,4.3/5 Google,248
Bulla Gastrobar (Doral),25.81085,-80.382726,11402 NW 41st St,"Doral, FL 33178",Doral,Spanish Tapas,$$,4.9/5 Google,19896
Cooper's Hawk Winery and Restaurant,25.809423,-80.330695,3585 NW 83rd Ave,"Doral, FL 33122",Doral,American/International,$$-$$$,4.7/5 Google,4470
Divieto Ristorante - Doral,25.81124,-80.36799,10650 NW 41st St,"Doral, FL 33178",Doral,Italian,$$-$$$,4.7/5 Google,696
Dragonfly Izakaya & Fish Market,25.819416,-80.33707,5241 NW 87th Ave,"Doral, FL 33178",Doral,Japanese,$$-$$$,4.6/5 Google,2536
El Porton de La Flaca,25.787324,-80.3697,"1460 NW 107th Ave, Suite B","Doral, FL 33172",Doral,Colombian,$$,4.7/5 Google,177
Famous Dave's BBQ (Doral),25.809257,-80.330209,8210 NW 36th St,"Miami (Doral), FL 33166",Doral,BBQ,$$,4.4/5 Google,5110
MNB Kitchen,25.798796,-80.36701,2685 NW 105th Ave,"Miami (Doral), FL 33172",Doral,Steakhouse,$$$,N/A,N/A
Shoma Bazaar,25.81118,-80.350397,9420 NW 41st St,"Doral, FL 33178",Doral,Food Hall (multi-cuisine),$$,N/A,N/A
Sushi Joe,25.812781,-80.35161,9557 NW 41st St,"Doral, FL 33178",Doral,Japanese/Sushi,$$,4.6/5 Google,190
The Fatty Crab,25.793139,-80.3379,"2000 NW 87th Ave, Suite 7","Doral, FL 33172",Doral,Cajun Seafood,$$,4.6/5 Google,4921
Kuba Cabana,25.81367,-80.355774,N/A,"Doral (CityPlace Doral), FL",Doral,Cuban,$$-$$$,4.1/5 Google,596
SuViche (Doral),25.81367,-80.355774,N/A,"Doral (CityPlace Doral), FL",Doral,Sushi/Ceviche,$$-$$$,4.6/5 Google,3925
Icebox Cafe (Doral),25.81367,-80.355774,N/A,"Doral (CityPlace Doral), FL",Doral,American,$$,N/A,N/A
Novecento (Doral),25.81367,-80.355774,N/A,"Doral (CityPlace Doral), FL",Doral,Argentinian Bistro,$$-$$$,4.7/5 Google,6639
Altamura Trattoria,25.81367,-80.355774,N/A,"Doral (Midtown Doral), FL",Doral,Italian,$$-$$$,4.8/5 Google,122
Latin Cafe 2000,25.780219,-80.263764,875 NW 42nd Ave,"Miami (MIA Airport area), FL",MIA Airport Area,Cuban,$,4.4/5 Google,750
Bored Cuban,25.779715,-80.263638,831 NW 42nd Ave,"Miami (MIA Airport area), FL",MIA Airport Area,Latin,$,4.4/5 Google,159
Catch of the Day,25.782238,-80.264424,1050 NW 42nd Ave,"Miami (MIA Airport area), FL",MIA Airport Area,Seafood,$$,4.4/5 Google,704
Chef Creole Seasoned Restaurant (MIA),25.783302,-80.22966,N/A,"Miami (MIA Airport area), FL",MIA Airport Area,Caribbean Seafood,$$,4.6/5 Google,706
Old's Havana Cuban Bar & Cocina (MIA Terminal),25.773357,-80.1919,N/A,"Miami International Airport, FL",MIA Airport Area,Cuban,$$,N/A,N/A
Corona Beach House (MIA Terminal),25.773357,-80.1919,N/A,"Miami International Airport, FL",MIA Airport Area,American/Burgers,$$,4.7/5 Google,760
Dulce Tropical Restaurant & Cafe,26.031846,-80.165681,N/A,"North Miami, FL",North Miami,Latin/Venezuelan,$$-$$$,4.7/5 Google,223
Little Havana Restaurant (North Miami),26.031846,-80.165681,N/A,"North Miami, FL",North Miami,Caribbean/Latin,$$-$$$,4.4/5 Google,499
Casa Mia Trattoria,26.031846,-80.165681,N/A,"North Miami, FL",North Miami,Italian/Tuscan,$$-$$$,4.6/5 Google,271
Flanigan's Seafood Bar & Grill (North Miami),26.031846,-80.165681,N/A,"North Miami, FL",North Miami,American/Seafood,$$-$$$,4.1/5 Google,632
Ricky Thai Bistro,26.031846,-80.165681,N/A,"North Miami, FL",North Miami,Thai,$$-$$$,4.8/5 Google,335
Emma & Lorenzo Trattoria,26.031846,-80.165681,N/A,"North Miami, FL",North Miami,Italian,$$-$$$,4.6/5 Google,173
Sapori Miami,26.031846,-80.165681,N/A,"North Miami, FL",North Miami,Italian/Cafe,$$-$$$,4.3/5 Google,327
Three Palms Cuban Cafe,26.031846,-80.165681,N/A,"North Miami, FL",North Miami,Cuban/Latin,$,4.1/5 Google,374
Captain Jim's Seafood Market & Restaurant,26.031846,-80.165681,N/A,"North Miami, FL",North Miami,Seafood/American,$$-$$$,4.4/5 Google,317
Ristorante Portovino,26.031846,-80.165681,N/A,"North Miami, FL",North Miami,Italian,$$-$$$,4.4/5 Google,103
Lo de Lea Argentinian Grill,26.031846,-80.165681,N/A,"North Miami, FL",North Miami,Argentinean/Latin,$$-$$$,4.8/5 Google,449
Arigatai,26.031846,-80.165681,N/A,"North Miami, FL",North Miami,Japanese/Seafood,$$-$$$,4.8/5 Google,612
Mimmos Mozzarella,26.031846,-80.165681,N/A,"North Miami, FL",North Miami,Italian/Cafe,$$-$$$,4.9/5 Google,198
Edan Bistro,26.031846,-80.165681,N/A,"North Miami, FL",North Miami,Cafe/Spanish,$$-$$$,4.5/5 Google,349
Oishi Thai,26.031846,-80.165681,N/A,"North Miami, FL",North Miami,Thai/Sushi,$$-$$$,4.4/5 Tripadvisor,121 reviews
Piccolo Pizza & More,26.031846,-80.165681,N/A,"North Miami, FL",North Miami,Italian/Pizza,$,4.6/5 Google,148
Alexander Greek Taverna,26.031846,-80.165681,N/A,"North Miami, FL",North Miami,Greek/Mediterranean,$$-$$$,3.9/5 Google,147
Perl,26.031846,-80.165681,N/A,"North Miami, FL",North Miami,Mediterranean/Japanese Fusion,$$$,4.6/5 Google,361
Mutra,25.889181,-80.15403,2188 NE 123rd St,"North Miami, FL",North Miami,Israeli/Middle Eastern (Michelin Star 2026),$$$$,4.5/5 Google,124
Topkapi,25.911096,-80.157775,14652 Biscayne Blvd,"North Miami, FL 33181",North Miami,Turkish,$$-$$$,N/A,N/A
Farofa Taste Of Brazil,25.911584,-80.155781,14691 Biscayne Blvd,"North Miami, FL 33181",North Miami,Brazilian,$$-$$$,4.2/5 Google,303
Basilic Vietnamese Grill,25.911673,-80.157497,14734 Biscayne Blvd,"North Miami, FL 33181",North Miami,Vietnamese,$$-$$$,4.4/5 Google,786 reviews
Reunion Ktchn Bar (Aventura),25.943231,-80.147054,18167 Biscayne Blvd,"Aventura, FL 33160",Aventura,American/Bar,$$-$$$,4.7/5 Google,"2,414 reviews"
CVI.CHE 105 (Aventura),25.958125,-80.142385,19565 Biscayne Blvd #954,"Aventura, FL 33180",Aventura,Peruvian,$$-$$$,5.0/5 Google,3422
Gala,26.031846,-80.165681,N/A,"Aventura, FL",Aventura,American/Latin,$$-$$$,4.9/5 Tripadvisor,159 reviews
The Green Pointe Restaurant,26.031846,-80.165681,N/A,"Aventura, FL",Aventura,Italian/Steakhouse,$$-$$$,4.8/5 Google,508
Pollos & Jarras (Aventura),26.031846,-80.165681,N/A,"Aventura, FL",Aventura,Peruvian/Latin,$$-$$$,4.9/5 Google,1318
Bourbon Steak Miami,25.959813,-80.138605,19999 W Country Club Dr,"Aventura, FL 33180",Aventura,Steakhouse/Seafood,$$$$,4.4/5 Google,"1,149 reviews"
Sicilian Oven (Aventura),26.031846,-80.165681,N/A,"Aventura, FL",Aventura,Pizza/Italian,$$-$$$,4.2/5 Google,411
Divieto Ristorante (Aventura),25.957349,-80.143371,19575 Biscayne Blvd Suite 375,"Aventura, FL 33180",Aventura,Italian,$$-$$$,4.7/5 Google,"2,752 reviews"
PANI,26.031846,-80.165681,N/A,"Aventura, FL",Aventura,Argentinean/South American,$$-$$$,4.7/5 Tripadvisor,135 reviews
CORSAIR kitchen & bar,26.031846,-80.165681,N/A,"Aventura, FL",Aventura,American/Bar,$$-$$$,3.6/5 Google,298
Blind Tiger Experience,26.031846,-80.165681,N/A,"Aventura, FL",Aventura,Japanese/Sushi,$$-$$$,4.7/5 Google,399
Bella Luna,26.031846,-80.165681,N/A,"Aventura, FL",Aventura,Contemporary/Italian,$$-$$$,4.0/5 Tripadvisor,826 reviews
Soho Asian Bar & Grill,26.031846,-80.165681,N/A,"Aventura, FL",Aventura,Asian,$$-$$$,4.6/5 Google,714
Novecento (Aventura),26.031846,-80.165681,N/A,"Aventura, FL",Aventura,Italian/Steakhouse,$$-$$$,4.6/5 Google,878
La Boulangerie Boul'Mich (Aventura),26.031846,-80.165681,N/A,"Aventura, FL",Aventura,French/Latin,$$-$$$,4.8/5 Google,729
Serafina Miami,26.031846,-80.165681,N/A,"Aventura, FL",Aventura,Italian/Pizza,$$-$$$,4.2/5 Google,667
Casa D'Angelo Ristorante (Aventura),25.967055,-80.142985,2906 NE 207th St,"Aventura, FL 33180",Aventura,Italian,$$$$,4.4/5 Google,725 reviews
Motek Aventura,25.958125,-80.142385,19565 Biscayne Blvd #946,"Aventura, FL 33180",Aventura,Mediterranean/Middle Eastern,$$$$,4.7/5 Google,"5,334 reviews"
Pubbelly Sushi (Aventura),25.958125,-80.142385,19565 Biscayne Blvd Ste 936,"Aventura, FL 33180",Aventura,Sushi/Asian Fusion,$$-$$$,4.6/5 Google,"2,637 reviews"
Bulla Gastrobar Aventura,26.031846,-80.165681,N/A,"Aventura, FL",Aventura,Spanish/Gastropub,$$-$$$,4.7/5 Tripadvisor,9 reviews
Padrino's Cuban Restaurant (Aventura),26.031846,-80.165681,N/A,"Aventura, FL",Aventura,Cuban,$$-$$$,4.4/5 Tripadvisor,965 reviews
Paquito's Mexican Restaurant,26.031846,-80.165681,N/A,"Aventura, FL",Aventura,Mexican/Latin,$$-$$$,4.0/5 Tripadvisor,203 reviews
Avila Bistro,26.031846,-80.165681,N/A,"Aventura, FL",Aventura,Venezuelan/Latin,$,4.6/5 Google,257
bartaco (Aventura),25.967055,-80.142985,2906 NE 207th St Ste 104,"Aventura, FL 33180",Aventura,Mexican,$$-$$$,4.6/5 Google,"1,827 reviews"
Toku Miami,25.957349,-80.143371,19575 Biscayne Blvd Suite 1109,"Aventura, FL 33180",Aventura,Asian Fusion,$$-$$$,4.2/5 Google,569 reviews
Barrio Latino Restaurant,25.965159,-80.143602,20475 Biscayne Blvd G13,"Aventura, FL 33180",Aventura,Latin American,$$-$$$,4.4/5 Google,"1,919 reviews"
Tap 42 Craft Kitchen & Bar (Aventura),25.958125,-80.142385,19565 Biscayne Blvd Suite #1960,"Aventura, FL 33180",Aventura,American/Bar & Grill,$$-$$$,4.2/5 Google,"2,581 reviews"
Jarana Aventura,25.955415,-80.143187,19505 Biscayne Blvd Ste 5150,"Aventura, FL 33180",Aventura,Peruvian,$$-$$$,4.5/5 Google,767 reviews
Jrk!,25.958125,-80.142385,19565 Biscayne Blvd,"Aventura, FL 33180",Aventura,Jamaican/Caribbean,$$-$$$,4.6/5 Google,761 reviews
JOEY Aventura,25.955415,-80.143187,19505 Biscayne Blvd Suite 1150,"Aventura, FL 33180",Aventura,Contemporary Casual/American,$$-$$$,N/A,N/A
La Cabrera (Aventura),26.031846,-80.165681,N/A,"Aventura, FL",Aventura,Argentine Steakhouse,$$$,N/A,N/A
Old Lisbon (Aventura),26.031846,-80.165681,N/A,"Aventura, FL",Aventura,Portuguese,$$-$$$,4.8/5 Google,140
Le Vida,26.031846,-80.165681,N/A,"Aventura, FL",Aventura,N/A,N/A,N/A,N/A
Rick's Steakhouse & Lounge,26.031846,-80.165681,N/A,"Aventura, FL",Aventura,Steakhouse,$$$,N/A,N/A
Gaby by Call Me Gaby (Aventura),26.031846,-80.165681,N/A,"Aventura, FL",Aventura,N/A,N/A,4.1/5 Google,205
BALEENkitchen (Aventura),26.031846,-80.165681,N/A,"Aventura, FL",Aventura,Contemporary (Michelin listed),$$$,N/A,N/A
Padrino's Cuban Restaurant (Hallandale),25.985641,-80.124862,2500 E Hallandale Beach Blvd,"Hallandale Beach, FL 33009",Hallandale Beach,Cuban,$$-$$$,4.5/5 Google,"3,617 reviews"
Flanigan's Seafood Bar and Grill (Hallandale),25.986092,-80.142035,4 N Federal Hwy,"Hallandale Beach, FL 33009",Hallandale Beach,American/Seafood,$$-$$$,4.4/5 Google,"7,719 reviews"
Argo Restaurant,26.031846,-80.165681,N/A,"Hallandale Beach, FL",Hallandale Beach,Grill/Eastern European,$$-$$$,4.2/5 Google,528
Juniper On The Water (Hallandale),26.031846,-80.165681,N/A,"Hallandale Beach, FL",Hallandale Beach,Seafood/Mediterranean,$$-$$$,4.1/5 Tripadvisor,444 reviews
Yard House (Hallandale),26.031846,-80.165681,N/A,"Hallandale Beach, FL",Hallandale Beach,American/Bar,$$-$$$,4.3/5 Google,515
Mia Oceanfront,26.031846,-80.165681,N/A,"Hallandale Beach, FL",Hallandale Beach,Japanese/Seafood,$$$$,4.4/5 Google,493
Piola Hallandale,25.98697,-80.131436,1703 E Hallandale Beach Blvd,"Hallandale Beach, FL 33009",Hallandale Beach,Italian/Pizza,$$-$$$,4.5/5 Google,"3,779 reviews"
7 Spices Mediterranean Restaurant & Cafe,26.031846,-80.165681,N/A,"Hallandale Beach, FL",Hallandale Beach,Middle Eastern,$$-$$$,5.0/5 Tripadvisor,3 reviews
IL Mercato Cafe & Wine Bar,25.9857,-80.13353,1454 E Hallandale Beach Blvd,"Hallandale Beach, FL 33009",Hallandale Beach,Italian/Mediterranean,$$-$$$,4.3/5 Google,230 reviews
Texas de Brazil (Hallandale),26.031846,-80.165681,N/A,"Hallandale Beach, FL",Hallandale Beach,Steakhouse/Brazilian,$$$$,4.0/5 Google,786
Doggi's Arepa Bar,25.994557,-80.143117,801 N Federal Hwy,"Hallandale Beach, FL 33009",Hallandale Beach,Venezuelan,$$-$$$,4.8/5 Google,"8,862 reviews"
ETARU Restaurant,25.986628,-80.11788,111 S Surf Rd,"Hallandale Beach, FL 33009",Hallandale Beach,Japanese/Sushi,$$-$$$,4.0/5 Google,"1,533 reviews"
Tatiana Club & Restaurant,26.031846,-80.165681,N/A,"Hallandale Beach, FL",Hallandale Beach,International/European,$$$$,3.5/5 Tripadvisor,170 reviews
Icebox Cafe (Hallandale),26.031846,-80.165681,N/A,"Hallandale Beach, FL",Hallandale Beach,American,$$-$$$,4.5/5 Tripadvisor,65 reviews
Pastinos Pastas&vinos,26.031846,-80.165681,N/A,"Hallandale Beach, FL",Hallandale Beach,Italian/Mediterranean,$$-$$$,4.9/5 Google,352
Eddie Hill's Restaurant,26.031846,-80.165681,N/A,"Hallandale Beach, FL",Hallandale Beach,Japanese/American,$$-$$$,4.1/5 Google,328
El Tayta Peruvian Restaurant,25.98606,-80.129952,1721 E Hallandale Beach Blvd,"Hallandale Beach, FL 33009",Hallandale Beach,Peruvian,$$-$$$,4.3/5 Google,"1,774 reviews"
El Tamarindo Coal Fired Pizza,25.994848,-80.141329,712 Atlantic Shores Blvd,"Hallandale Beach, FL 33009",Hallandale Beach,Italian/Pizza,$$-$$$,4.4/5 Google,"1,069 reviews"
See Thai And Japanese Cuisine,25.986129,-80.136827,1111 E Hallandale Beach Blvd,"Hallandale Beach, FL 33009",Hallandale Beach,Thai/Japanese,$$-$$$,4.5/5 Google,706 reviews
Chapultepec Mexican Bar & Restaurant,25.985802,-80.150436,23 NW 2nd Ave,"Hallandale Beach, FL 33009",Hallandale Beach,Mexican,$$-$$$,4.0/5 Google,"2,226 reviews"
Marash Turkish Cuisine,25.985576,-80.156988,710 W Hallandale Beach Blvd Ste 105,"Hallandale Beach, FL 33009",Hallandale Beach,Turkish/Mediterranean,$$-$$$,4.8/5 Google,"2,836 reviews"
Upper Deck Ale and Sports Grille,25.985339,-80.139096,906 E Hallandale Beach Blvd,"Hallandale Beach, FL 33009",Hallandale Beach,American/Sports Bar,$$-$$$,4.5/5 Google,"6,347 reviews"
Matteo's of Hallandale,25.986066,-80.13017,1825 E Hallandale Beach Blvd,"Hallandale Beach, FL 33009",Hallandale Beach,Italian,$$-$$$,3.9/5 Google,986 reviews
Las Vegas Cuban Cuisine (Hallandale),25.986063,-80.129887,1727 E Hallandale Beach Blvd,"Hallandale Beach, FL 33009",Hallandale Beach,Cuban/Caribbean,$$-$$$,4.5/5 Google,"1,703 reviews"
Dr. Limon Ceviche Bar,25.994557,-80.143117,801 N Federal Hwy #107,"Hallandale Beach, FL 33009",Hallandale Beach,Peruvian,$$-$$$,4.6/5 Google,"1,708 reviews"
Urban Thai & Sushi,26.031846,-80.165681,N/A,"Hallandale Beach, FL",Hallandale Beach,Thai/Sushi,$$-$$$,4.7/5 Google,"1,300 reviews"
Patrizia's Waterfront,25.98188,-80.119995,1975 S Ocean Dr,"Hallandale Beach, FL 33009",Hallandale Beach,Italian,$$$,5.0/5 Tripadvisor,16 reviews Yelp
Terrazas at Lyfe,26.031846,-80.165681,N/A,"Hallandale Beach, FL",Hallandale Beach,Italian/South American Rooftop,$$$,N/A,N/A
The Mermaid Queen,26.031846,-80.165681,N/A,"Hallandale Beach, FL",Hallandale Beach,N/A,N/A,N/A,N/A
Acqua Bistro,26.031846,-80.165681,N/A,"Hallandale Beach, FL",Hallandale Beach,N/A,N/A,N/A,N/A
Cafe Landwer,26.031846,-80.165681,N/A,"Hallandale Beach, FL",Hallandale Beach,Israeli/Mediterranean Cafe,$$,N/A,N/A
Latitudes Restaurant,26.031846,-80.165681,N/A,"Hollywood, FL",Hollywood,American/Bar,$$-$$$,4.2/5 Tripadvisor,687 reviews
Diplomat Prime Steak & Seafood,25.9917,-80.117901,3555 S Ocean Dr,"Hollywood, FL 33019",Hollywood,Steakhouse/Seafood,$$$$,4.5/5 Google,466 reviews
GG's Waterfront,26.016049,-80.117533,606 N Ocean Dr,"Hollywood, FL 33019",Hollywood,American/Seafood/Steakhouse,$$$$,4.4/5 Google,"6,137 reviews"
Taco Beach Shack,26.014115,-80.116829,334 Arizona St,"Hollywood, FL 33019",Hollywood,Mexican,$,4.7/5 Google,"13,684 reviews"
Billy's Stone Crab,26.014477,-80.117649,400 N Ocean Dr,"Hollywood, FL 33019",Hollywood,Seafood/Fine Dining,$$$$,4.5/5 Google,"4,784 reviews"
Playa Beach Bar & Grill,26.031846,-80.165681,N/A,"Hollywood, FL",Hollywood,Mexican/American,$$-$$$,4.6/5 Tripadvisor,154 reviews
Señor Frog's Hollywood Beach,26.031846,-80.165681,N/A,"Hollywood, FL",Hollywood,Mexican/Bar,$$-$$$,4.8/5 Google,165
Tiki Tiki,26.031846,-80.165681,N/A,"Hollywood, FL",Hollywood,American/Bar,$$-$$$,4.5/5 Google,572
Nick's Bar & Grill,26.031846,-80.165681,N/A,"Hollywood, FL",Hollywood,American/Bar,$$-$$$,4.0/5 Tripadvisor,"1,228 reviews"
Margaritaville Restaurant,26.031846,-80.165681,N/A,"Hollywood, FL",Hollywood,American/Caribbean,$$-$$$,3.9/5 Tripadvisor,948 reviews
Kuro (Hollywood),26.052386,-80.212209,1 Seminole Way,"Hollywood, FL 33314",Hollywood,Japanese/Sushi,$$$$,4.5/5 Google,"1,488 reviews"
JWB Prime Steak and Seafood,26.018833,-80.11627,1111 N Ocean Dr,"Hollywood, FL 33019",Hollywood,Fine Dining/Steakhouse/Seafood,$$$$,4.4/5 Google,659 reviews
LandShark Bar & Grill,26.018833,-80.11627,1111 N Ocean Dr,"Hollywood, FL 33019",Hollywood,Seafood/Bar & Grill,$$-$$$,4.2/5 Google,"1,861 reviews"
Moonlite Diner,26.031846,-80.165681,N/A,"Hollywood, FL",Hollywood,American/Diner,$,4.1/5 Tripadvisor,605 reviews
C.L.A.S.S. Soiree Steakhouse,26.031846,-80.165681,N/A,"Hollywood, FL",Hollywood,Steakhouse,$$$$,4.7/5 Google,479
Le Tub,26.01826,-80.11736,1100 N Ocean Dr,"Hollywood, FL 33019",Hollywood,American/Bar/Seafood,$$-$$$,4.2/5 Google,"5,604 reviews"
Taverna Opa (Hollywood),26.031846,-80.165681,N/A,"Hollywood, FL",Hollywood,Greek/Mediterranean/Seafood,$$-$$$,4.1/5 Google,963
Hard Rock Cafe,26.052386,-80.212209,1 Seminole Way,"Hollywood, FL 33314",Hollywood,American,$$-$$$,4.5/5 Google,"5,933 reviews"
Las Vegas Cuban Cuisine (Hollywood),26.031846,-80.165681,N/A,"Hollywood, FL",Hollywood,Cuban/Caribbean,$$-$$$,4.8/5 Google,474
The Tipsy Boar,26.010301,-80.145282,1906 Harrison St,"Hollywood, FL 33020",Hollywood,Gastropub,$$-$$$,4.5/5 Google,"2,272 reviews"
Krakatoa Indonesian Cuisine,26.011345,-80.145484,1910B Hollywood Blvd,"Hollywood, FL 33020",Hollywood,Indonesian,$$-$$$,4.8/5 Google,965 reviews
Villa Romana (Hollywood),26.011656,-80.14542,1909 Hollywood Blvd,"Hollywood, FL 33020",Hollywood,Italian/Romanian,$$-$$$,4.7/5 Google,"1,227 reviews"
Jack's Hollywood Diner,26.020639,-80.143008,1031 N Federal Hwy,"Hollywood, FL 33020",Hollywood,American Diner,$,4.4/5 Google,"3,419 reviews"
Florio's of Little Italy,26.031846,-80.165681,N/A,"Hollywood, FL",Hollywood,Italian/Pizza,$$-$$$,4.2/5 Google,"2,757 reviews"
Thanks To Harrison,26.031846,-80.165681,N/A,"Hollywood, FL",Hollywood,Italian/French (Michelin listed),$$-$$$,4.8/5 Google,355
Taft Street Cafe,26.031846,-80.165681,N/A,"Hollywood, FL",Hollywood,American/Cafe,$,4.6/5 Google,209
The Taco Joint,26.031846,-80.165681,N/A,"Hollywood, FL",Hollywood,Mexican/Southwestern,$$-$$$,4.1/5 Google,473
Ovivi's Restaurant,26.031846,-80.165681,N/A,"Hollywood, FL",Hollywood,Bar/Pub,$$$$,4.8/5 Google,257
Kussifay Argentine Pizza & Grill,26.031846,-80.165681,N/A,"Hollywood, FL",Hollywood,Argentine/Steakhouse,$$-$$$,4.5/5 Google,339
Viva Brazil,26.031846,-80.165681,N/A,"Hollywood, FL",Hollywood,Brazilian/Latin,$$-$$$,4.1/5 Google,202
Le Comptoir,26.031846,-80.165681,N/A,"Hollywood, FL",Hollywood,French/Seafood,$$-$$$,4.6/5 Tripadvisor,124 reviews
Mimi's Ravioli,26.017518,-80.202462,5714 Johnson St,"Hollywood, FL",Hollywood,Italian,$$-$$$,4.9/5 Tripadvisor,29 reviews
GO Bistro,26.031846,-80.165681,N/A,"Hollywood, FL",Hollywood,Japanese/Sushi,$$-$$$,4.5/5 Google,590
Gioia Eat,26.031846,-80.165681,N/A,"Hollywood, FL",Hollywood,Italian/Pizza,$$-$$$,4.5/5 Tripadvisor,49 reviews
Sajna Indian Cuisine,26.031846,-80.165681,N/A,"Hollywood, FL",Hollywood,Indian,$$-$$$,4.7/5 Google,489
Istanbul Restaurant,26.031846,-80.165681,N/A,"Hollywood, FL",Hollywood,Turkish/Mediterranean,$$-$$$,3.9/5 Tripadvisor,168 reviews
Pupusatime,26.01755,-80.207468,5958 Johnson St,"Hollywood, FL",Hollywood,Salvadoran,$$,4.7/5 Google,170
Bok Bok Baby Buriram,26.011496,-80.148105,2051 Hollywood Blvd,"Hollywood, FL",Hollywood,Thai,$$,N/A,N/A
El Meneo Restaurant & Lounge,26.018033,-80.202048,5701 Johnson St,"Hollywood, FL",Hollywood,Guatemalan,$$,N/A,N/A
Ceviche Dozo,26.010204,-80.201797,5715A Hollywood Blvd,"Hollywood, FL",Hollywood,Japanese/Nikkei/Peruvian,$$,4.6/5 Google,159
Don Rodone,26.031846,-80.165681,N/A,"Hollywood, FL",Hollywood,Peruvian,$$,3.9/5 Google,268
Sardelli's Italian Steakhouse,26.010631,-80.1168,331 Van Buren St,"Hollywood, FL 33019",Hollywood,Italian Steakhouse,$$$$,4.2/5 Google,332
Carmela's Italian Ristorante,26.010321,-80.14562,1910 Harrison St,"Hollywood, FL 33020",Hollywood,Italian,$$$,4.3/5 Google,193
Heritage (Hollywood),26.031846,-80.165681,N/A,"Hollywood, FL",Hollywood,Fine Dining (Michelin listed),$$$$,4.7/5 Google,375
Tommy Bahama Marlin Bar & Store,26.053465,-80.159662,150 N Pointe Dr,"Dania Beach, FL 33004",Dania Beach,American/Bar,$$-$$$,4.8/5 Google,581
Cucina Dania Beach,26.0523,-80.143667,N/A,"Dania Beach, FL",Dania Beach,Italian/Pizza,$$-$$$,4.7/5 Google,682
3 Sons Brewing,26.0523,-80.143667,N/A,"Dania Beach, FL",Dania Beach,American/Brew Pub,$$-$$$,4.7/5 Google,356
Firebirds Wood Fired Grill,26.052045,-80.159608,110 N Pointe Dr,"Dania Beach, FL 33004",Dania Beach,American/Steakhouse,$$-$$$,4.4/5 Google,"3,162 reviews"
The Fish Grill,26.05366,-80.143713,75 N Federal Hwy,"Dania Beach, FL 33004",Dania Beach,Seafood/American,$$-$$$,4.4/5 Google,"2,163 reviews"
Little Cuban Cafe Restaurant,26.0523,-80.143667,N/A,"Dania Beach, FL",Dania Beach,Cuban/Latin,$,4.8/5 Tripadvisor,102 reviews
Tarks Of Dania Beach,26.03549,-80.14311,1317 S Federal Hwy,"Dania Beach, FL 33004",Dania Beach,Seafood,$,4.3/5 Google,"3,553 reviews"
Robert's Restaurant,26.0523,-80.143667,N/A,"Dania Beach, FL",Dania Beach,American/Diner,$$-$$$,4.4/5 Google,365
Islamorada Fish Company,26.057797,-80.16379,220 Gulf Stream Way,"Dania Beach, FL 33004",Dania Beach,Seafood,$$-$$$,4.2/5 Google,"3,416 reviews"
Rodizio Grill Brazilian Steakhouse,26.05375,-80.1608,1817 Pointe Blvd Building J,"Dania Beach, FL 33004",Dania Beach,Brazilian Steakhouse,$$-$$$,4.7/5 Google,"6,506 reviews"
Quarterdeck Restaurant + Sports Bar,26.058384,-80.111338,300 N Beach Rd,"Dania Beach, FL 33004",Dania Beach,American/Seafood/Bar,$$-$$$,4.3/5 Google,"5,516 reviews"
Padrino's Cuban Restaurant (Dania Beach),26.0523,-80.143667,N/A,"Dania Beach, FL",Dania Beach,Cuban/Latin,$$-$$$,4.5/5 Google,580
Tuscany Caffe,26.0523,-80.143667,N/A,"Dania Beach, FL",Dania Beach,Italian/Tuscan,$$-$$$,4.5/5 Google,215
Mundi's Italian Restaurant,26.052506,-80.13796,330 E Dania Beach Blvd,"Dania Beach, FL 33004",Dania Beach,Italian,$$-$$$,4.6/5 Google,526 reviews
Sirocco Mediterranean Restaurant & Lounge (Dania),26.054509,-80.159679,170 N Pointe Dr,"Dania Beach, FL 33004",Dania Beach,Lebanese/Mediterranean,$$-$$$,4.9/5 Google,284
Elvis Italian Grille (Dania Beach),26.0523,-80.143667,N/A,"Dania Beach, FL",Dania Beach,Italian,$$-$$$,4.7/5 Google,115
Lucky Fish,26.0523,-80.143667,N/A,"Dania Beach, FL",Dania Beach,Seafood,$$-$$$,4.3/5 Google,200
Houston's (North Miami Beach),25.936262,-80.14855,17355 Biscayne Blvd,"North Miami Beach, FL 33160",North Miami Beach,American/Steakhouse,$$-$$$,4.3/5 Google,"4,191 reviews"
Ginza Japanese Buffet,26.031846,-80.165681,N/A,"North Miami Beach, FL",North Miami Beach,Japanese/Seafood,$,4.2/5 Google,467
Mizumi Buffet & Sushi,26.031846,-80.165681,N/A,"North Miami Beach, FL",North Miami Beach,Japanese/Sushi,$$-$$$,4.4/5 Google,537
La Birra Bar (North Miami Beach),26.031846,-80.165681,N/A,"North Miami Beach, FL",North Miami Beach,American/Brew Pub,$$-$$$,4.9/5 Google,2268
Duffy's Sports Grill (North Miami Beach),26.031846,-80.165681,N/A,"North Miami Beach, FL",North Miami Beach,American/Bar,$$-$$$,4.6/5 Google,981
Tatore,25.91161,-80.15772,14730 Biscayne Blvd,"North Miami Beach, FL 33181",North Miami Beach,Italian,$$-$$$,4.5/5 Google,"2,483 reviews"
Sea Grill Restaurant,25.931469,-80.13139,3913 NE 163rd St,"North Miami Beach, FL 33160",North Miami Beach,Greek/Seafood,$$$$,4.2/5 Google,484
Lettuce & Tomato,25.933252,-80.152788,17070 W Dixie Hwy,"North Miami Beach, FL 33160",North Miami Beach,Gastropub/Fusion/Sushi,$$-$$$,4.5/5 Google,"1,063 reviews"
Morton's The Steakhouse (North Miami Beach),26.031846,-80.165681,N/A,"North Miami Beach, FL",North Miami Beach,Steakhouse/Seafood,$$$$,3.9/5 Tripadvisor,325 reviews
Blue Marlin Fish House,26.031846,-80.165681,N/A,"North Miami Beach, FL",North Miami Beach,American/Seafood,$$-$$$,4.8/5 Tripadvisor,5 reviews
First Watch (North Miami Beach),26.031846,-80.165681,N/A,"North Miami Beach, FL",North Miami Beach,American/Breakfast,$$-$$$,3.8/5 Tripadvisor,60 reviews
Ceviche Inka Miami,26.031846,-80.165681,N/A,"North Miami Beach, FL",North Miami Beach,Peruvian,$$-$$$,4.7/5 Google,614
Kabobji,25.926742,-80.139905,3055 NE 163rd St,"North Miami Beach, FL 33160",North Miami Beach,Lebanese/Mediterranean,$$-$$$,4.5/5 Google,"2,306 reviews"
Chef Creole Seasoned Restaurant (NMB),26.031846,-80.165681,N/A,"North Miami Beach, FL",North Miami Beach,Caribbean/Seafood,$,4.4/5 Tripadvisor,16 reviews
PhoMi2Go,25.9326,-80.15387,17010 W Dixie Hwy,"North Miami Beach, FL 33160",North Miami Beach,Vietnamese,$,4.4/5 Google,744 reviews
Barra Callao,25.932715,-80.153434,17034 W Dixie Hwy,"North Miami Beach, FL 33160",North Miami Beach,Peruvian,$$$$,5.0/5 Google,489
King Palace Chinese BBQ,25.928091,-80.193554,330 NE 167th St,"North Miami Beach, FL 33162",North Miami Beach,Chinese/BBQ,$$-$$$,4.4/5 Google,"1,031 reviews"
Korean Kitchen,25.926198,-80.16674,1661 NE 163rd St,"North Miami Beach, FL 33162",North Miami Beach,Korean,$$$$,4.3/5 Google,308
Panya Thai Restaurant,25.928131,-80.189689,520 NE 167th St,"North Miami Beach, FL 33162",North Miami Beach,Thai,$$-$$$,4.5/5 Google,894 reviews
Sichuan Fish,25.92518,-80.174826,1242 NE 163rd St,"North Miami Beach, FL 33162",North Miami Beach,Chinese,$$$$,4.0/5 Google,253
Sim Sim Cafe,25.926977,-80.140684,2995 NE 163rd St,"North Miami Beach, FL 33160",North Miami Beach,Uzbek,$$-$$$,N/A,N/A
Dumpling King,25.928918,-80.195778,237 NE 167th St,"North Miami Beach, FL 33162",North Miami Beach,Chinese,$$-$$$,4.3/5 Google,306
Sang's Chinese Food & Dim Sum,25.926386,-80.161231,1925 NE 163rd St,"North Miami Beach, FL 33162",North Miami Beach,Chinese/Dim Sum,$$-$$$,4.0/5 Google,277
Lique Miami Waterfront Restaurant,25.931008,-80.131377,3957 NE 163rd St,"North Miami Beach, FL 33160",North Miami Beach,Mediterranean/Sushi,$$-$$$,4.1/5 Google,"1,605 reviews"
YAKKOSAN,25.931395,-80.132235,3881 NE 163rd St,"North Miami Beach, FL 33160",North Miami Beach,Japanese/Asian Fusion,$$-$$$,4.2/5 Google,"1,001 reviews"
Merkado 31,25.925755,-80.17696,1127 NE 163rd St,"North Miami Beach, FL 33162",North Miami Beach,Peruvian,$$-$$$,4.7/5 Google,"4,022 reviews"
Pepitos Burgers & Shakes,25.947186,-80.14883,2590 NE 186th St,"North Miami Beach, FL",North Miami Beach,Venezuelan/Burgers,$,4.5/5 Google,383 reviews
Little Saigon (North Miami Beach),25.928601,-80.200427,16752 N Miami Ave,"North Miami Beach, FL",North Miami Beach,Vietnamese,$$-$$$,3.9/5 Google,561 reviews
Land n Sea Cajun Seafood,26.031846,-80.165681,N/A (inside iFresh Asian Market),"North Miami Beach, FL",North Miami Beach,Seafood/Chinese BBQ,$$,N/A,N/A
YOLO,26.119674,-80.139773,333 E Las Olas Blvd,"Fort Lauderdale, FL 33301",Fort Lauderdale,New American,$$$,4.5/5 Google,5033
Timpano Las Olas,26.118878,-80.138813,450 E Las Olas Blvd,"Fort Lauderdale, FL 33301",Fort Lauderdale,Italian,$$$,4.4/5 Google,1464
Louie Bossi's Ristorante Bar Pizzeria,26.123485,-80.141237,Las Olas Blvd,"Fort Lauderdale, FL 33301",Fort Lauderdale,Italian,$$$,4.1/5 Google,1928
Rocco's Tacos & Tequila Bar (Fort Lauderdale),26.123485,-80.141237,Las Olas Blvd,"Fort Lauderdale, FL 33301",Fort Lauderdale,Mexican,$$,4.5/5 Google,9854
Sixty Vines - Las Olas,26.118964,-80.135257,800 E Las Olas Blvd,"Fort Lauderdale, FL 33301",Fort Lauderdale,American/Wine Bar,$$$,4.7/5 Google,907
Catch & Cut,26.119542,-80.129491,1309 E Las Olas Blvd,"Fort Lauderdale, FL 33301",Fort Lauderdale,Steakhouse/Seafood,$$$$,4.7/5 Google,104
El Camino Fort Lauderdale,26.123485,-80.141237,Las Olas Blvd,"Fort Lauderdale, FL 33301",Fort Lauderdale,Mexican,$$,4.5/5 Google,6764
Tommy Bahama Marlin Bar & Store (Fort Lauderdale),26.123485,-80.141237,Las Olas Blvd,"Fort Lauderdale, FL 33301",Fort Lauderdale,American,$$$,4.8/5 Google,1606
Chima Brazilian Steakhouse,26.119724,-80.113575,2400 E Las Olas Blvd,"Fort Lauderdale, FL 33301",Fort Lauderdale,Brazilian Steakhouse,$$$$,4.7/5 Google,7184
Cuba Libre Restaurant & Rum Bar,26.119031,-80.135407,340 SE 8th Ave,"Fort Lauderdale, FL 33301",Fort Lauderdale,Cuban,$$$,4.1/5 Google,1191
The Floridian,26.119182,-80.128782,1410 E Las Olas Blvd,"Fort Lauderdale, FL 33301",Fort Lauderdale,American Diner,$$,3.8/5 Tripadvisor,679 reviews
Big City Tavern,26.119442,-80.136589,609 E Las Olas Blvd,"Fort Lauderdale, FL 33301",Fort Lauderdale,Modern American/Seafood,$$$,4.1/5 Google,667
Preston's Wine and Martini Lounge,26.123485,-80.141237,Las Olas Blvd,"Fort Lauderdale, FL 33301",Fort Lauderdale,American Bar,$$$,4.9/5 Google,87
Caffe Europa,26.123485,-80.141237,Las Olas Blvd,"Fort Lauderdale, FL 33301",Fort Lauderdale,Calabrian/Tuscan,$$$,4.3/5 Google,415
Bombay Darbar (Fort Lauderdale),26.123485,-80.141237,Las Olas Blvd,"Fort Lauderdale, FL 33301",Fort Lauderdale,Indian,$$,4.7/5 Google,876
Sushi Rock,26.123485,-80.141237,Las Olas Blvd,"Fort Lauderdale, FL 33301",Fort Lauderdale,Japanese/Sushi,$$,4.2/5 Tripadvisor,289 reviews
Casa Sensei,26.118944,-80.131053,1200 E Las Olas Blvd,"Fort Lauderdale, FL 33301",Fort Lauderdale,Pan-Asian Latin Fusion,$$$,4.6/5 Google,7377
Boathouse at the Riverside,26.118343,-80.141383,Las Olas area,"Fort Lauderdale, FL 33301",Fort Lauderdale,American/Seafood,$$$,4.3/5 Google,687
Luigi's Tuscan Grill,26.11953,-80.131919,1105 E Las Olas Blvd,"Fort Lauderdale, FL 33301",Fort Lauderdale,Italian,$$$,4.5/5 Google,579
Luigi's Coal Oven Pizza,26.119585,-80.128809,1415 E Las Olas Blvd,"Fort Lauderdale, FL 33301",Fort Lauderdale,Pizza/Italian,$$,4.3/5 Google,423
B Square Burgers & Booze,26.119494,-80.132381,1021 E Las Olas Blvd,"Fort Lauderdale, FL 33301",Fort Lauderdale,American/Burgers,$$,4.2/5 Tripadvisor,269 reviews
CRAFT Fort Lauderdale,26.118343,-80.141383,Las Olas area,"Fort Lauderdale, FL 33301",Fort Lauderdale,American/Pizza,$$,4.8/5 Google,96
American Social,26.119459,-80.13554,721 E Las Olas Blvd,"Fort Lauderdale, FL 33301",Fort Lauderdale,American/Sports Bar,$$$,4.2/5 Google,499
Lobster Bar Sea Grille,26.118878,-80.138813,450 E Las Olas Blvd Ste 190,"Fort Lauderdale, FL 33301",Fort Lauderdale,Seafood/Steak,$$$$,4.7/5 Google,3005
Ocean Prime,26.120889,-80.107569,171 Las Olas Cir,"Fort Lauderdale, FL 33316",Fort Lauderdale,Seafood/Steak,$$$$,4.3/5 Google,145
Casa Playa,26.128319,-80.106364,401 N Birch Rd,"Fort Lauderdale, FL 33304",Fort Lauderdale,Tapas/Small Plates,$$$,4.7/5 Google,176
Doc B's Restaurant + Bar,26.127673,-80.136722,452 N Federal Hwy,"Fort Lauderdale, FL 33301",Fort Lauderdale,American/Fresh Kitchen,$$$,4.6/5 Google,3461
IL Mulino (Fort Lauderdale),26.136945,-80.121767,1800 E Sunrise Blvd,"Fort Lauderdale, FL 33304",Fort Lauderdale,Italian,$$$$,N/A,861+ Yelp
Theos Estiatorio,26.136731,-80.121388,1826 E Sunrise Blvd,"Fort Lauderdale, FL 33304",Fort Lauderdale,Greek/Mediterranean,$$$,4.7/5 Google,483
The Katherine,26.12281,-80.135469,723 E Broward Blvd,"Fort Lauderdale, FL 33301",Fort Lauderdale,Global Fusion/Contemporary American,$$$,4.4/5 Google,430
KUBO Asian Fusion and Bar,26.100771,-80.135391,745 SE 17th St,"Fort Lauderdale, FL 33316",Fort Lauderdale,Asian Fusion/Sushi,$$,N/A,N/A
Wan's,26.13745,-80.12118,N/A,"Fort Lauderdale, FL (Victoria Park)",Fort Lauderdale,Asian,$$,N/A,N/A
The Federal,26.13745,-80.12118,N/A,"Fort Lauderdale, FL (Victoria Park)",Fort Lauderdale,American Gastropub,$$,4.3/5 Google,116
Cvi.che 105 (Fort Lauderdale),26.119142,-80.140425,Las Olas area,"Fort Lauderdale, FL",Fort Lauderdale,Peruvian/Seafood,$$$,5.0/5 Tripadvisor,104 reviews
Vitolo,26.130806,-80.104259,551 N Fort Lauderdale Beach Blvd,"Fort Lauderdale, FL 33304",Fort Lauderdale,Italian,$$$,4.5/5 Google,455
Top Hat Deli,26.125416,-80.139019,415 NE 3rd St,"Fort Lauderdale, FL 33301",Fort Lauderdale,Jewish Deli,$$,4.6/5 Google,424
Rustic Inn Crabhouse,26.062595,-80.168471,4331 Anglers Ave,"Fort Lauderdale, FL 33312",Fort Lauderdale,Seafood,$$$,4.5/5 Google,12344
Southport Raw Bar & Restaurant,26.102516,-80.130402,1536 Cordova Rd,"Fort Lauderdale, FL 33316",Fort Lauderdale,Seafood,$$,4.5/5 Google,5846
Steak 954,26.128383,-80.104206,401 N Fort Lauderdale Beach Blvd,"Fort Lauderdale, FL 33304",Fort Lauderdale,Steakhouse,$$$$,4.4/5 Google,2101
Evelyn's,26.130125,-80.104207,525 N Fort Lauderdale Beach Blvd,"Fort Lauderdale, FL 33304",Fort Lauderdale,Mediterranean/Coastal Florida,$$$,4.5/5 Google,533
Maass,26.130125,-80.104207,525 N Fort Lauderdale Beach Blvd,"Fort Lauderdale, FL 33304",Fort Lauderdale,Modern European/American,$$$$,8.0/10 Infatuation,N/A
Chef's Counter at MAASS,26.130125,-80.104207,525 N Fort Lauderdale Beach Blvd,"Fort Lauderdale, FL 33304",Fort Lauderdale,Fine Dining Tasting Menu,$$$$,Michelin 1 Star,N/A
Takato,26.130806,-80.104259,551 N Fort Lauderdale Beach Blvd,"Fort Lauderdale, FL 33304",Fort Lauderdale,Japanese/Korean Fusion,$$$,4.6/5 Google,2133
S3 - Sun Surf Sand,26.13745,-80.121175,Fort Lauderdale Beach,"Fort Lauderdale, FL 33304",Fort Lauderdale,Steak/Seafood/Sushi,$$$$,4.5/5 Google,3836
Casablanca Cafe,26.125199,-80.104057,3049 Alhambra St,"Fort Lauderdale, FL 33304",Fort Lauderdale,Mediterranean-American/Eclectic,$$$,4.5/5 Google,5954
Coconuts,26.117241,-80.10608,429 Seabreeze Blvd,"Fort Lauderdale, FL 33316",Fort Lauderdale,Seafood/American Bar,$$$,4.5/5 Google,9988
Lona Cocina Tequileria,26.13745,-80.121175,Fort Lauderdale Beach,"Fort Lauderdale, FL 33304",Fort Lauderdale,Mexican,$$$,4.5/5 Google,7577
Tinta - Westin Fort Lauderdale Beach,26.13745,-80.121175,Fort Lauderdale Beach,"Fort Lauderdale, FL 33304",Fort Lauderdale,Latin/Spanish,$$$,4.8/5 Google,2388
Olive & Sea,26.13745,-80.121175,Fort Lauderdale Beach,"Fort Lauderdale, FL 33304",Fort Lauderdale,Mediterranean/Bar,$$$,4.0/5 Google,565
Dolce Salato Pizza Pasta & Gelato,26.158288,-80.134318,2406 Wilton Dr,"Wilton Manors, FL 33305",Wilton Manors,Italian/Pizza,$$,4.8/5 Google,465
Wild Sea Las Olas,26.123485,-80.141237,Las Olas Blvd,"Fort Lauderdale, FL 33301",Fort Lauderdale,American/Steakhouse,$$$,4.2/5 Google,620
Señor Frog's Fort Lauderdale,26.13745,-80.121175,Fort Lauderdale Beach,"Fort Lauderdale, FL 33304",Fort Lauderdale,Mexican/Bar,$$,4.7/5 Tripadvisor,325 reviews
Sandbar Grill,26.13745,-80.121175,Fort Lauderdale Beach,"Fort Lauderdale, FL 33304",Fort Lauderdale,American Bar,$$,4.5/5 Tripadvisor,668 reviews
15th Street Fisheries,26.103303,-80.120246,1900 SE 15th St,"Fort Lauderdale, FL 33316",Fort Lauderdale,Seafood,$$$,4.5/5 Google,6658
Golden Lyon Vintage Pub,26.118343,-80.141383,Las Olas area,"Fort Lauderdale, FL 33301",Fort Lauderdale,American/Pub,$$,4.7/5 Google,217
Casa D'Angelo Ristorante (Fort Lauderdale),26.141353,-80.120962,1201 N Federal Hwy,"Fort Lauderdale, FL 33304",Fort Lauderdale,Italian (Tuscan),$$$$,4.6/5 Google,1813
3030 Ocean,26.106781,-80.105843,3030 Holiday Dr,"Fort Lauderdale, FL 33316",Fort Lauderdale,Modern American Seafood,$$$$,3.9/5 Google,516
Cafe Martorano,26.167866,-80.101172,3343 E Oakland Park Blvd,"Fort Lauderdale, FL 33308",Fort Lauderdale,Italian-American,$$$$,4.1/5 Google,1022
Shooters Waterfront,26.166108,-80.103626,3033 NE 32nd Ave,"Fort Lauderdale, FL 33308",Fort Lauderdale,American/Waterfront,$$$,4.5/5 Google,14902
Canyon,26.136731,-80.121388,1818 E Sunrise Blvd,"Fort Lauderdale, FL 33304",Fort Lauderdale,Southwestern Fusion,$$$,4.1/5 Google,494
Kaluz Restaurant (Fort Lauderdale),26.189254,-80.103722,3300 E Commercial Blvd,"Fort Lauderdale, FL 33308",Fort Lauderdale,Steak/Seafood/American,$$$,4.6/5 Google,7090
Anthony's Runway 84,26.092385,-80.145751,330 W State Rd 84,"Fort Lauderdale, FL 33315",Fort Lauderdale,Italian-American,$$$$,4.0/5 Google,637
Heritage (Fort Lauderdale),26.135386,-80.139314,903 NE 5th Ave,"Fort Lauderdale, FL 33304",Fort Lauderdale,Italian,$$$,4.7/5 Google,504
Boatyard,26.102163,-80.12596,1555 SE 17th St,"Fort Lauderdale, FL 33316",Fort Lauderdale,Seafood,$$$,4.4/5 Google,7556
Ukiah Japanese Smokehouse,26.119609,-80.144952,221 SW First Ave,"Fort Lauderdale, FL 33301",Fort Lauderdale,Japanese Smokehouse,$$$,4.5/5 Google,323
Egg N' You Diner,26.160154,-80.11689,2621 N Federal Hwy,"Fort Lauderdale, FL 33306",Fort Lauderdale,American Diner,$,8.0/10 Infatuation,N/A
Nove Pasta House,26.136469,-80.117852,915 Middle River Dr,"Fort Lauderdale, FL 33304",Fort Lauderdale,Italian,$$$,8.0/10 Infatuation,N/A
Jack's Old Fashioned Hamburger House,26.179361,-80.120009,4201 N Federal Hwy,"Fort Lauderdale, FL 33308",Fort Lauderdale,Burgers/American,$$,7.8/10 Infatuation,N/A
Il Paesano,26.167778,-80.112852,2645 E Oakland Park Blvd,"Fort Lauderdale, FL 33306",Fort Lauderdale,Italian Market/Restaurant,$$,8.0/10 Infatuation,N/A
Lasso Gaucho,26.138668,-80.113629,2457 E Sunrise Blvd,"Fort Lauderdale, FL 33304",Fort Lauderdale,Brazilian Steakhouse,$$$,4.7/5 Google,869
Red Sea Eritrean & Ethiopian Cuisine,26.17161,-80.131005,3500 NE 12th Ave,"Oakland Park, FL 33334",Oakland Park,Ethiopian,$$,8.0/10 Infatuation,N/A
Epazote,26.204888,-80.107641,6206 N Federal Hwy,"Fort Lauderdale, FL 33308",Fort Lauderdale,Mexican,$$,4.8/5 Google,341
Tortilleria Mexicana,26.177505,-80.134462,4115 N Dixie Hwy,"Oakland Park, FL 33334",Oakland Park,Mexican,$,4.4/5 Google,355
Lips,26.167338,-80.128606,1421 E Oakland Park Blvd,"Fort Lauderdale, FL 33334",Fort Lauderdale,American/Drag Cabaret Dinner,$$$,N/A,N/A
Larb Thai-Isan,26.205289,-80.107943,6234 N Federal Hwy,"Fort Lauderdale, FL 33308",Fort Lauderdale,Thai,$$,4.7/5 Google,542
Mai-Kai,26.17261,-80.11996,3599 N Federal Hwy,"Fort Lauderdale, FL 33308",Fort Lauderdale,Polynesian/Tiki,$$$,4.4/5 Google,7184
Greek Islands Taverna,26.169302,-80.099871,3300 N Ocean Blvd,"Fort Lauderdale, FL 33308",Fort Lauderdale,Greek,$$,4.5/5 Google,733
"Daniel's, a Florida Steakhouse",26.113892,-80.136781,620 S Federal Hwy,"Fort Lauderdale, FL 33301",Fort Lauderdale,Steakhouse,$$$$,4.8/5 Google,302
D's Sports Bar,26.113892,-80.136781,620 S Federal Hwy,"Fort Lauderdale, FL 33301",Fort Lauderdale,American/Burgers,$$,4.7/5 Google,149
Nour Thai Kitchen,26.171885,-80.131008,3554 NE 12th Ave,"Oakland Park, FL 33334",Oakland Park,Thai,$$,4.5/5 Google,307
LaSpada's Original Hoagies,26.101491,-80.127967,1495D SE 17th St Cswy,"Fort Lauderdale, FL 33316",Fort Lauderdale,Sandwiches/Deli,$,8.2/10 Infatuation,N/A
Le Patio Restaurant,26.158502,-80.13307,2401 NE 11th Ave,"Wilton Manors, FL 33305",Wilton Manors,French Brasserie,$$$,4.7/5 Google,268
Apt 9F,26.155503,-80.139464,2163 Wilton Dr,"Wilton Manors, FL 33305",Wilton Manors,American Cocktail Bar,$$,4.8/5 Google,203
Thai Me Up,26.158532,-80.134757,2389 Wilton Dr,"Wilton Manors, FL 33305",Wilton Manors,Thai,$$,N/A,N/A
Voo La Voo Cafe,26.158134,-80.130096,2430 NE 13th Ave,"Wilton Manors, FL 33305",Wilton Manors,French/Crepes,$$,N/A,N/A
Stork's Cafe & Bakery,26.15886,-80.127636,2505 NE 15th Ave,"Wilton Manors, FL 33305",Wilton Manors,Cafe/Bakery/Breakfast,$,4.6/5 Google,414
Las Colinas,26.16155,-80.146125,2724 N Andrews Ave,"Wilton Manors, FL 33311",Wilton Manors,Cuban,$,3.5/5 Google,352
New York Grilled Cheese Co.,26.15638,-80.138538,2207 Wilton Dr,"Wilton Manors, FL 33305",Wilton Manors,Sandwiches,$,4.5/5 Google,2279
Candela Restaurant,26.164399,-80.138584,2909 NE 6th Ave,"Wilton Manors, FL 33334",Wilton Manors,Spanish Taberna,$$$,4.7/5 Google,362
Bravo Peruvian Kitchen (Wilton Manors),26.16469,-80.13859,2925 NE 6th Ave,"Wilton Manors, FL 33334",Wilton Manors,Peruvian,$$,4.7/5 Google,493
Ethos Greek Bistro,26.153935,-80.14051,2055 Wilton Dr,"Wilton Manors, FL 33305",Wilton Manors,Greek,$$,4.9/5 Google,769
La Mexicana Taco Bar,26.158134,-80.130096,2430 NE 13th Ave,"Wilton Manors, FL 33305",Wilton Manors,Mexican,$$,4.8/5 Google,852
Thirsty's Bistro,26.156469,-80.138422,2215 Wilton Dr,"Wilton Manors, FL 33305",Wilton Manors,American Bistro,$$,4.9/5 Google,146
Sardi Peruvian Cuisine,26.153665,-80.140572,2041 Wilton Dr,"Wilton Manors, FL 33305",Wilton Manors,Peruvian,$$,4.8/5 Google,171
Sozo Sushi Bar,26.157695,-80.135336,2362 Wilton Dr,"Wilton Manors, FL 33305",Wilton Manors,Japanese/Sushi,$$,4.8/5 Google,230
Papa Duke's Deli,26.152561,-80.140364,1952 Wilton Dr,"Wilton Manors, FL 33305",Wilton Manors,Sandwich Shop/Deli,$,4.8/5 Google,150
Di Valle's Cucina Italiana,26.169741,-80.118626,3471 N Federal Hwy,"Oakland Park, FL 33308",Oakland Park,Italian,$$$,4.9/5 Google,191
Satellite Pinball Lounge,26.171516,-80.131919,3501 N Dixie Hwy,"Oakland Park, FL 33334",Oakland Park,Bar/Pizza,$$,4.9/5 Google,85
New Legacy Vegans,26.165902,-80.179451,2701 W Oakland Park Blvd,"Oakland Park, FL 33311",Oakland Park,Vegan,$$,4.9/5 Google,60
Calusso Pier Sixty-Six,26.10158,-80.11412,2301 SE 17th St,"Fort Lauderdale, FL 33316",Fort Lauderdale,Italian-Coastal,$$$$,4.2/5 Google,296
Escape Rooftop Bar,26.13745,-80.12118,N/A,"Fort Lauderdale, FL (Victoria Park)",Fort Lauderdale,American/Rooftop,$$$,4.2/5 Google,192
Georgia Pig BBQ & Restaurant,26.103618,-80.201737,1285 S State Rd 7,"Fort Lauderdale, FL 33317",Fort Lauderdale,American Barbecue,$,4.2/5 Google,286
Mister O1 Extraordinary Pizza,26.006666,-80.288278,10640 Pines Blvd F10,"Pembroke Pines, FL",Pembroke Pines,Italian,N/A,4.9/5 Google,"2,594+ reviews"
Sirocco Mediterranean Restaurant & Lounge (Pembroke Pines),26.00364,-80.336865,521 SW 145th Terrace,"Pembroke Pines, FL",Pembroke Pines,Mediterranean/Lebanese,$$-$$$,4.9/5 Google,"1,266+ reviews"
Havana 1957 Cuban Cuisine,26.004221,-80.337984,14571 SW 5th St,"Pembroke Pines, FL 33027",Pembroke Pines,Cuban,$$-$$$,4.8/5 Google,"2,485+ reviews"
El Balcon de las Americas (Pembroke Pines),26.007764,-80.359893,15931 Pines Blvd,"Pembroke Pines, FL",Pembroke Pines,Colombian,N/A,4.8/5 Google,696+ reviews
Agave Bandido,26.004182,-80.335583,14531 SW 5th St,"Pembroke Pines, FL 33027",Pembroke Pines,Mexican,$$-$$$,4.7/5 Google,"1,343+ reviews"
Sufrat Mediterranean Grill (Pembroke Pines),26.0067,-80.286002,10430 Pines Blvd C101,"Pembroke Pines, FL",Pembroke Pines,Mediterranean,N/A,4.8/5 Google,701+ reviews
Keik Restaurant,26.008732,-80.295068,11033 Pines Blvd,"Pembroke Pines, FL",Pembroke Pines,American,$$$$,4.9/5 Google,315+ reviews
Pho Bar Vietnamese Kitchen,26.006666,-80.288278,10640 Pines Blvd,"Pembroke Pines, FL",Pembroke Pines,Vietnamese,N/A,4.8/5 Google,439+ reviews
E41 - Embarcadero 41,26.006626,-80.284347,10350 Pines Blvd D112,"Pembroke Pines, FL",Pembroke Pines,Seafood,N/A,4.8/5 Google,431+ reviews
Brandon's Bistro,26.010721,-80.295786,207 N Hiatus Rd,"Pembroke Pines, FL",Pembroke Pines,Southern,N/A,4.5/5 Google,471+ reviews
Sushi Sake,26.006666,-80.288278,10640 Pines Blvd,"Pembroke Pines, FL",Pembroke Pines,Japanese,N/A,4.7/5 Google,539+ reviews
KPOT Korean BBQ & Hot Pot (Pembroke Pines),26.011833,-80.359821,15995 Pines Blvd,"Pembroke Pines, FL",Pembroke Pines,Korean,N/A,4.9/5 Google,180+ reviews
Origen Signature Peruvian Cuisine,26.044096,-80.279874,10000 Stirling Rd #8,"Pembroke Pines, FL",Pembroke Pines,Peruvian,N/A,4.7/5 Google,405+ reviews
Tacu Taku Peruvian Kitchen,26.016324,-80.428541,911 NW 209th Ave #115,"Pembroke Pines, FL",Pembroke Pines,Peruvian,N/A,4.8/5 Google,267+ reviews
365 Thai & Sushi,26.00773,-80.39017,18265 Pines Blvd,"Pembroke Pines, FL",Pembroke Pines,Thai,N/A,4.9/5 Google,167+ reviews
Patria Boricua,26.008739,-80.283181,10255 Pines Blvd,"Pembroke Pines, FL",Pembroke Pines,Puerto Rican,N/A,4.9/5 Google,159+ reviews
Twin Peaks (Pembroke Pines),26.004464,-80.333793,440 SW 145th Ave,"Pembroke Pines, FL 33027",Pembroke Pines,American/Sports Bar,$$-$$$,4.5/5 Google,919+ reviews
Level TwentyNine Peruvian & Asian Cuisine,26.00271,-80.33687,600 SW 145th Terrace Ste A,"Pembroke Pines, FL",Pembroke Pines,Peruvian/Asian Fusion,N/A,4.5/5 Google,839+ reviews
Las Vegas Cuban Cuisine (Pembroke Pines),26.027938,-80.2493,2150 N University Dr,"Pembroke Pines, FL",Pembroke Pines,Cuban,N/A,4.6/5 Google,485+ reviews
Mantra Fine Indian Cuisine,26.007759,-80.360516,15953 Pines Blvd,"Pembroke Pines, FL",Pembroke Pines,Indian,N/A,4.7/5 Google,357+ reviews
Wahbi Sabi Japanese Korean Restaurant,26.00815,-80.27735,10032 Pines Blvd,"Pembroke Pines, FL",Pembroke Pines,Asian Fusion,N/A,4.7/5 Google,290+ reviews
Capriccio Ristorante,26.030209,-80.248998,2424 N University Dr,"Pembroke Pines, FL",Pembroke Pines,Italian,$$$$,4.5/5 Google,771+ reviews
Casa España Tapas Y Vinos,26.004206,-80.335687,14537 SW 5th St,"Pembroke Pines, FL",Pembroke Pines,Spanish,N/A,4.5/5 Google,611+ reviews
Las Cazuelas,26.00773,-80.390421,18279 Pines Blvd,"Pembroke Pines, FL",Pembroke Pines,Mexican,N/A,4.8/5 Google,126+ reviews
Nori Tori Japanese Buffet,26.00757,-80.34803,14838 Pines Blvd,"Pembroke Pines, FL",Pembroke Pines,Japanese,$$-$$$,4.6/5 Google,432+ reviews
Sr. Ceviche,26.027231,-80.248924,2086 N University Dr,"Pembroke Pines, FL",Pembroke Pines,Peruvian,N/A,4.5/5 Google,513+ reviews
Himalayan Indian Kitchen,26.00759,-80.29738,11262 Pines Blvd,"Pembroke Pines, FL",Pembroke Pines,Indian,N/A,4.8/5 Google,117+ reviews
Pubbelly Sushi (Pembroke Pines),26.005381,-80.333759,306 SW 145th Ave,"Pembroke Pines, FL",Pembroke Pines,Sushi,N/A,4.5/5 Google,353+ reviews
Village Tavern,26.006657,-80.334061,14555 SW 2nd St,"Pembroke Pines, FL 33027",Pembroke Pines,American,$$-$$$,4.4/5 Google,2650
Brimstone Wood Fire Grill,26.004144,-80.338068,14575 SW 5th St,"Pembroke Pines, FL 33027",Pembroke Pines,American/Steakhouse,$$-$$$,4.4/5 Google,4286
The Pub - Pembroke Pines,26.006256,-80.336512,237 SW 145th Terrace,"Pembroke Pines, FL 33027",Pembroke Pines,Gastropub,$$-$$$,4.5/5 Google,2289
Sosta Caffe,26.007267,-80.291257,10800 Pines Blvd,"Pembroke Pines, FL 33026",Pembroke Pines,Italian,$$-$$$,4.4/5 Google,1445
Mezes Greek Taverna,26.00681,-80.279086,10040 Pines Blvd,"Pembroke Pines, FL 33024",Pembroke Pines,Greek/Mediterranean,$$-$$$,4.7/5 Google,1144
Bare Bones BBQ and Jerk,26.019902,-80.279847,1451 N Palm Ave,"Pembroke Pines, FL 33026",Pembroke Pines,Barbecue/Caribbean,N/A,4.4/5 Google,N/A
Cebiche-Bar Pembroke Pines,26.006086,-80.292437,10860 Pines Blvd,"Pembroke Pines, FL 33025",Pembroke Pines,Peruvian,N/A,4.5/5 Google,N/A
Mikan Japanese Restaurant,26.004811,-80.315642,12502 Pines Blvd,"Pembroke Pines, FL 33027",Pembroke Pines,Japanese/Sushi,N/A,4.5/5 Google,N/A
Bahama Breeze (Pembroke Pines),26.007217,-80.293382,11000 Pines Blvd,"Pembroke Pines, FL 33026",Pembroke Pines,Caribbean,$$-$$$,4.2/5 Google,N/A
Cracker Barrel (Pembroke Pines),26.031846,-80.165681,N/A,"Pembroke Pines, FL",Pembroke Pines,American,$$-$$$,4.1/5 Google,922
Il Toscano Ristorante Italiano,26.031846,-80.165681,N/A,"Pembroke Pines, FL",Pembroke Pines,Italian,$$-$$$,4.5/5 Google,700
Bocas House Weston,26.096663,-80.380526,1793 Bell Tower Ln,"Weston, FL",Weston,Latin American/Contemporary,$$-$$$,4.8/5 Google,"1,256+ reviews"
Caminito Weston,26.094956,-80.369661,1916 Weston Rd,"Weston, FL",Weston,Argentine/Steakhouse,N/A,4.9/5 Google,378+ reviews
Zona Blu Weston Italian Restaurant,26.120735,-80.363033,189 Weston Rd,"Weston, FL",Weston,Italian/Sardinian,$$-$$$,4.5/5 Google,467+ reviews
Negroni Weston,26.097131,-80.38127,1744 Main St,"Weston, FL",Weston,French/International,$$-$$$,4.4/5 Google,662+ reviews
Carolina Ale House - Weston,26.086329,-80.370731,2618 Weston Rd,"Weston, FL",Weston,American/Sports Bar,N/A,4.7/5 Google,764+ reviews
Sushiato Weston,26.067345,-80.363068,4483 Weston Rd,"Weston, FL",Weston,Japanese,N/A,4.7/5 Google,498+ reviews
Katana Cocina Nikkei,26.094946,-80.369861,1952 Weston Rd,"Weston, FL",Weston,Sushi/Nikkei,N/A,4.7/5 Google,330+ reviews
Piola Italian Restaurant Weston,26.030547,-80.355546,15641 Sheridan St #600,"Weston, FL",Weston,Italian/Pizza,N/A,4.7/5 Google,434+ reviews
Ke-uH Restaurant (Weston),26.09094,-80.37162,2278 Weston Rd,"Weston, FL",Weston,Sushi,N/A,4.7/5 Google,337+ reviews
Ceviche Arigato Restaurant,26.117513,-80.391464,288 Indian Trace,"Weston, FL 33326",Weston,Peruvian/Japanese Fusion,$$-$$$,4.7/5 Google,377+ reviews
Bonefish Grill (Weston),26.065009,-80.364532,4545 Weston Rd,"Weston, FL",Weston,Seafood,$$-$$$,4.5/5 Google,620+ reviews
Moon Thai & Japanese,26.08196,-80.36797,2818 Weston Rd,"Weston, FL",Weston,Thai/Japanese,N/A,4.6/5 Google,369+ reviews
La Rural Argentine Steakhouse,26.090175,-80.370638,2346 Weston Rd,"Weston, FL",Weston,Steakhouse/Argentine,$$-$$$,4.5/5 Google,500+ reviews
Smoke on the Water,26.096476,-80.38337,1630 Bell Tower Ln,"Weston, FL",Weston,American/Bar,N/A,4.6/5 Google,342+ reviews
Salumeria 104 - Weston,26.103556,-80.36353,1370 Weston Rd,"Weston, FL",Weston,Italian,N/A,4.5/5 Google,220+ reviews
Myung Ga Tofu & Barbecue,26.095002,-80.369839,1944 Weston Rd,"Weston, FL",Weston,Korean,N/A,4.6/5 Google,233+ reviews
Baires Grill - Weston,26.092269,-80.37099,2210 Weston Rd,"Weston, FL",Weston,Argentine/Steakhouse,$$-$$$,4.4/5 Google,723+ reviews
Shibuya Grill & Sushi Bar Weston,26.138901,-80.422442,2600 Glades Cir #700,"Weston, FL",Weston,Asian Fusion/Sushi,$$-$$$,4.5/5 Google,294+ reviews
GuacaTacos - Mexican Cantina,26.0927,-80.367708,2203 N Commerce Pkwy,"Weston, FL",Weston,Mexican,N/A,4.4/5 Google,317+ reviews
Tarantella Ristorante & Pizzeria,26.096794,-80.381054,1755 Bell Tower Ln,"Weston, FL",Weston,Italian/Pizza,$$-$$$,4.4/5 Google,483+ reviews
Mangia & Bevi Pizzeria Napoletana Weston,26.08946,-80.37161,2378 Weston Rd,"Weston, FL",Weston,Italian/Pizza,N/A,4.4/5 Google,257+ reviews
La Perla Seafood Bar & Grill,26.10378,-80.36605,1396 SW 160th Ave Suite 6,"Weston, FL",Weston,Peruvian/Seafood,$$-$$$,4.5/5 Google,271+ reviews
Japan Inn,26.097199,-80.379495,1798 Market St,"Weston, FL",Weston,Japanese,N/A,4.3/5 Google,732+ reviews
Flanigan's Seafood Bar and Grill (Weston),26.089393,-80.370831,2460 Weston Rd,"Weston, FL",Weston,American/Seafood,$$-$$$,4.3/5 Google,575+ reviews
Anthony's Coal Fired Pizza & Wings (Weston),26.065009,-80.364532,4527 Weston Rd,"Weston, FL",Weston,Italian/Pizza,$$-$$$,4.3/5 Google,385+ reviews
Acquolina,26.090215,-80.371368,2320 Weston Rd,"Weston, FL",Weston,Italian/Seafood,$$-$$$,4.1/5 Google,477
El Churrascaso Grill - Miramar,25.985469,-80.299116,11608 City Hall Promenade,"Miramar, FL",Miramar,Steakhouse/Brazilian,N/A,4.8/5 Google,882+ reviews
Amici Trattoria Italian,25.978201,-80.297046,11338 Miramar Pkwy,"Miramar, FL",Miramar,Italian,$$-$$$,4.8/5 Google,608+ reviews
Zuru Ramen Bar - Miramar,25.979645,-80.296349,11225 Miramar Pkwy Ste 233,"Miramar, FL",Miramar,Ramen/Japanese,N/A,4.8/5 Google,401+ reviews
Cucina Moderna,25.979645,-80.296349,11225 Miramar Pkwy Ste 260,"Miramar, FL",Miramar,Italian/Pizza,N/A,4.6/5 Google,407+ reviews
World of Beer,25.979645,-80.296349,11225 Miramar Pkwy B295,"Miramar, FL",Miramar,American/Gastropub,N/A,4.5/5 Google,492+ reviews
Rosalia's Kitchen,25.978353,-80.307857,12130 Miramar Pkwy,"Miramar, FL",Miramar,Italian/Contemporary,$$-$$$,4.5/5 Google,446+ reviews
La Famiglia Italian Restaurant & Pizzeria,25.982758,-80.301843,11655 Red Rd,"Miramar, FL",Miramar,Italian/Pizza,$$-$$$,4.6/5 Google,396+ reviews
El Rey de la Salchipapa,25.982758,-80.301843,11635 Red Rd,"Miramar, FL",Miramar,Colombian,N/A,4.6/5 Google,205+ reviews
Chifa Du Kang - Miramar,25.979176,-80.34131,14633 Miramar Pkwy,"Miramar, FL",Miramar,Chinese/Peruvian,$$-$$$,4.8/5 Google,96+ reviews
Miga's Steak House,25.978888,-80.363115,16311 Miramar Pkwy,"Miramar, FL",Miramar,Steakhouse/Argentine,$$-$$$,4.4/5 Google,413+ reviews
Nami Sushi,25.979528,-80.317041,12711 Miramar Pkwy,"Miramar, FL",Miramar,Sushi/Japanese,N/A,4.6/5 Google,246+ reviews
Sushi Sake Miramar,25.979883,-80.393266,18415 Miramar Pkwy,"Miramar, FL",Miramar,Sushi/Japanese,N/A,4.5/5 Google,149+ reviews
T's Kitchen & Sweetz,25.992975,-80.207897,2000 S State Rd 7,"Miramar, FL",Miramar,American/Pasta,N/A,4.5/5 Google,92+ reviews
Texas Roadhouse (Miramar),25.980196,-80.355971,3241 SW 160th Ave,"Miramar, FL",Miramar,American/Steakhouse,$$-$$$,4.2/5 Google,682+ reviews
The Bistro - Eat. Drink. Connect.,25.981911,-80.341129,14500 SW 29th St,"Miramar, FL",Miramar,American,N/A,4.7/5 Google,65+ reviews
Mangia & Bevi Pizzeria Napoletana (Miramar),25.978753,-80.339441,14453 Miramar Pkwy,"Miramar, FL",Miramar,Italian/Pizza,N/A,4.5/5 Google,54+ reviews
El Fogon Peruvian Cuisine,25.981604,-80.3591,2913 SW 160th Ave,"Miramar, FL",Miramar,Peruvian,$$-$$$,4.2/5 Google,297+ reviews
La Belle Jacmelienne Cafe,25.979045,-80.247198,3328 S University Dr,"Miramar, FL",Miramar,Haitian,N/A,4.2/5 Google,232+ reviews
Bon Appetit Restaurant & 727 Lounge,25.995145,-80.212799,6252 Pembroke Rd,"Miramar, FL",Miramar,Haitian,N/A,4.1/5 Google,"1,450+ reviews"
Silver Spoon Thai & Sushi,25.98143,-80.35965,2929 SW 160th Ave,"Miramar, FL",Miramar,Thai/Sushi,$$-$$$,4.2/5 Google,246+ reviews
Primo's Pizza & Pasta,25.980915,-80.375275,17173 Miramar Pkwy,"Miramar, FL",Miramar,Italian/Pizza,$$-$$$,4.1/5 Google,212+ reviews
Tribeca Restaurant And Lounge,25.97745,-80.307741,12100 Miramar Pkwy #170,"Miramar, FL",Miramar,Latin American,N/A,4.0/5 Google,205+ reviews
Benihana - Miramar,25.980506,-80.354729,3261 SW 160th Ave,"Miramar, FL",Miramar,Japanese/Steakhouse,$$-$$$,3.7/5 Google,1336
Miramar Seafood And Steak,26.031846,-80.165681,N/A,"Miramar, FL",Miramar,American/Steakhouse,$$$$,4.9/5 Tripadvisor,7+ reviews
Cabana Cafe,26.031846,-80.165681,N/A,"Miramar, FL",Miramar,American/Bar,$$-$$$,4.0/5 Tripadvisor,100+ reviews
Lin's Asian Cuisine,26.031846,-80.165681,N/A,"Miramar, FL",Miramar,Chinese/Asian,$$-$$$,4.2/5 Tripadvisor,114+ reviews
Our Humble Abode,26.031846,-80.165681,N/A,"Miramar, FL",Miramar,American/Latin,$$-$$$,4.0/5 Tripadvisor,55+ reviews
Sal's Italian Restaurant,26.031846,-80.165681,N/A,"Miramar, FL",Miramar,Italian/Pizza,$$-$$$,3.7/5 Google,230
Pita Shop,26.031846,-80.165681,N/A,"Miramar, FL",Miramar,Lebanese/Mediterranean,$,4.2/5 Google,312
Just Spoons Cafe,26.12151,-80.242394,7023 W Broward Blvd,"Plantation, FL",Plantation,American/Comfort Food,N/A,4.9/5 Google,"1,555+ reviews"
El Balcon de las Americas - Sawgrass,26.146821,-80.309397,11901 W Sunrise Blvd,"Plantation, FL",Plantation,Colombian,N/A,4.8/5 Google,"1,267+ reviews"
La Casita Andina,26.125252,-80.202553,377 N State Rd 7 Ste 103,"Plantation, FL",Plantation,Peruvian,N/A,4.9/5 Google,256+ reviews
Luka Restaurant and Coffee,26.11919,-80.25181,244 S University Dr,"Plantation, FL",Plantation,Latin American/International,N/A,4.7/5 Google,570+ reviews
Cajun Boil Seafood Restaurant,26.119652,-80.254731,8000 W Broward Blvd Ste 1329,"Plantation, FL",Plantation,Cajun/Seafood,N/A,4.7/5 Google,491+ reviews
Olivo Mediterranean Cuisine,26.148669,-80.253276,7815 W Sunrise Blvd,"Plantation, FL",Plantation,Mediterranean,N/A,4.7/5 Google,326+ reviews
Il Baretto Ristorante,26.11919,-80.25181,220 S University Dr,"Plantation, FL",Plantation,Italian/Pizza,$$-$$$,4.7/5 Google,356+ reviews
Cucina Alfresco,26.120923,-80.240909,6975 W Broward Blvd,"Plantation, FL",Plantation,Italian,N/A,4.9/5 Google,155+ reviews
Bonefish Grill (Plantation),26.14763,-80.286616,10197 W Sunrise Blvd,"Plantation, FL",Plantation,Seafood,$$-$$$,4.6/5 Google,677
Kaluz Restaurant Plantation,26.122413,-80.252386,100 N University Dr,"Plantation, FL",Plantation,New American,$$-$$$,4.6/5 Google,366+ reviews
Vignetos Italian Grill,26.101881,-80.251403,1511 S University Dr,"Plantation, FL",Plantation,Italian,$$-$$$,4.7/5 Google,359
J. Alexander's Restaurant (Plantation),26.120027,-80.263017,8550 W Broward Blvd,"Plantation, FL",Plantation,American/Contemporary,$$-$$$,4.3/5 Google,508
Burtons Grill & Bar,26.107842,-80.251592,1003 S University Dr,"Plantation, FL",Plantation,American,$$-$$$,4.6/5 Google,304+ reviews
Sushiato Plantation,26.108101,-80.251165,1009 S University Dr,"Plantation, FL",Plantation,Japanese,N/A,4.9/5 Google,113+ reviews
Whiskey Neat Plantation,26.144418,-80.313261,12310 W Sunrise Blvd,"Plantation, FL",Plantation,American/Bar,N/A,4.8/5 Google,136+ reviews
Sicilian Oven (Plantation),26.110609,-80.252042,801 S University Dr B116,"Plantation, FL",Plantation,Italian/Pizza,$$-$$$,4.6/5 Google,402
Tacocraft Taqueria & Tequila Bar (Plantation),26.124572,-80.256186,301 N University Dr,"Plantation, FL",Plantation,Mexican,N/A,4.2/5 Google,323+ reviews
Marumi Sushi,26.14885,-80.261147,8271 W Sunrise Blvd,"Plantation, FL",Plantation,Sushi/Japanese,N/A,4.3/5 Google,274+ reviews
Prime K BBQ,26.102435,-80.251366,1361 S University Dr,"Plantation, FL",Plantation,Korean Barbecue,N/A,4.7/5 Google,146+ reviews
Duffy's Sports Grill (Plantation),26.109733,-80.251187,811 S University Dr,"Plantation, FL",Plantation,American/Sports Bar,$$-$$$,4.5/5 Google,542
Al-Salam Halal Mediterranean,26.149199,-80.255643,1816 N University Dr,"Plantation, FL",Plantation,Mediterranean/Halal,N/A,4.5/5 Google,435+ reviews
Dar Tajine Moroccan,26.14887,-80.261301,8281 W Sunrise Blvd,"Plantation, FL",Plantation,Moroccan,N/A,4.6/5 Google,328+ reviews
Otoro Sushi + Asian Kitchen,26.10249,-80.250088,1447 S University Dr,"Plantation, FL",Plantation,Sushi/Asian,N/A,4.5/5 Google,298+ reviews
Al Natour Middle Eastern Restaurant,26.148226,-80.257163,1787 N University Dr,"Plantation, FL",Plantation,Lebanese/Mediterranean,$$-$$$,4.5/5 Google,402
Padrino's Cuban Restaurant (Plantation),26.108108,-80.25179,1039 S University Dr #210,"Plantation, FL",Plantation,Cuban,$$-$$$,4.3/5 Google,446
Brio Italian Grille,26.031846,-80.165681,N/A,"Plantation, FL",Plantation,Italian,$$-$$$,3.9/5 Google,748
Koume Japanese Restaurant,26.031846,-80.165681,N/A,"Plantation, FL",Plantation,Japanese/Sushi,$$-$$$,4.5/5 Google,255
La Bamba Mexican and Spanish Restaurant,26.031846,-80.165681,N/A,"Plantation, FL",Plantation,Mexican/Spanish,$$-$$$,4.4/5 Google,459
Maple and Cream Restaurant,26.12667,-80.256909,375 N University Dr,"Plantation, FL",Plantation,American/Brunch,$$-$$$,4.4/5 Google,459
Ford's Garage Plantation,26.124572,-80.256186,301 N University Dr Ste 600,"Plantation, FL",Plantation,American/Burgers,N/A,4.4/5 Google,547+ reviews
Fonda Tipico Rinconcito Colombiano,26.171599,-80.256871,3801 N University Dr Ste 306,"Sunrise, FL",Sunrise,Colombian,N/A,4.9/5 Google,423+ reviews
One Lebanese,26.10378,-80.36605,1396 SW 160th Ave,"Sunrise, FL",Sunrise,Lebanese,N/A,4.8/5 Google,273+ reviews
Seasons 52 (Sunrise),26.14965,-80.319104,1862 Sawgrass Mills Cir,"Sunrise, FL 33323",Sunrise,New American,$$$,4.6/5 Google,826+ reviews
E41 - Embarcadero 41 (Sunrise),26.123372,-80.330853,189 NW 136th Ave,"Sunrise, FL",Sunrise,Seafood,N/A,4.6/5 Google,540+ reviews
Outback Steakhouse (Sunrise),26.145269,-80.323574,12719 W Sunrise Blvd,"Sunrise, FL",Sunrise,American/Steakhouse,$$-$$$,4.6/5 Google,591+ reviews
One Italian,26.10411,-80.36588,1342 SW 160th Ave,"Sunrise, FL",Sunrise,Italian,N/A,4.7/5 Google,338+ reviews
All That Jazz South Florida,26.169954,-80.29626,3491 Hiatus Rd,"Sunrise, FL",Sunrise,American,N/A,4.8/5 Google,268+ reviews
Don Matias Restaurant,26.178358,-80.253959,7788 NW 44th St,"Sunrise, FL",Sunrise,Colombian,N/A,4.6/5 Google,330+ reviews
Zaika Weston (Sunrise),26.10381,-80.36604,1384 SW 160th Ave,"Sunrise, FL",Sunrise,Indian,N/A,4.7/5 Google,188+ reviews
Ceviche Point,26.154029,-80.283165,10031 Sunset Strip,"Sunrise, FL",Sunrise,Peruvian,N/A,4.5/5 Google,318+ reviews
Kings Head British Pub,26.15726,-80.256838,2692 N University Dr #13,"Sunrise, FL",Sunrise,British/Pub,N/A,4.7/5 Google,300+ reviews
Sankofa Kitchen International,26.187291,-80.291689,5007 Hiatus Rd,"Sunrise, FL",Sunrise,African,N/A,4.6/5 Google,124+ reviews
Lickie Stickie BBQ,26.179697,-80.254295,7794 NW 44th St,"Sunrise, FL",Sunrise,Barbecue,N/A,4.5/5 Google,172+ reviews
Yard House (Sunrise),26.154315,-80.322515,2610 Sawgrass Mills Cir Ste 1401,"Sunrise, FL",Sunrise,New American/Gastropub,$$-$$$,4.3/5 Google,490+ reviews
Grand Lux Cafe,26.148737,-80.323086,1780 Sawgrass Mills Cir,"Sunrise, FL",Sunrise,American/Italian,$$-$$$,4.3/5 Google,523+ reviews
TEN TEN Chinese Seafood Dim Sum,26.15286,-80.28511,10101 Sunset Strip,"Sunrise, FL",Sunrise,Chinese/Dim Sum,N/A,4.3/5 Google,342+ reviews
Tea Time,26.179696,-80.253726,7762 NW 44th St,"Sunrise, FL",Sunrise,Tea Room/Cafe,N/A,4.8/5 Google,152+ reviews
Gigi's Music Cafe,26.17811,-80.26878,4385 NW 88th Ave,"Sunrise, FL",Sunrise,Soul Food,N/A,4.5/5 Google,176+ reviews
St Bess Kitchen,26.166763,-80.260551,8318 W Oakland Park Blvd,"Sunrise, FL",Sunrise,Caribbean/Seafood,N/A,4.2/5 Google,241+ reviews
Nirala Sweets & Restaurant,26.16846,-80.26989,8913 W Oakland Park Blvd,"Sunrise, FL",Sunrise,Pakistani/Indian,N/A,4.2/5 Google,328+ reviews
Bob G's Wings N Things,26.193456,-80.272074,9060 W Commercial Blvd,"Sunrise, FL",Sunrise,American,N/A,4.2/5 Google,321+ reviews
Olive Garden Italian Restaurant (Sunrise),26.145002,-80.326427,13500 W Sunrise Blvd,"Sunrise, FL",Sunrise,Italian,$$,4.3/5 Google,99+ reviews
Sushigami,26.147095,-80.322637,12801 W Sunrise Blvd,"Sunrise, FL",Sunrise,Sushi/Japanese,N/A,4.2/5 Google,261+ reviews
Villagio,26.14882,-80.322544,1760 Sawgrass Mills Cir,"Sunrise, FL",Sunrise,Italian,$$-$$$,4.1/5 Google,395+ reviews
Crafty Crab Sunrise,26.15071,-80.2588,2019 N University Dr,"Sunrise, FL",Sunrise,Seafood,$$-$$$,4.0/5 Google,200+ reviews
P.F. Chang's (Sunrise),26.148652,-80.32252,1740 Sawgrass Mills Cir,"Sunrise, FL 33323",Sunrise,Chinese,$$-$$$,4.4/5 Google,"1,022+ reviews"
Texas de Brazil - Sawgrass,26.15604,-80.31685,2606 Sawgrass Mills Cir Ste 1301B,"Sunrise, FL 33323",Sunrise,Brazilian Steakhouse,$$$$,4.3/5 Google,N/A
Rainforest Cafe,26.147095,-80.322637,12801 W Sunrise Blvd,"Sunrise, FL 33323",Sunrise,American,$$,4.4/5 Google,N/A
Bahama Breeze (Sunrise),26.15741,-80.319205,2750 Sawgrass Mills Cir,"Sunrise, FL 33323",Sunrise,Caribbean,$$-$$$,4.3/5 Google,N/A
Tin Fish,26.152865,-80.284019,10053 Sunset Strip,"Sunrise, FL 33322",Sunrise,Seafood,$$-$$$,4.3/5 Google,N/A
Lester's Diner (Sunrise),26.139179,-80.330692,1393 NW 136th Ave,"Sunrise, FL 33323",Sunrise,Diner/American,$,4.3/5 Google,N/A
Matchbox,26.149444,-80.319728,1860 Sawgrass Mills Cir #5100,"Sunrise, FL 33323",Sunrise,New American,$$-$$$,4.4/5 Google,N/A
Divieto Ristorante - Coral Springs,26.264299,-80.249301,2729 N University Dr,"Coral Springs, FL",Coral Springs,Italian,$$-$$$,4.8/5 Google,444+ reviews
El Balcon de las Americas - Coral Springs,26.271787,-80.231872,7932 W Sample Rd,"Coral Springs, FL",Coral Springs,Colombian,N/A,4.9/5 Google,697+ reviews
MTB Top Burgers,26.282896,-80.203278,4320 N State Rd 7,"Coral Springs, FL",Coral Springs,Brazilian/Burgers,N/A,4.7/5 Google,424+ reviews
Benihana - Coral Springs,26.251721,-80.252477,1695 N University Dr,"Coral Springs, FL",Coral Springs,Japanese/Steakhouse,$$-$$$,4.3/5 Google,"1,344+ reviews"
La Marsa Coral Springs,26.272545,-80.208941,6268 West Sample Rd,"Coral Springs, FL",Coral Springs,Mediterranean,N/A,4.7/5 Google,295+ reviews
E41 - Embarcadero 41 Coral Springs,26.268669,-80.249439,3111 N University Dr #113,"Coral Springs, FL",Coral Springs,Seafood,N/A,4.7/5 Google,279+ reviews
Livello,26.256401,-80.249145,2047 N University Dr,"Coral Springs, FL",Coral Springs,Italian,N/A,4.7/5 Google,239+ reviews
Lao Hu Tong,26.26171,-80.250468,2554 N University Dr,"Coral Springs, FL",Coral Springs,Chinese,N/A,4.8/5 Google,172+ reviews
KPOT Korean BBQ & Hot Pot (Coral Springs),26.285669,-80.246429,9120 Wiles Rd,"Coral Springs, FL",Coral Springs,Korean,N/A,4.7/5 Google,212+ reviews
Carrabba's Italian Grill,26.261557,-80.249135,2501 N University Dr,"Coral Springs, FL",Coral Springs,Italian,$$-$$$,4.6/5 Google,456+ reviews
Patio Flamenco,26.29795,-80.253658,9651 Westview Dr,"Coral Springs, FL",Coral Springs,Spanish,N/A,4.7/5 Google,187+ reviews
Restaurante Colombiano,26.256389,-80.249126,2049 N University Dr,"Coral Springs, FL",Coral Springs,Colombian,N/A,4.5/5 Google,420+ reviews
Melting Pot (Coral Springs),26.272115,-80.264396,10374 W Sample Rd,"Coral Springs, FL",Coral Springs,Fondue/American,$$$$,4.5/5 Google,589+ reviews
Eddie and Vinny's,26.272899,-80.261954,10181 W Sample Rd,"Coral Springs, FL",Coral Springs,Italian,$$$$,4.7/5 Google,157
SEA Asian Bistro,26.255344,-80.250806,1933 N University Dr,"Coral Springs, FL",Coral Springs,Asian Fusion,N/A,4.5/5 Google,285+ reviews
Tacocraft Taqueria & Tequila Bar (Coral Springs),26.27135,-80.25094,3240 N University Dr,"Coral Springs, FL",Coral Springs,Mexican,N/A,4.5/5 Google,276+ reviews
Tap 42 Craft Kitchen & Bar (Coral Springs),26.268669,-80.249439,3111 N University Dr Ste 100,"Coral Springs, FL",Coral Springs,American,N/A,4.4/5 Google,597+ reviews
Bravo Peruvian Kitchen (Coral Springs),26.272849,-80.255931,9711 W Sample Rd,"Coral Springs, FL",Coral Springs,Peruvian,N/A,4.5/5 Google,245+ reviews
Moore Fire Grill,26.276002,-80.207987,6291 W Sample Rd,"Coral Springs, FL",Coral Springs,Southern,N/A,4.6/5 Google,173+ reviews
"Phat Boy Sushi, Kitchen & Bar (Coral Springs)",26.263536,-80.250536,2702 N University Dr,"Coral Springs, FL",Coral Springs,Sushi/Japanese,N/A,4.4/5 Google,460+ reviews
Bonefish Grill (Coral Springs),26.248985,-80.252489,1455 N University Dr,"Coral Springs, FL",Coral Springs,Seafood,$$-$$$,4.4/5 Google,536+ reviews
Runyon's,26.27195,-80.257191,9810 W Sample Rd,"Coral Springs, FL",Coral Springs,Steakhouse/Fine Dining,$$$$,4.4/5 Google,442+ reviews
Tarka Karahi and Kabab House,26.272558,-80.23145,7881 W Sample Rd,"Coral Springs, FL",Coral Springs,Indian/Pakistani,N/A,4.4/5 Google,321+ reviews
BJ's Restaurant & Brewhouse,26.250436,-80.253907,1580 N University Dr,"Coral Springs, FL",Coral Springs,American/Brewpub,$$-$$$,4.3/5 Google,685+ reviews
THE NAMU Korean Japanese Kitchen & Izakaya,26.259255,-80.264446,10317 Royal Palm Blvd,"Coral Springs, FL",Coral Springs,Korean/Japanese,$$-$$$,4.3/5 Google,474+ reviews
Big Bear Brewing Company,26.27258,-80.26044,N/A,"Coral Springs, FL",Coral Springs,American/Brewpub,$$-$$$,4.3/5 Tripadvisor,838+ reviews
The Cook and the Cork,26.27258,-80.26044,N/A,"Coral Springs, FL",Coral Springs,American/International,$$-$$$,4.2/5 Google,435
Rock n Roll Ribs,26.27258,-80.26044,N/A,"Coral Springs, FL",Coral Springs,American/BBQ,$$-$$$,4.3/5 Tripadvisor,424+ reviews
Red Ginger,26.27258,-80.26044,N/A,"Coral Springs, FL",Coral Springs,Chinese/Sushi,$$-$$$,4.1/5 Tripadvisor,337+ reviews
Bonefish Mac's Sports Grille,26.27258,-80.26044,N/A,"Coral Springs, FL",Coral Springs,American/Bar,$$-$$$,4.1/5 Tripadvisor,311+ reviews
Hellenic Republic,26.27258,-80.26044,N/A,"Coral Springs, FL",Coral Springs,Greek/Mediterranean,$$-$$$,4.1/5 Tripadvisor,30+ reviews
Hamachi Thai And Sushi,26.27258,-80.26044,N/A,"Coral Springs, FL",Coral Springs,Japanese/Thai/Sushi,$$-$$$,4.1/5 Google,238
Arun's Indian Kichen,26.27258,-80.26044,N/A,"Coral Springs, FL",Coral Springs,Indian,$,4.4/5 Google,376
Francisca Charcoal Chicken & Meats (Davie),26.094152,-80.249657,2258 S University Dr,"Davie, FL",Davie,Latin American,N/A,4.9/5 Google,"1,414+ reviews"
Cilantro Asian Bistro,26.11107,-80.303064,11590 W State Rd 84,"Davie, FL",Davie,Sushi/Asian,$$-$$$,4.9/5 Google,652+ reviews
Twin Peaks (Davie),26.095462,-80.250251,2000 S University Dr,"Davie, FL",Davie,American/Sports Bar,$$-$$$,4.8/5 Google,"1,636+ reviews"
The Greek Joint Kitchen and Bar,26.04727,-80.248266,5810 S University Dr 118-119,"Davie, FL",Davie,Greek,N/A,4.7/5 Google,304+ reviews
Pho Bar Vietnamese Kitchen (Davie),26.064622,-80.230552,6310 Griffin Rd,"Davie, FL",Davie,Vietnamese,N/A,4.8/5 Google,659+ reviews
Buca di Beppo Italian Restaurant,26.079633,-80.252159,3355 S University Dr,"Davie, FL",Davie,Italian,$$-$$$,4.7/5 Google,844+ reviews
Alta Vaca Grill,26.090315,-80.249689,7740 Nova Dr,"Davie, FL",Davie,Argentine/Steakhouse,$$-$$$,4.8/5 Google,324+ reviews
"Phat Boy Sushi, Kitchen & Bar (Davie)",26.089381,-80.251898,2451 S University Dr,"Davie, FL",Davie,Japanese/Sushi,N/A,4.7/5 Google,565+ reviews
Bae Korean Grill,26.052613,-80.210954,5711 Seminole Way #100,"Davie, FL",Davie,Korean,N/A,4.7/5 Google,608+ reviews
Esposito's Pizza Bar Restaurant,26.093584,-80.252162,2221 S University Dr,"Davie, FL",Davie,Italian/Pizza,N/A,4.7/5 Google,449+ reviews
Poke Ramen Asian Soul Kitchen,26.09582,-80.24935,1908 S University Dr,"Davie, FL",Davie,Asian/Poke/Ramen,N/A,4.7/5 Google,425+ reviews
Sushi Song Davie,26.063862,-80.231681,6370 Griffin Rd Unit c101,"Davie, FL",Davie,Sushi/Japanese,N/A,4.4/5 Google,155+ reviews
Lemongrass Hotpot,26.053025,-80.206691,5450 S State Rd 7,"Davie, FL",Davie,Chinese/Hot Pot,$$-$$$,4.7/5 Google,347+ reviews
Pinsa 104,26.060939,-80.251487,4900 S University Dr Ste 104,"Davie, FL",Davie,Italian,N/A,4.9/5 Google,107+ reviews
Palace Indian Restaurant,26.111087,-80.301154,11422 W State Rd 84,"Davie, FL",Davie,Indian,N/A,4.6/5 Google,435+ reviews
Emerald Thai Restaurant,26.1012,-80.26246,8500 W State Rd 84,"Davie, FL",Davie,Thai,N/A,4.8/5 Google,248+ reviews
My Big Fat Greek Restaurant,26.06291,-80.19065,3445 Griffin Rd,"Davie, FL",Davie,Greek,N/A,4.6/5 Google,446+ reviews
Zabb Thai & Sushi,26.10233,-80.267265,8880 W State Rd 84,"Davie, FL",Davie,Thai/Sushi,$$-$$$,4.6/5 Google,413
Kub Kao Thai & Sushi,26.062373,-80.252661,4777 S University Dr,"Davie, FL",Davie,Thai/Sushi,N/A,4.6/5 Google,263+ reviews
La Esquina Restaurante,26.11576,-80.323375,13010 W State Rd 84,"Davie, FL",Davie,Mexican,N/A,4.5/5 Google,456+ reviews
Oh Ceviche,26.046532,-80.253372,5941 S University Dr,"Davie, FL",Davie,Peruvian,N/A,4.6/5 Google,336+ reviews
A Taco by Divino,26.030564,-80.356102,15651 Sheridan St Suite 700,"Davie, FL",Davie,Mexican/Tacos,N/A,4.6/5 Google,191+ reviews
Elvis Italian Grille (Davie),26.063172,-80.203344,4261 Griffin Rd,"Davie, FL",Davie,Italian,N/A,4.7/5 Google,115+ reviews
Peru Puro Sabor,26.059741,-80.208288,5021 S State Rd 7 #209,"Davie, FL",Davie,Peruvian,N/A,4.9/5 Google,67+ reviews
Mr. & Mrs. Crab Juicy Seafood & Bar,26.111126,-80.301322,11432 W State Rd 84,"Davie, FL",Davie,Seafood,$$-$$$,4.5/5 Google,284+ reviews
Kuro (Davie),26.052386,-80.212209,1 Seminole Way,"Davie, FL",Davie,Japanese,N/A,4.5/5 Google,418+ reviews
Vienna Wine Bar,26.10327,-80.27062,9100 W State Rd 84,"Davie, FL 33324",Davie,European/Austrian,$$-$$$,4.5/5 Google,N/A
Ceviche 595,26.095767,-80.249337,1910 S University Dr,"Davie, FL 33324",Davie,Peruvian/Seafood,$$-$$$,4.7/5 Google,155+ reviews
Tijuana Taxi Co.,26.066468,-80.251686,4400 S University Dr,"Davie, FL 33328",Davie,Mexican/Tex-Mex,$$-$$$,4.1/5 Tripadvisor,349+ reviews
Kristof's Kafe,26.100411,-80.268175,8912 W State Rd 84,"Davie, FL 33324",Davie,American/Breakfast,$$-$$$,4.4/5 Google,348
Ally's Comfort Cafe,26.1165,-80.33208,13674 W State Rd 84,"Davie, FL 33325",Davie,American/Breakfast/Brunch,$,4.5/5 Google,338
Vienna Cafe & Bistro,26.046402,-80.311036,5724 S Flamingo Rd,"Cooper City, FL",Cooper City,French,N/A,4.7/5 Google,453+ reviews
Firefly Italian Restaurant & Alfredo Pizza,26.06125,-80.3109,4718 S Flamingo Rd,"Cooper City, FL",Cooper City,Italian/Pizza,N/A,4.8/5 Google,220+ reviews
Melting Pot (Cooper City),26.045359,-80.311125,5834 S Flamingo Rd,"Cooper City, FL",Cooper City,Fondue/American,$$$$,4.6/5 Google,584+ reviews
Sicilian Oven (Cooper City),26.048378,-80.3115,5544 S Flamingo Rd,"Cooper City, FL",Cooper City,Italian/Pizza,$$-$$$,4.6/5 Google,220+ reviews
Panguich,26.045062,-80.282611,10215 Stirling Rd,"Cooper City, FL",Cooper City,Peruvian,N/A,4.7/5 Google,133+ reviews
Tin Cup Sports Bar & Grill,26.05906,-80.27034,5050 SW 90th Ave,"Cooper City, FL",Cooper City,American/Bar,N/A,4.7/5 Google,211+ reviews
Napoli Now! Pizza Napoletana,26.044303,-80.273846,9630 Stirling Rd #102,"Cooper City, FL",Cooper City,Italian/Pizza,N/A,4.7/5 Google,115+ reviews
Wolf's Steakhouse,26.045542,-80.261068,8655 Stirling Rd,"Cooper City, FL",Cooper City,Steakhouse,$$$$,4.4/5 Google,579+ reviews
Vegan Tierra,26.045714,-80.262463,8755 Stirling Rd,"Cooper City, FL",Cooper City,Vegan,N/A,4.5/5 Google,249+ reviews
Effe Cafe,26.045032,-80.283704,10295 Stirling Rd,"Cooper City, FL",Cooper City,Cafe/Italian,N/A,4.7/5 Google,122+ reviews
Taj Indian Grill,26.048001,-80.311021,5602 S Flamingo Rd,"Cooper City, FL",Cooper City,Indian,N/A,4.5/5 Google,197+ reviews
Luv'n Oven Pizza & Pasta,26.063536,-80.27792,9410 Griffin Rd,"Cooper City, FL",Cooper City,Italian/Pizza,N/A,4.4/5 Google,245+ reviews
Vita Italian Restaurant & Pizza,26.063061,-80.280952,10014 Griffin Rd,"Cooper City, FL",Cooper City,Italian/Pizza,N/A,4.4/5 Google,267+ reviews
La Brochette Bistro,26.057938,-80.270275,N/A,"Cooper City, FL",Cooper City,French/Mediterranean,$$$,N/A,N/A
Litchi Ramen,26.045715,-80.262393,8751 Stirling Rd,"Cooper City, FL",Cooper City,Ramen/Asian,N/A,4.6/5 Google,148+ reviews
Taste Of The City,26.063471,-80.27965,9940 Griffin Rd,"Cooper City, FL",Cooper City,Cafe/American,N/A,4.5/5 Google,220+ reviews
Farmer's Table,26.366134,-80.121793,1901 N Military Trl,"Boca Raton, FL 33431",Boca Raton,New American,$$$,4.4/5 Google,"3,800+"
Abe & Louie's Boca Raton,26.36752,-80.126006,2200 Glades Rd,"Boca Raton, FL 33431",Boca Raton,Steakhouse,$$$$,4.5/5 Google,"1,350+"
Six Tables a Restaurant (STaR),26.352028,-80.08518,"112 NE 2nd St, Mizner Plaza","Boca Raton, FL 33432",Boca Raton,European/Continental,$$$$,4.7/5 Google,120+
Kapow Noodle Bar,26.354799,-80.084762,402 Plaza Real,"Boca Raton, FL 33432",Boca Raton,Asian Fusion,$$,4.5/5 Google,"1,600+"
Seasons 52 (Boca Raton),26.369557,-80.124722,2300 NW Executive Center Dr,"Boca Raton, FL 33431",Boca Raton,New American,$$,4.6/5 Google,"2,800+"
TwentyTwenty Grille,26.347252,-80.084579,"141 Via Naranjas, Royal Palm Place","Boca Raton, FL 33432",Boca Raton,New American,$$$,4.8/5 Google,900+
The Capital Grille (Boca Raton),26.365071,-80.13297,6000 Glades Rd,"Boca Raton, FL 33431",Boca Raton,Steakhouse,$$$$,4.6/5 Google,"1,500+"
V & S Italian Deli,26.374918,-80.076847,2621 N Federal Hwy,"Boca Raton, FL 33431",Boca Raton,Italian/Deli,$$,4.7/5 Google,N/A
La Nouvelle Maison,26.350849,-80.078339,455 E Palmetto Park Rd,"Boca Raton, FL 33432",Boca Raton,French,$$$$,4.4/5 Google,550+
City Fish Market,26.366988,-80.167874,7940 Glades Rd,"Boca Raton, FL 33434",Boca Raton,Seafood,$$$,4.3/5 Google,N/A
Houston's (Boca Raton),26.36889,-80.122022,1900 NW Executive Center Cir,"Boca Raton, FL 33431",Boca Raton,American,$$$,4.2/5 Google,"2,500+"
Chops Lobster Bar,26.347783,-80.085141,101 Plaza Real S,"Boca Raton, FL 33432",Boca Raton,Steakhouse/Seafood,$$$$,4.6/5 Google,"1,650+"
Ichiyami Buffet & Sushi,26.348307,-80.083704,145 SE Mizner Blvd,"Boca Raton, FL 33432",Boca Raton,Japanese/Sushi Buffet,$$,4.6/5 Google,"4,000+"
Tin Muffin Cafe,26.350305,-80.080387,364 E Palmetto Park Rd,"Boca Raton, FL 33432",Boca Raton,American/Cafe,$,4.7/5 Google,425+
Rocco's Tacos & Tequila Bar (Boca Raton),26.408003,-80.146385,Boca Center,"Boca Raton, FL 33431",Boca Raton,Mexican,$$,4.3/5 Google,N/A
Ke'e Grill,26.410402,-80.121133,17940 N Military Trl #700,"Boca Raton, FL 33496",Boca Raton,Seafood/American,$$$,4.5/5 Google,910+
J. Alexander's Restaurant (Boca Raton),26.365632,-80.112967,1400 Glades Rd Bay 200,"Boca Raton, FL 33431",Boca Raton,American,$$$,4.4/5 Google,"1,900+"
New York Prime,26.370126,-80.126119,2350 NW Executive Center Dr,"Boca Raton, FL 33431",Boca Raton,Steakhouse,$$$$,4.4/5 Google,"1,150+"
Casa D'Angelo Ristorante (Boca Raton),26.350697,-80.08401,171 E Palmetto Park Rd,"Boca Raton, FL 33432",Boca Raton,Italian,$$$$,4.4/5 Google,N/A
Tanzy,26.353419,-80.086026,301 Plaza Real,"Boca Raton, FL 33432",Boca Raton,Italian,$$$$,4.3/5 Google,600+
Melting Pot (Boca Raton),26.344194,-80.115944,N/A,"Boca Raton, FL",Boca Raton,Fondue,$$$$,4.7/5 Google,"1,170+"
Rafina Greek Taverna,26.3335,-80.15139,6877 SW 18th St,"Boca Raton, FL 33433",Boca Raton,Greek,$$,4.3/5 Google,N/A
SeaSpray Inlet Grill,26.339162,-80.073189,999 E Camino Real,"Boca Raton, FL 33432",Boca Raton,Florida Coastal,$$,4.1/5 Google,N/A
Boca Landing,26.339162,-80.073189,999 E Camino Real,"Boca Raton, FL 33432",Boca Raton,Fine Dining/Seafood,$$$$,4.1/5 Google,N/A
Waterstone Rum Bar & Grill,26.339162,-80.073189,999 E Camino Real,"Boca Raton, FL 33432",Boca Raton,Bar & Grill,$$,4.1/5 Google,N/A
Gary Rack's Farmhouse Kitchen Boca,26.34633,-80.084986,399 SE Mizner Blvd,"Boca Raton, FL 33432",Boca Raton,American/Asian Fusion,$$,4.2/5 Google,760+
True Food Kitchen (Boca Raton),26.365071,-80.13297,6000 Glades Rd Unit 1015A,"Boca Raton, FL 33431",Boca Raton,Health Food/American,$$,4.6/5 Google,"2,700+"
Max's Grille,26.354994,-80.084888,404 Plaza Real,"Boca Raton, FL 33432",Boca Raton,American/Seafood/Sushi,$$,4.4/5 Google,"1,930+"
Louie Bossi's Ristorante Bar Pizzeria (Boca Raton),26.35051,-80.086462,Mizner Park area,"Boca Raton, FL 33432",Boca Raton,Italian,$$$$,4.3/5 Google,N/A
Luff's Fish House,26.350341,-80.079826,390 E Palmetto Park Rd,"Boca Raton, FL 33432",Boca Raton,Seafood,$$$,4.5/5 Google,"1,390+"
The Boca Lobster Roll Co,26.350809,-80.073529,771 E Palmetto Park Rd,"Boca Raton, FL 33432",Boca Raton,Seafood/Lobster Rolls,$,4.2/5 Google,320+
Eddie V's Prime Seafood,26.352856,-80.085732,201 Plaza Real,"Boca Raton, FL 33432",Boca Raton,Seafood/Steakhouse,$$$$,4.6/5 Google,379
Sixty Vines (Boca Raton),26.36326,-80.122893,5050 Town Center Cir Suite 239,"Boca Raton, FL 33486",Boca Raton,New American/Wine Bar,$$$,4.5/5 Google,710
The Whale's Rib,26.316633,-80.076574,2031 NE 2nd St,"Deerfield Beach, FL 33441",Deerfield Beach,Seafood,$$$,4.5/5 Google,"4,600+"
JB's on the Beach,26.317251,-80.075829,300 NE 21st Ave,"Deerfield Beach, FL 33441",Deerfield Beach,Seafood,$$$,4.5/5 Google,"6,600+"
Casa Maya Grill,26.314376,-80.085149,"201 SE 15th Terrace #101, Cove Shopping Center","Deerfield Beach, FL 33441",Deerfield Beach,Mexican,$$,4.4/5 Google,455+
Amante's Italian Restaurant,26.316675,-80.076969,2009 NE 2nd St,"Deerfield Beach, FL 33441",Deerfield Beach,Italian,$$,4.3/5 Google,N/A
Flanigan's Seafood Bar and Grill (Deerfield Beach),26.31661,-80.076409,2041 NE 2nd St,"Deerfield Beach, FL 33441",Deerfield Beach,American/Seafood,$$,4.3/5 Google,"3,750+"
The Cove,26.313595,-80.081599,1754 SE 3rd Ct,"Deerfield Beach, FL 33441",Deerfield Beach,Seafood/Tiki Bar,$$,4.3/5 Google,700+
Oceans 234,26.31692,-80.07573,234 N Ocean Dr,"Deerfield Beach, FL 33441",Deerfield Beach,Seafood/Bistro,$$$,4.5/5 Google,"3,770+"
Little Havana Restaurant (Deerfield Beach),26.308229,-80.093088,721 S Federal Hwy,"Deerfield Beach, FL 33441",Deerfield Beach,Cuban,$$,4.4/5 Google,N/A
Patio Bar & Grill,26.316135,-80.075827,2096 NE 2nd St,"Deerfield Beach, FL 33441",Deerfield Beach,American/Seafood,$$,4.3/5 Google,N/A
Baja Cafe,26.300385,-80.093263,1310 S Federal Hwy,"Deerfield Beach, FL 33441",Deerfield Beach,Mexican,$$,4.4/5 Google,N/A
Luigi di Roma Italian Ristorante,26.307584,-80.091974,718 S Federal Hwy,"Deerfield Beach, FL 33441",Deerfield Beach,Italian,$$,4.4/5 Google,N/A
The Sticky Bun,26.313595,-80.084143,1619 SE 3rd Ct,"Deerfield Beach, FL 33441",Deerfield Beach,Breakfast/Brunch,$$,4.6/5 Google,N/A
Charm City Burger Company,26.315954,-80.088159,1136 E Hillsboro Blvd,"Deerfield Beach, FL 33441",Deerfield Beach,Burgers,$$,4.5/5 Google,N/A
Kevin's Sushi & Thai,26.308919,-80.09178,706 Federal Hwy,"Deerfield Beach, FL 33441",Deerfield Beach,Sushi/Thai,$$,4.6/5 Google,N/A
Tipperary Pub,26.313376,-80.084869,1540 SE 3rd Ct,"Deerfield Beach, FL 33441",Deerfield Beach,Irish Pub,$$,4.4/5 Google,N/A
JByrd's Muddy Waters Restaurant & Raw Bar,26.318699,-80.133819,2237 W Hillsboro Blvd,"Deerfield Beach, FL 33442",Deerfield Beach,Seafood/Sports Bar,$$,4.4/5 Google,"2,670+"
Pop's Fish Market,26.31907,-80.10335,131 W Hillsboro Blvd,"Deerfield Beach, FL 33441",Deerfield Beach,Seafood Market/Restaurant,$$,4.7/5 Google,310+
El Balcon de las Americas (Deerfield Beach),26.31452,-80.152234,246 S Powerline Rd,"Deerfield Beach, FL 33442",Deerfield Beach,Colombian,$$,4.7/5 Google,5898
Fogueira Crab Churrascaria,26.318678,-80.156747,3887 W Hillsboro Blvd,"Deerfield Beach, FL 33442",Deerfield Beach,Seafood/Brazilian,$$,4.4/5 Google,1317
Quick Bite Thai & Sushi,26.317861,-80.109658,470 W Hillsboro Blvd,"Deerfield Beach, FL 33442",Deerfield Beach,Thai/Sushi,$$,4.8/5 Google,482
Adega Gaucha Brazilian Steakhouse,26.31493,-80.089088,240 S Federal Hwy,"Deerfield Beach, FL 33441",Deerfield Beach,Brazilian Steakhouse,$$$,5.0/5 Google,1869
Temak House Florida,26.318073,-80.108699,420 W Hillsboro Blvd,"Deerfield Beach, FL 33441",Deerfield Beach,Sushi Bar,$$,4.8/5 Google,1047
Ciao Bella Trattoria,26.299653,-80.09338,1380 S Federal Hwy,"Deerfield Beach, FL 33441",Deerfield Beach,Italian,$$,4.7/5 Google,247
Masamune Japanese Restaurant,26.314659,-80.090721,310 S Federal Hwy,"Deerfield Beach, FL 33441",Deerfield Beach,Japanese,$$,4.5/5 Google,684
Pukara Peruvian Cuisine on the Beach,26.316928,-80.076245,241b N Ocean Dr,"Deerfield Beach, FL 33441",Deerfield Beach,Peruvian,$$,4.6/5 Google,232
Tradition Restaurant,26.309452,-80.091582,626 S Federal Hwy,"Deerfield Beach, FL 33441",Deerfield Beach,French,$$$,4.7/5 Google,197
Papa Sauce,26.314819,-80.102836,269 S Dixie Hwy B,"Deerfield Beach, FL 33441",Deerfield Beach,Barbecue,$$,4.6/5 Google,200
St. Pat's Irish Pub,26.31434,-80.083799,1600 E Hillsboro Blvd,"Deerfield Beach, FL 33441",Deerfield Beach,Irish Pub,$$,4.4/5 Google,267
Hook Fish and Chicken,26.318257,-80.105579,244 W Hillsboro Blvd,"Deerfield Beach, FL 33441",Deerfield Beach,Fried Seafood,$,4.2/5 Google,"1,845+"
Papa's Raw Bar,26.287858,-80.095394,4610 N Federal Hwy,"Lighthouse Point, FL 33064",Pompano Beach,Seafood/Asian Fusion,$$,4.6/5 Google,N/A
Fish Shack,26.262287,-80.098039,2460 N Federal Hwy,"Lighthouse Point, FL 33064",Pompano Beach,Seafood,$$,4.7/5 Google,"1,886+"
Calypso Restaurant & Raw Bar,26.223794,-80.122731,460 S Cypress Rd,"Pompano Beach, FL 33060",Pompano Beach,Caribbean/Seafood,$$,4.7/5 Google,"1,166+"
Beach House (Pompano Beach),26.23596,-80.088966,270 N Pompano Beach Blvd,"Pompano Beach, FL 33062",Pompano Beach,American/Seafood,$$,4.4/5 Google,"5,569+"
La Vie Mediterranean,26.227085,-80.157179,281 S Pompano Pkwy,"Pompano Beach, FL 33069",Pompano Beach,Lebanese/Mediterranean,$$,4.7/5 Google,"3,988+"
Checkers Old Munchen,26.232008,-80.101604,2209 E Atlantic Blvd,"Pompano Beach, FL 33062",Pompano Beach,German,$,4.6/5 Google,"1,975+"
The Foundry,26.232317,-80.095014,2781 E Atlantic Blvd,"Pompano Beach, FL 33062",Pompano Beach,American/Wood-fired Pizza,$$,4.4/5 Google,"2,519+"
Houston's (Pompano Beach),26.23239,-80.094453,2821 E Atlantic Blvd,"Pompano Beach, FL 33062",Pompano Beach,American Steakhouse,$$$,4.2/5 Google,"4,129+"
Cafe Maxx,26.232315,-80.097666,2601 E Atlantic Blvd,"Pompano Beach, FL 33062",Pompano Beach,Fine Dining/American,$$$$,4.6/5 Google,534+
Gianni's,26.232011,-80.107456,1601 E Atlantic Blvd,"Pompano Beach, FL 33060",Pompano Beach,Italian,$$,4.6/5 Google,"2,184+"
Cafe Brie,26.232032,-80.095632,2765 E Atlantic Blvd,"Pompano Beach, FL 33062",Pompano Beach,Breakfast/Brunch,$,4.7/5 Google,N/A
Shishka Lebanese Grill,26.256486,-80.101713,1901 N Federal Hwy Unit 109,"Pompano Beach, FL 33062",Pompano Beach,Lebanese,$$,4.5/5 Google,815+
Lucky Fish Beach Bar + Grill,26.235364,-80.089016,222 N Pompano Beach Blvd,"Pompano Beach, FL 33062",Pompano Beach,Seafood/Bar & Grill,$$,4.6/5 Google,"4,690+"
La Perla di Pompano,26.236435,-80.102552,420 N Federal Hwy,"Pompano Beach, FL 33062",Pompano Beach,Italian/Sicilian,$$,4.7/5 Google,559+
Baresco (Pompano Beach),26.235287,-80.089482,225 N Pompano Beach Blvd,"Pompano Beach, FL 33062",Pompano Beach,Mexican,$$,4.3/5 Google,815+
South Bar & Kitchen,26.233211,-80.124509,165 NE 1st Ave,"Pompano Beach, FL 33060",Pompano Beach,Southern/American,$$,4.5/5 Google,N/A
J. Mark's Restaurant,26.258687,-80.10301,1490 NE 23rd St,"Pompano Beach, FL 33062",Pompano Beach,American/Steakhouse,$$,4.4/5 Google,N/A
Oceanic at Pompano Beach Pier,26.235669,-80.089012,250 N Pompano Beach Blvd,"Pompano Beach, FL 33062",Pompano Beach,American/Seafood,$$$,4.6/5 Google,"3,931+"
Deep Oceanfront Restaurant and Bar,26.222726,-80.091106,1200 S Ocean Blvd,"Pompano Beach, FL 33062",Pompano Beach,American/Seafood,$$,4.4/5 Google,N/A
Lester's Diner (Pompano Beach),26.231449,-80.104275,1924 E Atlantic Blvd,"Pompano Beach, FL 33060",Pompano Beach,American Diner,$$,4.4/5 Google,N/A
Seaside Grill & Tiki Bar,26.231895,-80.096566,Lighthouse Cove Resort,"Pompano Beach, FL 33062",Pompano Beach,Seafood,$$,4.2/5 Google,N/A
The Rabbit Hole,26.231963,-80.097065,2659 E Atlantic Blvd,"Pompano Beach, FL 33062",Pompano Beach,Vegan Comfort/Soul Food,$$,4.8/5 Google,569
Revelry,26.229728,-80.103345,227 S Federal Hwy,"Pompano Beach, FL 33062",Pompano Beach,Beer Bar/American,$$,4.9/5 Google,295
City Oyster & Sushi Bar,26.461932,-80.070661,213 E Atlantic Ave,"Delray Beach, FL 33444",Delray Beach,Seafood/Sushi,$$$,4.5/5 Google,"2,074+"
Deck 84,26.461499,-80.064677,840 E Atlantic Ave,"Delray Beach, FL 33483",Delray Beach,American/Seafood,$$$,4.4/5 Google,N/A
50 Ocean,26.46088,-80.058737,50 S Ocean Blvd,"Delray Beach, FL 33483",Delray Beach,Seafood/American,$$$$,4.2/5 Google,N/A
Dada,26.463297,-80.073437,52 N Swinton Ave,"Delray Beach, FL 33444",Delray Beach,American/Eclectic,$$$,4.6/5 Google,"3,001+"
Amar Mediterranean Kitchen & Bar,26.461128,-80.066777,25 SE 6th Ave,"Delray Beach, FL 33483",Delray Beach,Mediterranean/Lebanese,$$$,4.6/5 Google,852+
The Office Delray,26.461907,-80.070741,201 E Atlantic Ave,"Delray Beach, FL 33444",Delray Beach,American Gastropub,$$$,4.3/5 Google,N/A
Brule GastroKitchen,26.465915,-80.071359,200 NE 2nd Ave,"Delray Beach, FL 33444",Delray Beach,Bistro/New American,$$$,4.5/5 Google,N/A
The Grove (Delray Beach),26.464998,-80.070918,187 NE 2nd Ave,"Delray Beach, FL 33444",Delray Beach,American/Contemporary,$$$,4.5/5 Google,316+
Rose's Daughter,26.464758,-80.070899,169 NE 2nd Ave,"Delray Beach, FL 33444",Delray Beach,Italian,$$$,4.4/5 Google,N/A
Rosewater Rooftop by Akira Back,26.465914,-80.07093,"233 NE 2nd Ave 5th Fl, The Ray Hotel","Delray Beach, FL 33444",Delray Beach,American/Asian Fusion,$$$$,3.9/5 Google,N/A
Akira Back,26.465914,-80.07093,233 NE 2nd Ave,"Delray Beach, FL 33444",Delray Beach,Japanese/Asian Fusion,$$$$,4.4/5 Google,N/A
The Standard Delray,26.45877,-80.071266,166 SE 2nd Ave,"Delray Beach, FL 33444",Delray Beach,American,$$$,4.5/5 Google,112+
El Camino (Delray Beach),26.462089,-80.070907,15 NE 2nd Ave,"Delray Beach, FL 33444",Delray Beach,Mexican,$$$,4.5/5 Google,"3,907+"
Caffe Luna Rosa,26.461209,-80.058596,34 S Ocean Blvd,"Delray Beach, FL 33483",Delray Beach,Italian/Seafood/Brunch,$$$,4.3/5 Google,N/A
Lemongrass Asian Bistro Sushi,26.461413,-80.068498,420 E Atlantic Ave,"Delray Beach, FL 33483",Delray Beach,Asian Fusion/Sushi,$$$,4.4/5 Google,N/A
Park Tavern,26.461021,-80.071409,32 SE 2nd Ave,"Delray Beach, FL 33444",Delray Beach,American Tavern,$$$,4.4/5 Google,"1,736+"
Tramonti Ristorante,26.461932,-80.071579,119 E Atlantic Ave,"Delray Beach, FL 33444",Delray Beach,Italian,$$$,4.5/5 Google,N/A
Mussel Beach,26.461862,-80.067859,501 E Atlantic Ave,"Delray Beach, FL 33483",Delray Beach,Seafood,$$$,4.5/5 Google,N/A
Gary Rack's Farmhouse Kitchen Delray,26.461662,-80.068051,N/A,"Delray Beach, FL 33483",Delray Beach,American/Farm-to-Table,$$$,4.5/5 Google,N/A
RACKS Fish House + Oyster Bar,26.461276,-80.070926,5 SE 2nd Ave,"Delray Beach, FL 33444",Delray Beach,Seafood/Oyster Bar,$$$,4.4/5 Google,N/A
Boston's on the Beach,26.460908,-80.058699,40 S Ocean Blvd,"Delray Beach, FL 33483",Delray Beach,Seafood/Sports Bar,$$$,4.1/5 Google,N/A
Lionfish Modern Coastal Cuisine,26.461895,-80.069829,307 E Atlantic Ave,"Delray Beach, FL 33483",Delray Beach,Seafood,$$$,4.2/5 Google,N/A
Red Crab Juicy Seafood,26.459442,-80.120909,4979 W Atlantic Ave,"Delray Beach, FL 33445",Delray Beach,Seafood/Cajun,$$$,4.6/5 Google,N/A
J&J Seafood Bar and Grill,26.461598,-80.066389,634 E Atlantic Ave,"Delray Beach, FL 33483",Delray Beach,Seafood,$$$,4.6/5 Google,N/A
Atlantic Grille,26.461286,-80.061285,1000 E Atlantic Ave,"Delray Beach, FL 33483",Delray Beach,Seafood/American,$$$,4.2/5 Google,N/A
Sandbar (Delray Beach),26.460908,-80.058699,40 S Ocean Blvd,"Delray Beach, FL 33483",Delray Beach,Casual/Seafood,$$$,4.2/5 Google,N/A
SALT7,26.469285,-80.060591,Downtown Delray Beach,"Delray Beach, FL 33483",Delray Beach,Contemporary/Steakhouse,$$$,4.1/5 Google,N/A
CASA L'ACQUA Ristorante Italiano,26.461461,-80.065877,9 SE 7th Ave,"Delray Beach, FL 33483",Delray Beach,Italian,$$$,4.3/5 Google,481+
Pura Vida (Delray Beach),26.46141,-80.058675,6 S Ocean Blvd,"Delray Beach, FL 33483",Delray Beach,Cafe/Health Food,$$$,4.7/5 Google,591+
Sundy House,26.459592,-80.073415,106 S Swinton Ave,"Delray Beach, FL 33444",Delray Beach,Fine Dining/Brunch,$$$$,4.3/5 Google,N/A
Le Sorelle Restaurant,26.461329,-80.06823,20 SE 5th Ave,"Delray Beach, FL 33483",Delray Beach,Italian,$$$$,4.8/5 Google,N/A
Le Colonial Delray Beach,26.461906,-80.066583,601 E Atlantic Ave,"Delray Beach, FL 33483",Delray Beach,Vietnamese/French Fusion,$$$$,4.0/5 Google,N/A
Bamboo Fire Cafe,26.464373,-80.068907,149 NE 4th Ave,"Delray Beach, FL 33483",Delray Beach,Caribbean,$$$,4.8/5 Google,N/A
The Hampton Social,26.462316,-80.066546,40 NE 7th Ave Suite 100,"Delray Beach, FL 33483",Delray Beach,Seafood/American,$$$,4.3/5 Google,851
Yama Japanese Restaurant,26.465915,-80.071359,200 NE 2nd Ave Ste 110,"Delray Beach, FL 33444",Delray Beach,Japanese,$$,4.4/5 Google,281
Latitudes - Delray Sands Resort,26.423749,-80.063554,2809 S Ocean Blvd,"Highland Beach, FL 33487",Delray Beach,Seafood/American,$$$$,4.5/5 Google,N/A
Cotoletta,25.727776,-80.24547,3206 Grand Ave,"Coconut Grove, FL 33133",Coconut Grove,Italian,$$$,4.0/5 Google,79
Atchana's Homegrown Thai,25.727799,-80.245163,3194 Commodore Plaza,"Coconut Grove, FL 33133",Coconut Grove,Thai,$$,4.5/5 Google,316
Strada in the Grove,25.72783,-80.244668,3197 Commodore Plaza,"Coconut Grove, FL 33133",Coconut Grove,Italian,$$,4.2/5 Google,352
Jaguar Restaurant,25.728349,-80.242787,3067 Grand Ave,"Coconut Grove, FL 33133",Coconut Grove,Latin American/Ceviche,$$,4.5/5 Google,736
Casa Xabi,25.727567,-80.244379,3145 Commodore Plaza,"Coconut Grove, FL 33133",Coconut Grove,Basque/Spanish,N/A,4.7/5 Google,568
Bodega Taqueria y Tequila,25.727518,-80.242592,3419 Main Hwy,"Coconut Grove, FL 33133",Coconut Grove,Mexican,$$,3.7/5 Google,78
Lulu in the Grove,25.727036,-80.243825,3105 Commodore Plaza,"Coconut Grove, FL 33133",Coconut Grove,Mediterranean/Tapas,$$,3.9/5 Google,209
1986 Steakhouse (Coconut Grove),25.72844,-80.240602,2911 Grand Ave Ste 111,"Coconut Grove, FL 33133",Coconut Grove,Argentine Steakhouse,N/A,4.3/5 Google,30
Narbona Coconut Grove,25.728539,-80.242102,3015 Grand Ave Ste 116,"Coconut Grove, FL 33133",Coconut Grove,Wine Bar/Uruguayan-Italian,$$,4.7/5 Google,348
Level 6 Rooftop Restaurant,25.72658,-80.244224,3480 Main Hwy 6th Floor,"Coconut Grove, FL 33133",Coconut Grove,Lounge/Latin,$$$,4.2/5 Google,618
Sandbar Sports Grill,25.727936,-80.242867,3064 Grand Ave,"Coconut Grove, FL 33133",Coconut Grove,Sports Bar/American,$$,3.9/5 Google,251
RedFarm,25.72734,-80.244116,3131 Commodore Plaza,"Coconut Grove, FL 33133",Coconut Grove,Chinese-American,$$$$,4.2/5 Google,141
Emissary,25.729776,-80.239615,3308 Mary St,"Coconut Grove, FL 33133",Coconut Grove,Cafe/Natural Wine Bar,$$,4.3/5 Google,185
Grove Grocer,25.727636,-80.243349,3098 Fuller St Unit 11,"Coconut Grove, FL 33133",Coconut Grove,Sandwiches/Market,$,4.5/5 Google,64
Afishonado,25.729027,-80.234452,3385 Pan American Dr,"Coconut Grove, FL 33133",Coconut Grove,Seafood (Regatta Harbour),$$$,N/A,N/A
Blonde Bistro,25.728806,-80.239688,3390 Mary St,"Coconut Grove, FL 33133",Coconut Grove,Cafe/Bistro,$$,4.3/5 Google,21
Kush by Spillover,25.72844,-80.240602,2911 Grand Ave,"Coconut Grove, FL 33133",Coconut Grove,Burgers/Seafood,$$,4.5/5 Google,182
Saffron @ Grove,25.727954,-80.241044,2982A Grand Ave,"Coconut Grove, FL 33133",Coconut Grove,Indian/South Florida,$$,4.5/5 Google,225
Alluva at Park Grove,25.72933,-80.238562,2821 S Bayshore Dr,"Coconut Grove, FL 33133",Coconut Grove,Contemporary American,$$$$,4.4/5 Google,10
La Perla Ceviches & Rolls,26.091793,-80.367851,2219 N Commerce Pkwy,"Weston, FL 33326",Weston,Peruvian,$$,4.5/5 Google,135
El Colombiano,26.091762,-80.367879,2221 N Commerce Pkwy,"Weston, FL 33326",Weston,Colombian,$$,4.6/5 Google,452
Olenka Peruvian Bistro,26.095882,-80.369614,Weston Rd area,"Weston, FL 33326",Weston,Peruvian,$$,4.6/5 Google,403
PANNA Weston Town Center,26.096891,-80.38143,Weston Town Center,"Weston, FL 33326",Weston,Venezuelan,$$,4.7/5 Google,358
La Rural Mexican Grill,26.097168,-80.381257,1735 Main St,"Weston, FL 33326",Weston,Mexican,$$,4.6/5 Google,226
Suri Sushi Thai,26.096892,-80.38143,N/A,"Weston, FL 33326",Weston,Thai/Sushi,$$,4.5/5 Google,211
La Granja Weston,26.096892,-80.38143,N/A,"Weston, FL 33326",Weston,Peruvian Rotisserie Chicken,$,4.1/5 Google,240
Arepas Magnet Plus,26.096892,-80.38143,N/A,"Weston, FL 33326",Weston,Venezuelan/Latin American,$,3.9/5 Google,140
Las Rikuras De Weston,26.096892,-80.38143,N/A,"Weston, FL 33326",Weston,Colombian,$$,4.1/5 Google,157
Masan Asian Grill,26.096892,-80.38143,N/A,"Weston, FL 33326",Weston,Asian Fusion,$$,3.6/5 Google,154
POC American Fusion Buffet & Sushi,26.099438,-80.37746,1651 Bonaventure Blvd,"Weston, FL 33326",Weston,Asian Fusion/Buffet,$$,4.0/5 Google,273
Yum Korea,26.096892,-80.38143,N/A,"Weston, FL 33326",Weston,Korean,$$,4.4/5 Google,249
El Gallo Taqueria,26.096892,-80.38143,N/A,"Weston, FL 33326",Weston,Mexican,$,4.6/5 Google,185
Sabor Venezolano Weston,26.096892,-80.38143,N/A,"Weston, FL 33326",Weston,Venezuelan,$,4.5/5 Google,27
La Birra Bar (Burgers) - Weston,26.096892,-80.38143,N/A,"Weston, FL 33326",Weston,Burgers/Gastropub,$$,4.4/5 Google,100
DelVecchio's Pizzeria & Italian Restaurant,26.096655,-80.380492,1795 Bell Tower Ln,"Weston, FL 33326",Weston,Italian/Pizza,$$,3.9/5 Google,237
DelVecchio's Pizzeria World Headquarters,26.097495,-80.365616,1675 N Commerce Pkwy,"Weston, FL 33326",Weston,Italian/Pizza,$$,3.3/5 Google,44
Pizza Lovers Bistro,26.099063,-80.377459,1691 Bonaventure Blvd,"Weston, FL 33326",Weston,Italian/Pizza,$$,3.8/5 Google,268
Bellini Italian Bistro,26.083814,-80.369678,2780 Weston Rd,"Weston, FL 33331",Weston,Italian,$$,3.8/5 Google,285
The Full Pizza,26.116706,-80.377074,16640 Saddle Club Rd,"Weston, FL 33331",Weston,Pizza/Italian,$,3.4/5 Google,152
Sardinia by Zona Blu,26.115909,-80.377487,16690 Saddle Club Rd,"Weston, FL 33326",Weston,Italian/Sardinian Fine Dining,$$$$,N/A,N/A
Izgara,26.094049,-80.369339,1948 Weston Rd,"Weston, FL 33326",Weston,Mediterranean/Middle Eastern,$$,N/A,N/A
Habibi Tah,26.089638,-80.370739,2406 Weston Rd,"Weston, FL 33326",Weston,Lebanese/Mediterranean,$$,N/A,N/A
One Lebanese Cuisine,26.10378,-80.36605,1396 SW 160th Ave,"Weston, FL 33326",Weston,Lebanese/Mediterranean,$$,4.8/5 Google,887
Jasmin & Olivz Mediterranean - Weston,26.096892,-80.38143,N/A,"Weston, FL 33326",Weston,Mediterranean,$,4.3/5 Google,1062
Entretapas by Sr. Ceviche,26.13271,-80.40125,74 Indian Trace,"Weston, FL 33326",Weston,Spanish/Peruvian,$$$,4.7/5 Google,410
Vignetos Italian Grill (now One Italian),26.10411,-80.36588,1342 SW 160th Ave,"Weston, FL 33326",Weston,Italian,$$,4.7/5 Google,338
EAT,26.097252,-80.381228,1718 Main St,"Weston, FL 33326",Weston,Brunch/American,$$,3.5/5 Google,26
Wings In Weston,26.10395,-80.36597,1354 SW 160th Ave,"Weston, FL 33326",Weston,Chicken Wings/American,$$,3.6/5 Google,270
Sweet & Savory Weston Cafe,26.120371,-80.414496,1300 Savanna Commons Dr,"Weston, FL 33326",Weston,American/Bakery Cafe,$$,4.6/5 Google,116
Caffe Gourmet,26.096892,-80.38143,N/A,"Weston, FL 33326",Weston,Breakfast/Diner,$$,4.6/5 Google,176
Tacos & Cantina La Potranca (Weston),26.065367,-80.361238,4446 Weston Rd,"Weston, FL 33331",Weston,Mexican,$$,N/A,N/A
Wings n' Things Cooper City,26.063742,-80.261838,8656 Griffin Rd,"Cooper City, FL 33328",Cooper City,American,$$,4.3/5 Google,264
Shanks Town Tavern,26.063281,-80.27823,9588 Griffin Rd,"Cooper City, FL 33328",Cooper City,Bar & Grill,$$,4.3/5 Google,143
Steve's Pizza,26.04511,-80.31179,5866 S Flamingo Rd,"Cooper City, FL 33330",Cooper City,Pizza,$$,4.3/5 Google,168
Havana's Cuban Cuisine,26.063763,-80.260704,8600 Griffin Rd,"Cooper City, FL 33328",Cooper City,Cuban,$$,4.0/5 Google,323
Great Wall II,26.06398,-80.28143,10068 Griffin Rd,"Cooper City, FL 33328",Cooper City,Chinese,$$,3.9/5 Google,108
South China Restaurant,26.048342,-80.311329,5550 S Flamingo Rd,"Cooper City, FL 33330",Cooper City,Chinese,$$,3.9/5 Google,197
Las Dos Reinas Fonda Mexicana,26.045495,-80.311049,5822 S Flamingo Rd,"Cooper City, FL 33330",Cooper City,Mexican,$$,4.1/5 Google,366
Apropo Crepes,26.147095,-80.322637,12801 W Sunrise Blvd,"Sunrise, FL 33323",Sunrise,Creperie,$$,5.0/5 Google,768
Bellgordon's Caribbean Restaurant,26.16853,-80.30042,11443 W Oakland Park Blvd,"Sunrise, FL 33323",Sunrise,Caribbean,$$,5.0/5 Google,325
Don Carlin Cuban Restaurant,26.16853,-80.30042,11447 W Oakland Park Blvd,"Sunrise, FL 33323",Sunrise,Cuban,$$,4.5/5 Google,317
First Watch,26.14557,-80.31718,12594 W Sunrise Blvd,"Sunrise, FL 33323",Sunrise,American/Breakfast,$$,4.6/5 Google,522
Indian Tandoor Cuisine and Pizza,26.167512,-80.262441,8440 W Oakland Park Blvd,"Sunrise, FL 33351",Sunrise,Indian,$$,4.6/5 Google,470
Cheffield Jamaican Cuisine by Chef Rose,26.16701,-80.260607,8308 W Oakland Park Blvd,"Sunrise, FL 33351",Sunrise,Caribbean/Jamaican,$$,4.7/5 Google,257
Pho 07 Vietnamese Restaurant,26.153935,-80.283201,10023 Sunset Strip,"Sunrise, FL 33322",Sunrise,Vietnamese,$$,4.4/5 Google,268
Sunrise Pita & Grill,26.156806,-80.256716,2680 N University Dr,"Sunrise, FL 33322",Sunrise,Middle Eastern,$$,4.5/5 Google,288
La Doña Seafood & Grill,26.14929,-80.323026,1800 Sawgrass Mills Cir Ste 2460,"Sunrise, FL 33323",Sunrise,Mexican/Seafood,$$,3.9/5 Google,254
Peyton's Place,26.144481,-80.325383,13400 W Sunrise Blvd,"Sunrise, FL 33323",Sunrise,American,$$,4.2/5 Google,52
Mr. Chang's,26.144882,-80.31601,12516 W Sunrise Blvd,"Sunrise, FL 33323",Sunrise,Chinese,$$,3.9/5 Google,125
Hazel's Caribbean Spot,26.154911,-80.240732,6949 Sunset Strip,"Sunrise, FL 33313",Sunrise,Caribbean,$$,3.4/5 Google,66
Jin Sushi,26.152431,-80.258658,8250 Sunset Strip,"Sunrise, FL 33322",Sunrise,Japanese/Sushi,$$,4.6/5 Google,269
Legends Tavern & Grille - Sunrise,26.17002,-80.28535,10079 W Oakland Park Blvd,"Sunrise, FL 33351",Sunrise,American/Bar & Grill,$$,4.3/5 Google,303
Saigonese Authentic Vietnamese Cuisine,26.15726,-80.256838,2692 N University Dr #2,"Sunrise, FL 33322",Sunrise,Vietnamese,$$,4.7/5 Google,88
Zuru Ramen Bar - Plantation,26.120923,-80.240837,6971 W Broward Blvd,"Plantation, FL 33317",Plantation,Ramen,$$,4.6/5 Google,339
Thai Meal,26.148853,-80.260943,8257 W Sunrise Blvd,"Plantation, FL 33322",Plantation,Thai,$$,4.6/5 Google,295
RA Sushi - Plantation,26.124878,-80.257085,319 N University Dr,"Plantation, FL 33324",Plantation,Japanese/Sushi,$$$,4.3/5 Google,320
Vito's Gourmet Pizza,26.13296,-80.284384,10079 Cleary Blvd,"Plantation, FL 33324",Plantation,Pizza/Italian,$$,4.3/5 Google,266
Chilangos Mexican Grill,26.116569,-80.202293,339 S State Rd 7,"Plantation, FL 33317",Plantation,Mexican,$$,4.5/5 Google,212
Plantation Diner,26.121985,-80.238589,6903 W Broward Blvd,"Plantation, FL 33317",Plantation,American/Breakfast,$$,4.5/5 Google,350
Quarterdeck Restaurant + Sports Bar,26.144418,-80.313261,12310 W Sunrise Blvd,"Plantation, FL 33323",Plantation,Seafood/American,$$,4.4/5 Google,513
Serious Sanji,26.10526,-80.251384,7626 Peters Rd,"Plantation, FL 33324",Plantation,Chinese/Dim Sum,$$,4.4/5 Google,251
TooJay's Deli,26.110609,-80.252042,801 S University Dr C-130,"Plantation, FL 33324",Plantation,American/Deli,$$,4.3/5 Google,525
Ole' Ole' Mexican Grill & Cantina,26.119596,-80.257734,8100 W Broward Blvd,"Plantation, FL 33324",Plantation,Mexican,$$,4.3/5 Google,391
Bien Chido,26.120924,-80.240764,6967 W Broward Blvd,"Plantation, FL 33317",Plantation,Mexican,$$,4.3/5 Google,280
Ali's Roti Shop,26.117154,-80.20216,303 S State Rd 7,"Plantation, FL 33317",Plantation,Caribbean/Indian,$$,4.3/5 Google,238
LandLubber's Raw Bar & Grill,26.147323,-80.268331,1851 N Pine Island Rd,"Plantation, FL 33322",Plantation,Seafood/American,$$,4.2/5 Google,357
Casa Marin Cocina Mexicana,26.147424,-80.268304,1861 N Pine Island Rd,"Plantation, FL 33322",Plantation,Mexican,$$,4.3/5 Google,172
Los Perros del Sobrino,26.270872,-80.231689,7926 W Sample Rd,"Coral Springs, FL 33065",Coral Springs,Latin American/Hot Dogs,$,4.8/5 Google,623
Talkin' Tacos Coral Springs,26.265971,-80.250823,2866 N University Dr,"Coral Springs, FL 33065",Coral Springs,Mexican/Tacos,$$,4.7/5 Google,693
The Fish Joint,26.30021,-80.276847,5677 Coral Ridge Dr,"Coral Springs, FL 33076",Coral Springs,Seafood,$$,4.8/5 Google,339
Falafel Gourmet,26.283113,-80.203635,4344 N State Rd 7,"Coral Springs, FL 33073",Coral Springs,Mediterranean,$$,4.8/5 Google,322
Sakura Ramen,26.27292,-80.20459,6192 W Sample Rd,"Coral Springs, FL 33067",Coral Springs,Japanese/Ramen,$$,4.7/5 Google,269
Pepperoni Grill - Coral Springs,26.286885,-80.248405,9174 Wiles Rd,"Coral Springs, FL 33067",Coral Springs,Italian/Pizza,$$,4.7/5 Google,264
Little Havana Bar & Grill,26.307069,-80.280854,6240 Coral Ridge Dr #100,"Coral Springs, FL 33076",Coral Springs,Cuban,$$,4.3/5 Google,338
La Parrilla Rotisserie & Grill,26.235713,-80.236944,8357 W Atlantic Blvd,"Coral Springs, FL 33071",Coral Springs,Latin American/Dominican,$$,4.7/5 Google,254
Mima's Cuban Cafe,26.276003,-80.207686,6261 W Sample Rd,"Coral Springs, FL 33067",Coral Springs,Cuban,$$,4.6/5 Google,270
FoodEyez Caribbean Cuisine,26.272545,-80.208941,6268 W Sample Rd Store #407,"Coral Springs, FL 33067",Coral Springs,Caribbean/Jamaican,$$,4.4/5 Google,80
Red Pepper Chinese Restaurant,26.25927,-80.264299,10309 Royal Palm Blvd,"Coral Springs, FL 33065",Coral Springs,Chinese,$$,4.0/5 Google,156
Fujimura Buffet & Sushi,26.254364,-80.25312,1850 N University Dr,"Coral Springs, FL 33071",Coral Springs,Japanese/Sushi,$$,4.2/5 Google,370
Pho 79,26.046909,-80.233049,6451 Stirling Rd,"Davie, FL 33314",Davie,Vietnamese,$$,4.3/5 Google,369
Wunderbar German Kitchen & Biergarten,26.059012,-80.346998,4995 Volunteer Rd,"Davie, FL 33330",Davie,German,$$,4.4/5 Google,333
Black Jack's Rum Bar & Grille,26.073277,-80.23193,3890 Davie Rd,"Davie, FL 33314",Davie,Caribbean/American,$$,4.4/5 Google,189
Ody's Cuban Cafe,26.069954,-80.211119,4153 SW 47th Ave #100,"Davie, FL 33314",Davie,Cuban,$$,5.0/5 Google,216
The Garden Grill,26.066092,-80.229439,6175 Orange Dr,"Davie, FL 33314",Davie,American/Breakfast,$$,4.7/5 Google,269
Vila's Mexican & Cuban Restaurant,26.152962,-80.202816,2027 FL-7,"Davie, FL 33317",Davie,Mexican/Cuban,$$,4.6/5 Google,425
Amore Gourmet Pizza,26.10035,-80.268008,8906 W State Rd 84,"Davie, FL 33324",Davie,Pizza/Italian,$$,4.7/5 Google,286
Ushio Sushi,26.093933,-80.252134,2211 S University Dr,"Davie, FL 33324",Davie,Japanese/Sushi,$$,4.6/5 Google,369
Kekoon Restaurant & Lounge,26.032227,-80.354652,15531 Sheridan St,"Davie, FL 33331",Davie,Caribbean,$$,4.2/5 Google,395
Fat Stork Restaurant,26.06394,-80.257531,8270 Griffin Rd,"Davie, FL 33328",Davie,American,$$,4.7/5 Google,275
Voodoo Brewing Co.,26.171127,-80.130997,3492 NE 12th Ave,"Oakland Park, FL 33334",Oakland Park,American/Brewpub,N/A,4.8/5 Google,N/A
Oak Cafe & Farmers Market,26.166315,-80.172007,2121 W Oakland Park Blvd Ste 10-B,"Oakland Park, FL 33311",Oakland Park,Jamaican,N/A,4.8/5 Google,N/A
Bulegreen Cafe Yard,26.16854,-80.13179,3299 N Dixie Hwy,"Oakland Park, FL 33334",Oakland Park,Brunch/American,N/A,4.5/5 Google,N/A
Bombay Cafe,26.166586,-80.124573,1672 E Oakland Park Blvd,"Oakland Park, FL 33334",Oakland Park,Indian,N/A,4.4/5 Google,N/A
Red Velvet Kitchen & Grill,26.165898,-80.180481,2759 W Oakland Park Blvd,"Oakland Park, FL 33311",Oakland Park,American,N/A,4.3/5 Google,N/A
Le Chic Restaurant,26.165001,-80.172223,2152 W Oakland Park Blvd,"Oakland Park, FL 33311",Oakland Park,Haitian,N/A,4.4/5 Google,N/A
Bandoleros Tacos and Tequila Garden,26.167949,-80.130895,3200 NE 12th Ave,"Oakland Park, FL 33334",Oakland Park,Mexican,N/A,4.3/5 Google,N/A
Pata's Stone Crab,26.177715,-80.139487,4072 NE 5th Terrace,"Oakland Park, FL 33334",Oakland Park,Seafood,N/A,4.1/5 Google,N/A
Garden Restaurant,26.18177,-80.146684,4400 N Andrews Ave,"Oakland Park, FL 33309",Oakland Park,American Diner,N/A,4.7/5 Google,N/A
Peter Pan Diner,26.166482,-80.131046,1216 E Oakland Park Blvd,"Oakland Park, FL 33334",Oakland Park,American Diner/Greek,N/A,4.5/5 Google,N/A
Alegria Taco,26.174077,-80.147018,3801 N Andrews Ave,"Oakland Park, FL 33309",Oakland Park,Mexican,N/A,4.9/5 Google,N/A
El Guanaco Taqueria Y Antojitos,26.18164,-80.14212,331 NE 44th St,"Oakland Park, FL 33334",Oakland Park,Mexican/Salvadoran,N/A,4.7/5 Tripadvisor,291
Prospect Pizzeria,26.181799,-80.146065,53 NE 44th St,"Oakland Park, FL 33334",Oakland Park,Italian/Pizza,N/A,4.7/5 Google,N/A
Corinto Restaurant,26.181317,-80.134385,4390 N Dixie Hwy,"Oakland Park, FL 33334",Oakland Park,Latin American/Nicaraguan,N/A,4.6/5 Google,N/A
SOL48 Craft Kitchen,26.170769,-80.142185,3480 NE 3rd Ave,"Oakland Park, FL 33334",Oakland Park,Seafood,N/A,4.5/5 Google,N/A
The Great Greek Mediterranean Grill,26.189141,-80.137244,753 E Commercial Blvd Ste 44,"Oakland Park, FL 33334",Oakland Park,Greek/Mediterranean,N/A,4.6/5 Google,N/A
Mamma Mia Bistro,26.153705,-80.140565,2043 Wilton Dr,"Wilton Manors, FL 33305",Wilton Manors,Italian,N/A,4.6/5 Google,N/A
Salvo Osteria Romana,26.158532,-80.134757,2389 Wilton Dr,"Wilton Manors, FL 33305",Wilton Manors,Italian,N/A,4.1/5 Google,N/A
Two Brother's Toppings Pizza,26.163338,-80.146181,2904 N Andrews Ave,"Wilton Manors, FL 33311",Wilton Manors,Pizza,N/A,4.4/5 Google,N/A
Tulio's Tacos & Tequila Bar,26.155179,-80.139332,2150 Wilton Dr,"Wilton Manors, FL 33305",Wilton Manors,Mexican,$$,4.5/5 Google,N/A
Asian Star,26.159792,-80.132299,2603 N Dixie Hwy,"Wilton Manors, FL 33334",Wilton Manors,Asian,$,4.5/5 Google,74
Grampa's Restaurant,26.050703,-80.144191,17 SW 1st St,"Dania Beach, FL 33004",Dania Beach,American,$,4.4/5 Google,N/A
Cafe Toque Cubano,26.050926,-80.143384,37 S Federal Hwy A,"Dania Beach, FL 33004",Dania Beach,Cuban,N/A,4.7/5 Google,N/A
Grandma's Secret,26.052148,-80.143051,50 E Dania Beach Blvd,"Dania Beach, FL 33004",Dania Beach,Uzbek,N/A,4.6/5 Google,N/A
Mr M's Sandwich Shop,26.048452,-80.166494,1975 Stirling Rd,"Dania Beach, FL 33004",Dania Beach,Sandwich Shop,N/A,4.6/5 Google,N/A
Pauli's Pizza Pasta,26.050379,-80.143697,104 S Federal Hwy,"Dania Beach, FL 33004",Dania Beach,Italian/Pizza,N/A,4.6/5 Google,N/A
Wayside Inn,26.05383,-80.14281,38 NE 1st Ave,"Dania Beach, FL 33004",Dania Beach,Bar & Grill/American,$$,4.5/5 Google,N/A
Quickie's Burgers Wings & Seafood,26.048929,-80.143171,141 S Federal Hwy,"Dania Beach, FL 33004",Dania Beach,Seafood/American,N/A,4.4/5 Google,414
Cooper's Hawk Winery & Restaurant,26.053449,-80.161061,1822 Pointe Blvd,"Dania Beach, FL 33004",Dania Beach,American/Winery,$$,4.2/5 Google,N/A
Radiant 166,26.05407,-80.15783,166 N Compass Way,"Dania Beach, FL 33004",Dania Beach,American,$$,3.5/5 Google,N/A
JZ Steakhouse,26.046287,-80.19139,4000 N 46th Ave,"Hollywood, FL 33021",Hollywood,Kosher/Steakhouse,N/A,4.9/5 Google,N/A
7 Tables On The Beach Authentic Peruvian Cuisine,26.015815,-80.115632,600 N Surf Rd #6,"Hollywood, FL 33019",Hollywood,Peruvian,N/A,5.0/5 Google,N/A
Tipico Rinconcito Colombiano,26.01805,-80.201468,5649 Johnson St,"Hollywood, FL 33021",Hollywood,Colombian,N/A,4.9/5 Google,N/A
AKI E Restaurant Bar,26.010336,-80.144632,1840 Harrison St,"Hollywood, FL 33020",Hollywood,Dominican,N/A,4.9/5 Google,N/A
Cajun Boil Seafood Restaurant Hollywood,26.010193,-80.143773,1822 S Young Cir,"Hollywood, FL 33020",Hollywood,Seafood/Cajun,N/A,4.9/5 Google,N/A
Los Kausitas Peruvian Restaurant,26.010925,-80.189915,112 N 46th Ave,"Hollywood, FL 33021",Hollywood,Peruvian,N/A,4.9/5 Google,N/A
Volcano Hot Pot & Korean BBQ,26.038124,-80.162883,2906 Oakwood Blvd,"Hollywood, FL 33020",Hollywood,Korean,N/A,4.8/5 Google,N/A
LEMONICA,26.012582,-80.143666,1817 N Young Cir,"Hollywood, FL 33020",Hollywood,Italian,N/A,4.9/5 Google,N/A
The Greek Joint Kitchen & Bar,26.011749,-80.14608,1925 Hollywood Blvd,"Hollywood, FL 33020",Hollywood,Greek,N/A,4.6/5 Google,N/A
Hiro Maru Sushi,26.033064,-80.176308,3327 Sheridan St,"Hollywood, FL 33021",Hollywood,Japanese,N/A,4.6/5 Google,N/A
Murano by Ferraro,25.992765,-80.143321,601 N Federal Hwy,"Hallandale Beach, FL 33009",Hallandale Beach,Seafood/Italian,N/A,5.0/5 Google,88
Sokai Sushi Bar Hallandale,25.994557,-80.143117,801 N Federal Hwy #115,"Hallandale Beach, FL 33009",Hallandale Beach,Japanese,N/A,4.8/5 Google,436
Fresh & Wild Fish Market & Restaurant,25.985496,-80.160144,838 W Hallandale Beach Blvd,"Hallandale Beach, FL 33009",Hallandale Beach,Seafood,N/A,4.7/5 Google,294
Alacati Mediterranean Restaurant,25.98641,-80.133953,1403 Hallandale Beach Blvd,"Hallandale Beach, FL 33009",Hallandale Beach,Mediterranean,N/A,4.6/5 Google,359
The Juicy Seafood,25.984762,-80.133092,1430 E Hallandale Beach Blvd,"Hallandale Beach, FL 33009",Hallandale Beach,Seafood,N/A,4.5/5 Google,466
Ajiacos Restaurant,25.985171,-80.16138,952 W Hallandale Beach Blvd,"Hallandale Beach, FL 33009",Hallandale Beach,Colombian,N/A,4.5/5 Google,251
Ceviche Avenue,25.989393,-80.147825,101 NE 3rd St,"Hallandale Beach, FL 33009",Hallandale Beach,Peruvian,N/A,4.6/5 Google,257
Gioia Italy - Italian Restaurant,25.993459,-80.142882,701 N Federal Hwy Ste 112,"Hallandale Beach, FL 33009",Hallandale Beach,Italian,N/A,4.4/5 Google,406
Signor Sassi,25.98538,-80.136549,1006 E Hallandale Beach Blvd,"Hallandale Beach, FL 33009",Hallandale Beach,Italian,N/A,4.6/5 Google,87
ALMA GRILL,25.979079,-80.139738,501 Silks Run Suite 1130,"Hallandale Beach, FL 33009",Hallandale Beach,Kosher,N/A,4.4/5 Google,302
Colombian Mountains Cafe,26.168919,-80.101159,3330 NE 33rd St,"Fort Lauderdale, FL",Fort Lauderdale,Colombian,N/A,4.9/5 Google,N/A
Mister O1 Extraordinary Pizza,26.12641,-80.13943,415 NE 4th St,"Fort Lauderdale, FL 33301",Fort Lauderdale,Pizza,N/A,4.9/5 Google,N/A
Casa Calabria,26.177864,-80.097127,4040 Galt Ocean Dr L15,"Fort Lauderdale, FL 33308",Fort Lauderdale,Italian,N/A,4.8/5 Google,N/A
Cafe Bastille Fort Lauderdale,26.12138,-80.136069,704 SE 1st St,"Fort Lauderdale, FL 33301",Fort Lauderdale,French/Brunch,N/A,4.8/5 Google,N/A
Chez Vincent Wine Bar,26.16812,-80.101827,3312 NE 32nd St,"Fort Lauderdale, FL",Fort Lauderdale,Wine Bar/French,N/A,5.0/5 Google,N/A
Anthony's Clam House & Grill,26.190261,-80.108025,2861 E Commercial Blvd,"Fort Lauderdale, FL 33308",Fort Lauderdale,Italian/Seafood,N/A,4.7/5 Google,N/A
BKK Thai & Sushi by Cilantro,26.097783,-80.13701,1843 S Federal Hwy,"Fort Lauderdale, FL 33316",Fort Lauderdale,Thai,N/A,4.9/5 Google,N/A
Pita Plus (ORB),26.047995,-80.168906,2145 Stirling Rd,"Fort Lauderdale, FL 33312",Fort Lauderdale,Middle Eastern,N/A,4.8/5 Google,N/A
Gilbert's 17th Street Grill,26.098393,-80.131431,1821 Cordova Rd,"Fort Lauderdale, FL 33316",Fort Lauderdale,American,N/A,4.8/5 Google,N/A
Eddie V's Prime Seafood,26.118778,-80.141761,100 E Las Olas Blvd,"Fort Lauderdale, FL 33301",Fort Lauderdale,Seafood,N/A,4.5/5 Google,N/A
Rendezvous,26.090652,-80.171076,2525 Marina Bay Dr W,"Fort Lauderdale, FL 33312",Fort Lauderdale,Seafood,N/A,4.6/5 Google,N/A
G&B Oyster Bar,26.117241,-80.10608,429 Seabreeze Blvd,"Fort Lauderdale, FL 33316",Fort Lauderdale,Seafood,N/A,4.7/5 Google,N/A
Ceviche Barrio Peruvian Cuisine,26.205841,-80.156402,6303 Powerline Rd Suite 11,"Fort Lauderdale, FL 33309",Fort Lauderdale,Peruvian,N/A,4.7/5 Google,N/A
Burlock Coast,26.123055,-80.104668,1 N Fort Lauderdale Beach Blvd,"Fort Lauderdale, FL 33304",Fort Lauderdale,Seafood/American,N/A,4.2/5 Google,N/A
Cabana 28,26.205941,-80.148073,6351 N Andrews Ave,"Fort Lauderdale, FL 33309",Fort Lauderdale,Peruvian,N/A,4.7/5 Google,N/A
Tropical Acres Steakhouse,26.061923,-80.174115,2500 Griffin Rd,"Fort Lauderdale, FL 33312",Fort Lauderdale,Steakhouse,N/A,4.5/5 Google,N/A
Fish N Things,26.13552,-80.18926,3291 W Sunrise Blvd,"Fort Lauderdale, FL 33311",Fort Lauderdale,Seafood,N/A,5.0/5 Google,N/A
Sunness Supper Club,26.138491,-80.113145,2465 E Sunrise Blvd,"Fort Lauderdale, FL 33304",Fort Lauderdale,American,N/A,5.0/5 Google,N/A
Goldberg's Delicatessen and Bagels,26.167779,-80.111496,2701 E Oakland Park Blvd,"Fort Lauderdale, FL 33306",Fort Lauderdale,Deli/American,N/A,4.4/5 Google,N/A
Sea Level Restaurant and Ocean Bar,26.106781,-80.105843,3030 Holiday Dr,"Fort Lauderdale, FL 33316",Fort Lauderdale,American/Seafood,N/A,4.4/5 Google,N/A
Tap 42 Craft Kitchen & Bar,26.104069,-80.143066,1411 S Andrews Ave,"Fort Lauderdale, FL 33316",Fort Lauderdale,Gastropub,N/A,4.5/5 Google,N/A
TRP Taste,26.11956,-80.143692,1 W Las Olas Blvd Ste 100,"Fort Lauderdale, FL 33301",Fort Lauderdale,American,N/A,4.8/5 Google,N/A
The New Lighthouse Caffe,26.054255,-80.179758,2850 SW 54th St,"Fort Lauderdale, FL 33312",Fort Lauderdale,Breakfast/American,N/A,4.9/5 Google,N/A
Aura Lounge,26.011185,-80.145739,1916 Hollywood Blvd,"Hollywood, FL 33020",Hollywood,Seafood,N/A,4.6/5 Google,N/A
Ceviche Company,26.032593,-80.16863,3080 Sheridan St,"Hollywood, FL 33021",Hollywood,Seafood/Peruvian,N/A,5.0/5 Google,N/A
Mr. Q Crab House,26.030881,-80.207607,2321 N State Rd 7,"Hollywood, FL 33021",Hollywood,Seafood,N/A,4.1/5 Google,N/A
5 o'Clock Somewhere Bar and Grill,26.01933,-80.117257,1112 N Ocean Dr,"Hollywood, FL 33019",Hollywood,Bar & Grill/American,N/A,4.5/5 Google,N/A
Newt's Crab Trap,26.019474,-80.142797,901 N Federal Hwy,"Hollywood, FL 33020",Hollywood,Seafood,N/A,4.2/5 Google,N/A
Triar Seafood Co,26.023729,-80.148349,2046 McKinley St #7,"Hollywood, FL 33020",Hollywood,Seafood,N/A,5.0/5 Google,N/A
Ocean Alley Restaurant & Beach Bar,26.017287,-80.115559,900 N Broadwalk,"Hollywood, FL 33019",Hollywood,Italian,N/A,4.1/5 Google,N/A
Catch Seafood Market Hollywood,26.011112,-80.144761,1818 Hollywood Blvd,"Hollywood, FL 33020",Hollywood,Seafood/Poke,N/A,4.3/5 Google,N/A
J&C Oyster,26.010587,-80.148486,2035 Harrison St,"Hollywood, FL 33020",Hollywood,Seafood,N/A,4.4/5 Google,N/A
Flanigan's Seafood Bar and Grill (Hollywood),26.031934,-80.247928,2505b N University Dr,"Hollywood, FL 33024",Hollywood,Seafood/Bar & Grill,N/A,4.1/5 Google,N/A
WHY NOT?,26.015815,-80.115632,600 N Surf Rd #6,"Hollywood, FL 33019",Hollywood,American,N/A,4.7/5 Google,N/A
La Granja Parrilla & Seafood,25.985542,-80.157271,720 Hallandale Beach Blvd,"Hallandale Beach, FL 33009",Hallandale Beach,Seafood/Latin,N/A,3.7/5 Google,236
Lychee Garden Chinese Restaurant,25.986322,-80.142111,20 N Federal Hwy,"Hallandale Beach, FL 33009",Hallandale Beach,Chinese,N/A,3.8/5 Google,194
Carrie's at Neiman's,25.888243,-80.124916,9700 Collins Ave (Bal Harbour Shops),"Bal Harbour, FL 33154",Bal Harbour,Contemporary American,$$,N/A,N/A
China Grill,25.888243,-80.124916,9700 Collins Ave (Bal Harbour Shops),"Bal Harbour, FL 33154",Bal Harbour,Asian/Contemporary,$$$$,N/A,N/A
Cafe en 3,25.888243,-80.124916,"9700 Collins Ave, Level 3 (Bal Harbour Shops)","Bal Harbour, FL 33154",Bal Harbour,Contemporary American/Health,$$,3.9/5 Google,286
Slim's,25.888243,-80.124916,9700 Collins Ave (Bal Harbour Shops),"Bal Harbour, FL 33154",Bal Harbour,Steakhouse,$$$$,N/A,N/A
The Harbour Grill,25.883849,-80.123173,9415 Harding Ave,"Surfside, FL 33154",Surfside,American/Seafood,$$,4.5/5 Google,564
Roast,25.884227,-80.123175,9441 Harding Ave,"Surfside, FL 33154",Surfside,American,$$,4.5/5 Google,184
Holy Toast,25.885687,-80.123803,9520 Harding Ave,"Surfside, FL 33154",Surfside,American Breakfast/Brunch,$$,4.5/5 Google,74
Sushi Republic,25.886829,-80.123512,9583 Harding Ave,"Surfside, FL 33154",Surfside,Japanese/Sushi,$$,4.4/5 Google,203
Moncheese Pizza,25.884579,-80.12326,9459 Harding Ave,"Surfside, FL 33154",Surfside,Pizza,$,4.4/5 Google,146
Cafe Vert,25.88505,-80.123541,9490 Harding Ave,"Surfside, FL 33154",Surfside,Cafe/American,$$,4.3/5 Google,241
Rustiko,25.884823,-80.123737,9476 Harding Ave,"Surfside, FL 33154",Surfside,Mediterranean/European,$$,4.2/5 Google,274
Harbour Gourmet,25.883938,-80.123279,9417 Harding Ave,"Surfside, FL 33154",Surfside,American/Gourmet,$$,4.3/5 Google,102
Surfside 6 Grill and Bar,25.880215,-80.122473,9200 Collins Ave,"Surfside, FL 33154",Surfside,American/Bar,$$,2.3/5 Google,3
Gifted Crust,25.885713,-80.123553,9523 Harding Ave,"Surfside, FL 33154",Surfside,Pizza,$,4.5/5 Google,86
Kosh,25.884882,-80.123274,9477 Harding Ave,"Surfside, FL 33154",Surfside,Kosher,$$,3.8/5 Google,204
Mister O1 Extraordinary Pizza (Bay Harbor),25.885921,-80.130528,1065 95th St,"Bay Harbor Islands, FL 33154",Bay Harbor Islands,Pizza,$$,4.9/5 Google,450
KINOKO Sushi Bar & Asian Cuisine,25.887,-80.12947,1007 Kane Concourse,"Bay Harbor Islands, FL 33154",Bay Harbor Islands,Sushi/Asian,$$,4.6/5 Google,122
Bay Harbor Cafe,25.886747,-80.132061,Kane Concourse,"Bay Harbor Islands, FL 33154",Bay Harbor Islands,Cafe,$$,4.6/5 Google,129
Meat Bar,25.886977,-80.12959,1009 Kane Concourse,"Bay Harbor Islands, FL 33154",Bay Harbor Islands,Kosher/Steakhouse,$$$,4.6/5 Google,350
Jacinta,25.956367,-80.142392,19501 Biscayne Blvd (Aventura Mall),"Aventura, FL 33180",Aventura,Contemporary Mexican,$$$,N/A,N/A
Ossobuco,25.956367,-80.142392,19501 Biscayne Blvd (Aventura Mall),"Aventura, FL 33180",Aventura,Italian,$$$,N/A,N/A
Norimoto,25.956367,-80.142392,19501 Biscayne Blvd (Aventura Mall),"Aventura, FL 33180",Aventura,Asian/Japanese,$$,N/A,N/A
North Italia,25.956367,-80.142392,19501 Biscayne Blvd (Aventura Mall),"Aventura, FL 33180",Aventura,Italian,$$$,N/A,N/A
STK Steakhouse,25.956367,-80.142392,19501 Biscayne Blvd (Aventura Mall),"Aventura, FL 33180",Aventura,Steakhouse,$$$$,N/A,N/A
Amalfi Llama,25.956367,-80.142392,19501 Biscayne Blvd (Aventura Mall),"Aventura, FL 33180",Aventura,Italian/Patagonian,$$$,N/A,N/A
La Pizza & La Pasta (Eataly),25.956367,-80.142392,"19501 Biscayne Blvd (Aventura Mall, Eataly)","Aventura, FL 33180",Aventura,Italian,$$,N/A,N/A
Il Pastaio (Eataly),25.956367,-80.142392,"19501 Biscayne Blvd (Aventura Mall, Eataly)","Aventura, FL 33180",Aventura,Italian,$$,N/A,N/A
Abbale Modern Mediterranean Kitchen,25.960302,-80.141574,2956 NE 199th St,"Aventura, FL 33180",Aventura,Mediterranean,$$$,4.6/5 Google,277
Mister O1 Extraordinary Pizza (Aventura),25.96656,-80.142356,2980 NE 207th St Ste 109,"Aventura, FL 33180",Aventura,Pizza,$$,4.8/5 Google,740
Ruth's Chris Steak House,25.96656,-80.142356,2980 NE 207th St Ste 108,"Aventura, FL 33180",Aventura,Steakhouse,$$$$,4.5/5 Google,635
Asiatiko Robata Bar,25.967055,-80.142985,2906 NE 207th St,"Aventura, FL 33180",Aventura,Japanese/Asian,$$$,4.5/5 Google,268
All You Need - Sunny,25.943272,-80.121845,18090 Collins Ave T19,"Sunny Isles Beach, FL 33160",Sunny Isles Beach,American Breakfast,$$,4.6/5 Google,430
Ararat Grill Bar,25.943272,-80.121845,18090 Collins Ave T22,"Sunny Isles Beach, FL 33160",Sunny Isles Beach,Armenian,$$,4.6/5 Google,462
Il Ponte Vecchio Pizzeria,25.94914,-80.121196,18660 Collins Ave #102,"Sunny Isles Beach, FL 33160",Sunny Isles Beach,Italian/Pizza,$$,4.8/5 Google,533
Pizza Bianco,25.954479,-80.119765,19201 Collins Ave (Lower Lobby),"Sunny Isles Beach, FL 33160",Sunny Isles Beach,Pizza,$$,4.9/5 Google,443
Sushi Zen & Izakaya,25.943272,-80.121845,18090 Collins Ave T-23,"Sunny Isles Beach, FL 33160",Sunny Isles Beach,Japanese/Sushi,$$,4.7/5 Google,480
Family & Friends,25.945055,-80.122016,18288 Collins Ave,"Sunny Isles Beach, FL 33160",Sunny Isles Beach,Italian,$$,4.7/5 Google,516
Lentrecote French Restaurant,25.944598,-80.122158,18146 Collins Ave,"Sunny Isles Beach, FL 33160",Sunny Isles Beach,French,$$$,4.7/5 Google,435
Kalinka Euro Deli,25.943272,-80.121845,18090 Collins Ave T-24,"Sunny Isles Beach, FL 33160",Sunny Isles Beach,Ukrainian/Deli,$$,4.3/5 Google,226
Oliva Pizza & Gelato,25.945055,-80.122016,18288 Collins Ave Unit 3,"Sunny Isles Beach, FL 33160",Sunny Isles Beach,Pizza,$$,4.6/5 Google,228
INTIMAR Peruvian Restaurant,25.933572,-80.122267,17040 Collins Ave,"Sunny Isles Beach, FL 33160",Sunny Isles Beach,Peruvian,$$$,4.6/5 Google,327
Crystal Lounge,25.929584,-80.123393,152 Sunny Isles Blvd Ste 13,"Sunny Isles Beach, FL 33160",Sunny Isles Beach,Russian,$$$,4.7/5 Google,121
COTOA Restaurant,25.890061,-80.185321,12475 NE 6th Ct,"North Miami, FL 33161",North Miami,N/A,$$,4.7/5 Google,292
Tomato & Basil,25.89059,-80.185099,653 NE 125th St,"North Miami, FL 33161",North Miami,Italian,$$,4.9/5 Google,288
Lost City Brewing Company,25.888356,-80.170842,12207 NE 13th Ct,"North Miami, FL 33161",North Miami,American/Brewery,$$,4.9/5 Google,138
Namaste Indian Cuisine,25.894535,-80.161906,12749 Biscayne Blvd,"North Miami, FL 33181",North Miami,Indian,$$,4.7/5 Google,217
Zaika Indian Cuisine,25.889169,-80.154772,2176 NE 123rd St,"North Miami, FL 33181",North Miami,Indian,$$,4.5/5 Google,357
Sushi Lucy,25.886477,-80.226439,1680 NE 123rd St,"North Miami, FL 33181",North Miami,Japanese/Sushi,$$,4.1/5 Google,190
Gorditos Bar and Grill,25.889121,-80.155969,2112 NE 123rd St,"North Miami, FL 33181",North Miami,Mexican,$$,4.7/5 Google,71
American Czech-Slovak Club,25.89845,-80.16347,13325 Arch Creek Rd,"North Miami, FL 33181",North Miami,Czech-Slovak,$$,4.9/5 Google,76
Sunnyside Cafe,25.903407,-80.174633,13899 W Dixie Hwy,"North Miami, FL 33161",North Miami,American Breakfast,$,3.8/5 Google,151
Donovan's Bar & Grill,25.89423,-80.211391,13040 NW 7th Ave,"North Miami, FL 33168",North Miami,American,$$,4.6/5 Google,88
Lakay Food Spot,25.888862,-80.186249,12325 NE 6th Ave,"North Miami, FL 33161",North Miami,Haitian,$,3.8/5 Google,135
Le Cap Restaurant,25.899193,-80.211054,13639 NW 7th Ave,"North Miami, FL 33168",North Miami,Haitian,$$,3.7/5 Google,146
Twin Dragon Hibachi,25.887895,-80.210377,12351 NW 7th Ave,"North Miami, FL 33168",North Miami,Chinese/Hibachi,$$,5.0/5 Google,7
Home of Flavor,25.90071,-80.210976,13737 NW 7th Ave,"North Miami, FL 33168",North Miami,Caribbean,$,3.5/5 Google,101
P.F. Chang's,25.937447,-80.149153,17455 Biscayne Blvd,"North Miami Beach, FL 33160",North Miami Beach,Asian/Chinese,$$,4.7/5 Google,1372
La Matera Kosher Argentinian Steakhouse,25.927228,-80.139413,3073 NE 163rd St,"North Miami Beach, FL 33160",North Miami Beach,Argentine/Kosher Steakhouse,$$$,4.8/5 Google,216
Kavkaz Restaurant,25.910617,-80.144549,15504 Biscayne Blvd,"North Miami Beach, FL 33162",North Miami Beach,Georgian/Caucasus,$$,4.4/5 Google,375
Pura Vida Miami (North Miami Beach),25.91057,-80.144544,15180 Biscayne Blvd,"North Miami Beach, FL 33162",North Miami Beach,Health Food,$$,4.8/5 Google,207
Smash House Burgers Miami,25.926489,-80.169064,1550 NE 164th St,"North Miami Beach, FL 33162",North Miami Beach,Burgers,$,4.6/5 Google,455
Carne en Vara Express,25.947186,-80.14883,2590 NE 186th St,"North Miami Beach, FL",North Miami Beach,Venezuelan,$$,4.5/5 Google,271
Sushi Sake Miami Gardens,25.944648,-80.168728,1608 NE Miami Gardens Dr Unit 70,"North Miami Beach, FL 33179",North Miami Beach,Japanese/Sushi,$$,4.2/5 Google,144
Peppo Argentinian Restaurant,25.943215,-80.149337,18190 W Dixie Hwy,"North Miami Beach, FL 33160",North Miami Beach,Argentine,$$,4.6/5 Google,153
Iron Sushi,25.92659,-80.15614,16350 W Dixie Hwy,"North Miami Beach, FL 33160",North Miami Beach,Japanese/Sushi,$$,4.5/5 Google,285
Boteco do Manolo,25.927657,-80.138626,3161 NE 163rd St,"North Miami Beach, FL 33160",North Miami Beach,Brazilian,$$,4.3/5 Google,40
Thai House II,25.925511,-80.155223,2250 NE 163rd St,"North Miami Beach, FL 33160",North Miami Beach,Thai,$$,4.1/5 Google,326
Jonjoli Georgian Cafe,25.9326,-80.15387,17010 W Dixie Hwy Ste C,"North Miami Beach, FL 33160",North Miami Beach,Georgian,$$,4.7/5 Google,82
Wok Place Inc,25.933068,-80.153339,17048 W Dixie Hwy,"North Miami Beach, FL 33160",North Miami Beach,Chinese,$,5.0/5 Google,15
Cheen Huaye - Southern Mexican Cuisine,25.910602,-80.144547,15400 Biscayne Blvd,"North Miami Beach, FL 33162",North Miami Beach,Mexican,$$,4.4/5 Google,316
House of Food Porn,25.83272,-80.20016,199 NW 62nd St A,"Miami, FL 33150",Little Haiti,Japanese/Omakase Fusion,$$$$,5.0/5 Tripadvisor,704
Blue Collar,25.83786,-80.18476,6730 Biscayne Blvd,"Miami, FL 33138",Little Haiti,American,N/A,N/A,N/A
Balans,25.837795,-80.18405,6789 Biscayne Blvd,"Miami, FL 33138",Little Haiti,American,N/A,N/A,N/A
Dogma Grill,25.839796,-80.184506,7010 Biscayne Blvd,"Miami, FL 33138",Little Haiti,American/Hot Dogs,N/A,N/A,N/A
Blessing,25.85286,-80.192841,8427 NE 2nd Ave,"Miami, FL 33138",Little Haiti,Haitian,N/A,N/A,N/A
Fire Kitchen and Bar,25.851591,-80.192744,8303 NE 2nd Ave,"Miami, FL 33138",Little Haiti,American,N/A,N/A,N/A
Crisppis Miami,25.804598,-80.189179,2917 Biscayne Blvd,"Miami, FL 33137",Midtown,American/Burger,N/A,N/A,N/A
Flyfuel Food Co.,25.803909,-80.192315,154 NE 29th St,"Miami, FL 33137",Midtown,Health Food,N/A,N/A,N/A
Crab du Jour,25.807896,-80.194733,3201 N Miami Ave,"Miami, FL 33127",Midtown,Seafood/Cajun,N/A,N/A,N/A
Mangal,25.804805,-80.189172,2929 Biscayne Blvd,"Miami, FL 33137",Midtown,Turkish/Mediterranean,N/A,N/A,N/A
Shelter Restaurant - Miami,25.802435,-80.194713,10 NE 27th St,"Miami, FL 33137",Midtown,American,N/A,N/A,N/A
Las Rosas,25.803441,-80.207503,2898 NW 7th Ave,"Miami, FL 33127",Allapattah,Bar/American,N/A,N/A,N/A
Mercato,25.814323,-80.190807,4141 NE 2nd Ave,"Miami, FL 33137",Design District,Italian,N/A,N/A,N/A
Palat,25.818744,-80.191764,4702 NE 2nd Ave,"Miami, FL 33137",Design District,Italian,N/A,N/A,N/A
The District Miami,25.817744,-80.191918,190 NE 46th St,"Miami, FL 33137",Design District,American,N/A,N/A,N/A
Okami,25.81413,-80.19227,156 NE 41st St,"Miami, FL 33137",Design District,Japanese,N/A,N/A,N/A
Japow,25.813536,-80.194401,151 NE 41st St,"Miami, FL 33137",Design District,Japanese,N/A,N/A,N/A
ZZ's Sushi Bar,25.813536,-80.194401,151 NE 41st St,"Miami, FL 33137",Design District,Japanese/Sushi,N/A,N/A,N/A
YOSO Sushi,25.813596,-80.193763,87 NE 40th St,"Miami, FL 33137",Design District,Japanese,N/A,N/A,N/A
Wayan Miami,25.799497,-80.196035,50 NW 24th St,"Miami, FL 33127",Wynwood,Indonesian,N/A,N/A,N/A
FREEHOLD Miami,25.798425,-80.198806,2219 NW 2nd Ave,"Miami, FL 33127",Wynwood,American/Bar,N/A,N/A,N/A
Sha Wynwood,25.800953,-80.196936,97 NW 25th St,"Miami, FL 33127",Wynwood,Mediterranean,N/A,N/A,N/A
305 Pizza,25.800084,-80.198175,151 NW 24th St,"Miami, FL 33127",Wynwood,Pizza,N/A,N/A,N/A
La Birra Bar,25.799955,-80.200138,250 NW 24th St,"Miami, FL 33127",Wynwood,Argentinian/Burger,N/A,N/A,N/A
Beaker & Gray,25.802316,-80.194767,2637 N Miami Ave,"Miami, FL 33127",Wynwood,American/Bar,N/A,N/A,N/A
Wynwood Smoke and Lounge,25.799949,-80.200912,320 NW 24th St,"Miami, FL 33127",Wynwood,Middle Eastern,N/A,N/A,N/A
Smart Bowls Miami,25.804416,-80.204366,542 NW 30th St,"Miami, FL 33127",Wynwood,Mediterranean/Healthy,N/A,N/A,N/A
El Bajareque,25.810115,-80.20098,278 NW 36th St,"Miami, FL 33127",Wynwood,Puerto Rican,N/A,N/A,N/A
El Cartel Colombian Restaurant,25.772929,-80.19201,194 SE 1st Ave,"Miami, FL 33131",Downtown Miami,Colombian,N/A,N/A,N/A
Giardino Gourmet Salads,25.774475,-80.190635,169 E Flagler St,"Miami, FL 33131",Downtown Miami,Salads/American,N/A,N/A,N/A
Iron Sushi,25.773127,-80.189116,120 SE 3rd Ave,"Miami, FL 33131",Downtown Miami,Japanese/Sushi,N/A,N/A,N/A
Camila's Restaurante Brasileiro,25.772938,-80.191772,129 SE 1st Ave,"Miami, FL 33131",Downtown Miami,Brazilian,N/A,N/A,N/A
Manna Life Food,25.775029,-80.190421,80 NE 2nd Ave,"Miami, FL 33132",Downtown Miami,Vegan/Health Food,N/A,N/A,N/A
Motek - Mediterranean Cafe & Restaurant,25.77494,-80.192838,36 NE 1st St,"Miami, FL 33132",Downtown Miami,Mediterranean,N/A,N/A,N/A
Manolo & Rene Grill,25.776105,-80.188738,188 NE 3rd Ave,"Miami, FL 33132",Downtown Miami,Cuban,N/A,N/A,N/A
Ten Fruits,25.776089,-80.188529,143 NE 3rd Ave,"Miami, FL 33132",Downtown Miami,Juice/Salad/Sandwich,N/A,N/A,N/A
Margaritaville,25.778902,-80.186755,401 Biscayne Blvd,"Miami, FL 33132",Downtown Miami,Caribbean/American,N/A,N/A,N/A
Jar and Fork,25.774042,-80.188561,270 E Flagler St,"Miami, FL 33131",Downtown Miami,American,N/A,N/A,N/A
Mario the Baker Pizza,25.774265,-80.194472,43 W Flagler St,"Miami, FL 33128",Downtown Miami,Pizza,N/A,N/A,N/A
Meraki Greek Bistro,25.772796,-80.19198,142 SE 1st Ave,"Miami, FL 33131",Downtown Miami,Greek,N/A,N/A,N/A
La Granja,25.772819,-80.190122,127 SE 2nd Ave,"Miami, FL 33131",Downtown Miami,Peruvian/Chicken,N/A,N/A,N/A
New York Roma Pizza,25.77286,-80.190128,125 SE 2nd Ave,"Miami, FL 33131",Downtown Miami,Pizza/Italian,N/A,N/A,N/A
The Cocinita Miami,25.768478,-80.19094,70 SE 5th St,"Miami, FL 33131",Downtown Miami,Latin American,N/A,N/A,N/A
Maple & Ash,25.78094,-80.191841,699 NE 1st Ave,"Miami, FL 33132",Downtown Miami,American/Steakhouse,N/A,N/A,N/A
Gordon Ramsay Hell's Kitchen,25.771397,-80.188364,340 SE 3rd St,"Miami, FL 33131",Downtown Miami,American,N/A,N/A,N/A
Chick'n Grill,25.76599,-80.198511,250 SW 8th St,"Miami, FL 33130",Brickell,American/Chicken,N/A,N/A,N/A
La Moon,25.766468,-80.195122,97 SW 8th St,"Miami, FL 33130",Brickell,Colombian,N/A,N/A,N/A
Baires Grill,25.763969,-80.193597,1010 S Miami Ave,"Miami, FL 33130",Brickell,Argentinian/Steakhouse,N/A,N/A,N/A
The Arketekt by Aficionados,25.761736,-80.190393,1200 Brickell Bay Dr,"Miami, FL 33131",Brickell,Lounge/American,N/A,N/A,N/A
La Estacion Cafe,25.760626,-80.192607,1390 Brickell Ave,"Miami, FL 33131",Brickell,Cuban,N/A,N/A,N/A
Okeydokey,25.765986,-80.198805,268 SW 8th St,"Miami, FL 33130",Brickell,American,N/A,N/A,N/A
Kan Sushi,25.765242,-80.19347,900 S Miami Ave,"Miami, FL 33130",Brickell,Japanese/Sushi,N/A,N/A,N/A
Mercado Japones,25.763822,-80.193364,1036 S Miami Ave,"Miami, FL 33130",Brickell,Japanese,N/A,N/A,N/A
Cajun Boil,25.76745,-80.19611,141 SW 7th St,"Miami, FL 33130",Brickell,Seafood/Cajun,N/A,N/A,N/A
Batch Gastropub,25.762202,-80.194163,30 SW 12th St,"Miami, FL 33130",Brickell,American Gastropub,N/A,N/A,N/A
La Sandwicherie,25.766079,-80.194072,34 SW 8th St,"Miami, FL 33130",Brickell,French/Sandwiches,N/A,N/A,N/A
Tacos Atarantados Brickell,25.762237,-80.19349,1250 S Miami Ave,"Miami, FL 33130",Brickell,Mexican,N/A,N/A,N/A
Blackbird Ordinary,25.766638,-80.195222,729 SW 1st Ave,"Miami, FL 33130",Brickell,American/Bar,N/A,N/A,N/A
North Italia,25.765242,-80.19347,900 S Miami Ave,"Miami, FL 33130",Brickell,Italian,N/A,N/A,N/A
Piola Brickell,25.762237,-80.19349,1250 S Miami Ave,"Miami, FL 33130",Brickell,Italian/Pizza,N/A,N/A,N/A
Barton G the Restaurant,25.786174,-80.141976,1427 West Ave,"Miami Beach, FL 33139",Miami Beach,American/Eclectic,N/A,N/A,N/A
Lokum,25.790108,-80.140988,1629 Alton Rd,"Miami Beach, FL 33139",Miami Beach,Turkish,N/A,N/A,N/A
Sardinia Enoteca Ristorante,25.793732,-80.144232,1801 Purdy Ave,"Miami Beach, FL 33139",Miami Beach,Italian/Sardinian,N/A,N/A,N/A
NaiYaRa,25.79431,-80.143886,1854 Bay Rd,"Miami Beach, FL 33139",Miami Beach,Thai,N/A,N/A,N/A
Meat Market,25.790786,-80.137913,915 Lincoln Rd,"Miami Beach, FL 33139",Miami Beach,Steakhouse,N/A,N/A,N/A
Doraku Sushi,25.790343,-80.140168,1104 Lincoln Rd,"Miami Beach, FL 33139",Miami Beach,Japanese/Sushi,N/A,N/A,N/A
Carmelo Family Kitchen,25.790209,-80.138218,920 Lincoln Rd,"Miami Beach, FL 33139",Miami Beach,Argentinian/Steakhouse,N/A,N/A,N/A
Icebox Cafe,25.794264,-80.144322,1855 Purdy Ave,"Miami Beach, FL 33139",Miami Beach,American/Breakfast,N/A,N/A,N/A
Macaluso's,25.793006,-80.140908,1747 Alton Rd,"Miami Beach, FL 33139",Miami Beach,Italian,N/A,N/A,N/A
Chotto Matte,25.791157,-80.140246,1664 Lenox Ave,"Miami Beach, FL 33139",Miami Beach,Japanese-Peruvian (Nikkei),N/A,N/A,N/A
Stiltsville Fish Bar,25.793242,-80.144191,1787 Purdy Ave,"Miami Beach, FL 33139",Miami Beach,Seafood,N/A,N/A,N/A
Havana 1957,25.79074,-80.136974,819 Lincoln Rd,"Miami Beach, FL 33139",Miami Beach,Cuban,N/A,N/A,N/A
San Lorenzo Ristorante,25.84677,-80.184003,620 NE 78th St,"Miami, FL 33138",Little River,Italian,N/A,N/A,N/A
Tran An,25.850011,-80.192369,217 NE 82nd St,"Miami, FL 33138",Little River,Vietnamese,N/A,N/A,N/A
La Santa Taqueria,25.84999,-80.1927,201 NE 82nd St,"Miami, FL 33138",Little River,Mexican,N/A,N/A,N/A
Ironside Pizza,25.84508,-80.188266,7580 NE 4th Ct,"Miami, FL 33138",Little River,Pizza,N/A,N/A,N/A
Sherwood's,25.851274,-80.192607,8281 NE 2nd Ave,"Miami, FL 33138",Little River,American,N/A,N/A,N/A
Doggi's Arepa Bar,25.842182,-80.184076,7281 Biscayne Blvd,"Miami, FL 33138",Little River,Venezuelan,N/A,N/A,N/A
Moshi Moshi,25.841845,-80.184545,7232 Biscayne Blvd,"Miami, FL 33138",Little River,Japanese/Sushi,N/A,N/A,N/A
Jimmy's Eastside Diner,25.84142,-80.18408,7201 Biscayne Blvd,"Miami, FL 33138",Little River,American/Diner,N/A,N/A,N/A
Nido Caffe,25.847359,-80.184612,7895 Biscayne Blvd,"Miami, FL 33138",Little River,Italian/Cafe,N/A,N/A,N/A
Cake Thai,25.848274,-80.184467,7919 Biscayne Blvd,"Miami, FL 33138",Little River,Thai,N/A,N/A,N/A
Siam Rice Thai and Sushi,25.84858,-80.184486,7941 Biscayne Blvd,"Miami, FL 33138",Little River,Thai/Sushi,N/A,N/A,N/A
Yeti's at Skatebird,25.851769,-80.185752,533 NE 83rd St,"Miami, FL 33138",Little River,Pizza,N/A,N/A,N/A
Miranda Cuisine and Bar,25.808784,-80.266085,4299 NW 36th St,"Miami Springs, FL 33166",MIA Airport Area,Latin American,$$$,4.9/5 Google,660
My Little Greek Deli,25.821312,-80.284179,195 Westward Dr,"Miami Springs, FL 33166",MIA Airport Area,Greek,$$,4.8/5 Google,246
Ceviches by Divino,25.821799,-80.281209,46 Curtiss Pkwy,"Miami Springs, FL 33166",MIA Airport Area,Peruvian,$$,4.7/5 Google,367
Paco's Way,25.821592,-80.281007,45 Curtiss Pkwy,"Miami Springs, FL 33166",MIA Airport Area,Spanish,$$$,4.6/5 Google,465
Sushi Sake Miami Springs,25.82159,-80.282287,1 Westward Dr Bay 1,"Miami Springs, FL 33166",MIA Airport Area,Japanese,$$,4.7/5 Google,395
Cozy Corner,25.821091,-80.283123,90 Westward Dr,"Miami Springs, FL 33166",MIA Airport Area,American Diner,$$,4.5/5 Google,297
Old Tom's Sports Bar,25.808194,-80.277797,5001 NW 36th St,"Miami Springs, FL 33166",MIA Airport Area,American,$$,4.3/5 Google,536
Siamo Ristorante & Pizzeria,25.821536,-80.282574,17 Westward Dr,"Miami Springs, FL 33166",MIA Airport Area,Italian,$$,4.2/5 Google,336
Hole 19 - Scratch Kitchen + Bar,25.814426,-80.288894,650 Curtiss Pkwy,"Miami Springs, FL 33166",MIA Airport Area,American Gastropub,$$,4.3/5 Google,127
The Pilot House,25.808393,-80.276769,4909 NW 36th St,"Miami Springs, FL 33166",MIA Airport Area,American Bar,$$,4.4/5 Google,199
Suvi Thai Sushi Restaurant,25.807904,-80.28849,5683 NW 36th St,"Miami Springs, FL 33166",MIA Airport Area,Thai/Sushi,$$,4.2/5 Google,259
Antojos Peruanos,25.821215,-80.285483,261 Westward Dr Ste 105,"Miami Springs, FL 33166",MIA Airport Area,Peruvian,$$,4.2/5 Google,68
Sr de los Tacos,25.792877,-80.369364,2070 NW 107th Ave,"Sweetwater, FL 33172",Sweetwater,Mexican,$$,4.7/5 Google,408
107 Taste Asian Restaurant,25.752753,-80.367349,1679 SW 107th Ave,"Miami (Sweetwater/FIU), FL 33174",Sweetwater,Asian,$$,4.9/5 Google,971
Bandeja Paisa Restaurant,25.7699,-80.350841,9511 W Flagler St,"Miami (Sweetwater/Fontainebleau), FL 33174",Sweetwater,Colombian,$$,4.9/5 Google,3312
Recoveco,25.702212,-80.291266,6000 SW 74th St Ste 1,"South Miami, FL 33143",South Miami,Seafood,$$$,5.0/5 Google,84
Tokyo Tuna Sushi,25.703269,-80.287514,5800 SW 73rd St,"South Miami, FL 33143",South Miami,Japanese,$$,4.4/5 Google,96
Pla-Tu Sushi Thai Tapas,25.704578,-80.29221,6101 Sunset Dr,"South Miami, FL 33143",South Miami,Japanese/Thai,$$,4.7/5 Google,168
Fratelli By Jholano's,25.688142,-80.313068,8860 SW 72nd Pl,"Miami (Kendall), FL 33156",Kendall,Italian Bar,$$,4.0/5 Google,353
Shiraz Bistro & Market,25.680506,-80.318927,9630 SW 77th Ave,"Miami (Kendall), FL 33156",Kendall,Persian,$$,4.6/5 Google,225
Ranchito mi Peru IV,25.680287,-80.318902,9636 SW 77th Ave,"Miami (Kendall), FL 33156",Kendall,Peruvian,$$,4.7/5 Google,18
Tucandela Bar,25.689151,-80.385826,8405 Mills Dr Ste 208,"Kendall, FL 33183",Kendall,Bar/Latin,$$,3.1/5 Google,221
Sushi KONG,25.749897,-80.242296,3000 Coral Wy,"Coral Gables, FL 33145",Coral Gables,Japanese/Sushi,$$$,4.9/5 Google,519
Miss Crispy Rice / Omakase,25.764169,-80.259488,808 Ponce de Leon Blvd,"Coral Gables, FL 33134",Coral Gables,Sushi Bar,$$$$,4.5/5 Google,215
Piccola Pizzeria,25.751112,-80.258379,2305 Ponce de Leon Blvd,"Coral Gables, FL 33134",Coral Gables,Pizza,$$,4.9/5 Google,269
Bistro Cafe,25.733361,-80.261035,4155 Laguna St,"Coral Gables, FL 33146",Coral Gables,Brunch/Cafe,$$,4.9/5 Google,709
Francesco,25.749214,-80.260332,278 Miracle Mile,"Coral Gables, FL 33134",Coral Gables,Italian/Wine Bar,$$$,4.7/5 Google,311
CRAFT Coral Gables,25.75148,-80.25743,127 Giralda Ave,"Coral Gables, FL 33134",Coral Gables,American Breakfast,$$$,4.9/5 Google,669
Naked Farmer,25.751482,-80.257588,137 Giralda Ave,"Coral Gables, FL 33134",Coral Gables,New American,$$$,4.7/5 Google,263
Soya Sushi Bar,25.81085,-80.382726,11402 NW 41st St #116,"Doral, FL 33178",Doral,Japanese,$$$,4.9/5 Google,2596
Sokai Sushi Bar,25.83927,-80.371178,10726 NW 74th St,"Doral, FL 33166",Doral,Sushi,$$,4.9/5 Google,1382
Luka Restaurant and Coffee,25.81085,-80.382726,11402 NW 41st St #112,"Doral, FL 33178",Doral,Latin American,$$,4.9/5 Google,1271
Miami To Brazil Rodizio,25.796578,-80.343819,9136 NW 25th St,"Doral, FL 33172",Doral,Brazilian,$$$,4.9/5 Google,289
Bonsai Sushi Bar,25.82575,-80.371938,10832 NW 58th St,"Doral, FL 33178",Doral,Sushi,$$,5.0/5 Google,395
Las Vegas Cuban Cuisine,25.819601,-80.336221,8552 NW 53rd St,"Doral, FL 33166",Doral,Cuban,$$,4.8/5 Google,1048
Casa Mariano,25.797994,-80.329722,8200 NW 27th St Ste 106,"Doral, FL 33122",Doral,Mediterranean,$$$,4.7/5 Google,380
Sabor Venezolano Doral,25.839286,-80.371037,10722 NW 74th St,"Doral, FL 33166",Doral,Venezuelan,$$,4.8/5 Google,701
La Crema Food and Grill,25.796214,-80.323827,7800 NW 25th St #16,"Doral, FL 33166",Doral,Caribbean,$$,4.8/5 Google,636
Divino Ceviche,25.798208,-80.324645,2629 NW 79th Ave,"Doral, FL 33122",Doral,Peruvian,$$,4.6/5 Google,578
Rossitto's Italian Gourmet Market & Eatery,26.232283,-80.09681,2663 E Atlantic Blvd,"Pompano Beach, FL 33062",Pompano Beach,Italian,$$,4.9/5 Google,331
RGS Steakhouse,26.21097,-80.117757,360 E McNab Rd,"Pompano Beach, FL 33060",Pompano Beach,Steakhouse,$$$,4.8/5 Google,542
Taj Darbar Indian Cuisine,26.256486,-80.101713,1901 N Federal Hwy Ste E112,"Pompano Beach, FL 33062",Pompano Beach,Indian,$$,4.9/5 Google,268
Aromas del Peru,26.232553,-80.091615,1 N Ocean Blvd Ste 102,"Pompano Beach, FL 33062",Pompano Beach,Peruvian,$$,4.7/5 Google,433
La Veranda,26.232057,-80.102302,2121 E Atlantic Blvd,"Pompano Beach, FL 33062",Pompano Beach,Italian,$$,4.5/5 Google,451
Nonna's Bistro & Cafe,26.26022,-80.084724,2608 N Ocean Blvd,"Pompano Beach, FL 33062",Pompano Beach,Argentine,$$,4.7/5 Google,247
Ay Chavela Tacos and Cantina,26.231211,-80.114601,900 E Atlantic Blvd #8-10,"Pompano Beach, FL 33060",Pompano Beach,Mexican,$,4.6/5 Google,135
YAMU Thai Japanese Restaurant,26.26022,-80.084724,2608 N Ocean Blvd #5,"Pompano Beach, FL 33062",Pompano Beach,Asian Fusion,$$,4.8/5 Google,179
1804 Haitian Pizza & Fritay,26.228651,-80.103123,427 S Federal Hwy,"Pompano Beach, FL 33060",Pompano Beach,Haitian,$,4.7/5 Google,169
The Vault Bar & Restaurant,26.232594,-80.124563,61 NE 1st St Ste 1,"Pompano Beach, FL 33060",Pompano Beach,American,$$,4.8/5 Google,123
Kin Asian Street Food,26.222679,-80.125539,143 SW 6th St,"Pompano Beach, FL 33060",Pompano Beach,Asian,$,4.6/5 Google,364
Affendi Grill,26.231687,-80.095745,2780 E Atlantic Blvd,"Pompano Beach, FL 33062",Pompano Beach,Mediterranean,$,4.7/5 Google,140
9 Face Sushi Cafe,26.231852,-80.090584,3422 E Atlantic Blvd,"Pompano Beach, FL 33062",Pompano Beach,Sushi,$$,4.7/5 Google,266
Sea Mario Italian Restaurant,26.224556,-80.123541,451 S Cypress Rd,"Pompano Beach, FL 33060",Pompano Beach,Italian,$$,4.7/5 Google,117
Chef Dee's,26.279631,-80.097488,3919 N Federal Hwy,"Pompano Beach, FL 33064",Pompano Beach,Seafood,$$,4.6/5 Google,254
Vinhus Restaurant and Grill,26.232058,-80.10172,2201 E Atlantic Blvd,"Pompano Beach, FL 33062",Pompano Beach,Portuguese,$$,4.5/5 Google,284
Just Thai,26.316482,-80.088932,1098 E Hillsboro Blvd,"Deerfield Beach, FL 33441",Deerfield Beach,Thai,$$,4.7/5 Google,99
Uncle Kimmy's,26.306771,-80.094228,803 SE 8th St,"Deerfield Beach, FL 33441",Deerfield Beach,American,$$,4.7/5 Google,139
Lucky Lou's Raw Bar,26.315791,-80.078114,123 NE 20th Ave,"Deerfield Beach, FL 33441",Deerfield Beach,Seafood,$$,4.5/5 Google,170
Phat Boy Sushi Kitchen & Bar,26.305633,-80.093218,949 S Federal Hwy,"Deerfield Beach, FL 33441",Deerfield Beach,Japanese,$$,4.4/5 Google,340
Fat Boyz Barbecue Restaurant,26.315542,-80.087292,1200 E Hillsboro Blvd,"Deerfield Beach, FL 33441",Deerfield Beach,BBQ,$$,4.3/5 Google,632
Patrizia's of NYC,26.31336,-80.084731,1544 SE 3rd Ct,"Deerfield Beach, FL 33441",Deerfield Beach,Italian,$$,4.0/5 Google,413
Boteco do Manolo,26.318896,-80.12907,1825 W Hillsboro Blvd,"Deerfield Beach, FL 33442",Deerfield Beach,Brazilian,$$,4.3/5 Google,260
Kahuna Bar & Grill,26.316969,-80.076456,249 NE 21st Ave #81 A,"Deerfield Beach, FL 33441",Deerfield Beach,American,$$,4.4/5 Google,258
Thai-Sushi Express,26.313399,-80.083679,1630 SE 3rd Ct,"Deerfield Beach, FL 33441",Deerfield Beach,Thai,$,4.4/5 Google,188
Sushi Song,26.315791,-80.078114,123 NE 20th Ave,"Deerfield Beach, FL 33441",Deerfield Beach,Sushi,$$,4.5/5 Google,160
Le Sorelle Restaurant Downtown,26.345687,-80.085471,507 SE Mizner Blvd,"Boca Raton, FL 33432",Boca Raton,Italian,$$,4.9/5 Google,1246
Kingdom Sushi,26.34704,-80.155002,22191 Powerline Rd,"Boca Raton, FL 33433",Boca Raton,Japanese,$$,4.9/5 Google,546
Motek Boca Raton,26.364192,-80.128479,5377 Town Center Rd #300,"Boca Raton, FL 33486",Boca Raton,Mediterranean,$$,4.7/5 Google,291
The Hen and Hog Restaurant,26.368978,-80.077802,2151 N Federal Hwy,"Boca Raton, FL 33431",Boca Raton,American,$$$,4.7/5 Google,576
La Terraza Tapas & Bar,26.362497,-80.136494,21170 St Andrews Blvd #7,"Boca Raton, FL 33433",Boca Raton,Spanish,$$,4.8/5 Google,141
Argentinian Grill,26.373586,-80.076884,2521 N Federal Hwy,"Boca Raton, FL 33431",Boca Raton,Argentine,$$,4.7/5 Google,477
Corvina Seafood Grill,26.349559,-80.084627,110 Plaza Real S,"Boca Raton, FL 33432",Boca Raton,Seafood,$$$,4.4/5 Google,602
Eathai,26.405292,-80.076678,6299 N Federal Hwy,"Boca Raton, FL 33487",Boca Raton,Thai,$$,4.7/5 Google,372
Cote France,26.348076,-80.084613,100 Plaza Real S,"Boca Raton, FL 33432",Boca Raton,French,$$$,4.6/5 Google,612
Embarcadero 41 Ceviche & Rolls,26.366428,-80.173959,8188 Glades Rd,"Boca Raton, FL 33434",Boca Raton,Peruvian,$$,4.6/5 Google,452
Hawkers Asian Street Food,26.4612,-80.066259,640 E Atlantic Ave,"Delray Beach, FL 33483",Delray Beach,Asian,$$,4.7/5 Google,648
Taki Omakase,26.46143,-80.066437,632 E Atlantic Ave,"Delray Beach, FL 33483",Delray Beach,Japanese,$$$,4.8/5 Google,321
ROKA Turkish Cuisine,26.468921,-80.068523,398 NE 5th Ave,"Delray Beach, FL 33483",Delray Beach,Turkish,$$,4.9/5 Google,120
MIA Kitchen & Bar,26.454349,-80.170175,7901 W Atlantic Ave #101,"Delray Beach, FL 33446",Delray Beach,American,$$$,4.5/5 Google,380
Dasara Indian Cuisine,26.437812,-80.084336,1100 Linton Blvd Ste C4,"Delray Beach, FL 33444",Delray Beach,Indian,$$,4.5/5 Google,440
Lucille's Bad to the Bone BBQ,26.455,-80.18994,9173 W Atlantic Ave #120,"Delray Beach, FL 33446",Delray Beach,BBQ,$$,4.5/5 Google,419
O'Connor's Irish Pub,26.465127,-80.070841,210 NE 2nd St,"Delray Beach, FL 33444",Delray Beach,Irish Pub,$$,4.8/5 Google,196
Barcelona Wine Bar,26.461397,-80.073291,22 W Atlantic Ave #140,"Delray Beach, FL 33444",Delray Beach,Spanish,$$,4.6/5 Google,132
Warren - American Whiskey Kitchen,26.45239,-80.186652,15084 Lyons Rd Bay 350,"Delray Beach, FL 33446",Delray Beach,American,$$,4.4/5 Google,566
Shiitake Asian Bistro,26.43768,-80.12045,4900 Linton Blvd #14,"Delray Beach, FL 33445",Delray Beach,Asian,$$,4.6/5 Google,242
