"Name","Address","City","Cuisine","PriceRange","Rating","ReviewCount","Phone","Source","Region"
"Aviv","2341 Collins Ave","Miami Beach, FL 33139","Israeli","$$$","4.4/5 Google","253","N/A","Miami New Times","Miami Beach"
"Blue Ribbon Sushi Bar & Grill","336 21st St (Plymouth Hotel)","Miami Beach, FL 33139","Japanese","$$$","4.5/5 Google","1440","N/A","The Infatuation","Miami Beach"
"Call Me Gaby","22 Washington Ave","Miami Beach, FL 33139","Italian","$$$","4.1/5 Google","928","N/A","The Infatuation","Miami Beach"
"Carbone Miami","49 Collins Ave","Miami Beach, FL 33139","Italian","$$$$","4.3/5 Google","2098","N/A","Miami New Times","Miami Beach"
"Estiatorio Milos","730 First St","Miami Beach, FL 33139","Greek/Seafood","$$$$","4.5/5 Google","1828","N/A","Miami New Times","Miami Beach"
"Joe's Stone Crab","11 Washington Ave","Miami Beach, FL 33139","Seafood","$$$$","4.5/5 Google","11551","N/A","The Infatuation","Miami Beach"
"The Joyce","448 Espanola Way","Miami Beach, FL 33139","American","$$$$","4.3/5 Google","120","N/A","The Infatuation","Miami Beach"
"Las' Lap Miami","2216 Park Ave","Miami Beach, FL 33139","Afro-Caribbean","$$$$","4.7/5 Google","143","N/A","Miami New Times","Miami Beach"
"The Lido Bayside Grill","40 Island Ave (Standard Spa)","Miami Beach, FL 33139","American","$$$$","3.7/5 Google","722","N/A","The Infatuation","Miami Beach"
"Lucali","1930 Bay Rd","Miami Beach, FL 33139","Pizza/Italian","$$","4.2/5 Google","1760","N/A","The Infatuation","Miami Beach"
"Macchialina","820 Alton Rd","Miami Beach, FL 33139","Italian","$$$","4.4/5 Google","1708","N/A","The Infatuation","Miami Beach"
"Mila","1636 Meridian Ave / 800 Lincoln Rd Fl 3","Miami Beach, FL 33139","Eclectic/Japanese","$$$$","4.8/5 Google","20800","N/A","The Infatuation","Miami Beach"
"LT South Beach (The Betsy Hotel)","1440 Ocean Dr","Miami Beach, FL 33139","American","$$$","4.4/5 Google","619","N/A","Miami New Times","Miami Beach"
"Prime 112","112 Ocean Dr","Miami Beach, FL 33139","Steakhouse","$$$$","4.1/5 Google","2959","N/A","The Infatuation","Miami Beach"
"Puerto Sagua","700 Collins Ave","Miami Beach, FL 33139","Cuban","$$","4.5/5 Google","8718","N/A","Miami New Times","Miami Beach"
"Stubborn Seed","101 Washington Ave","Miami Beach, FL 33139","New American/French","$$$$","4.5/5 Google","1438","N/A","Miami New Times (Michelin star)","Miami Beach"
"Sweet Liberty Drink & Supply Co.","237 20th St Ste B","Miami Beach, FL 33139","American Gastropub","$$$","4.6/5 Google","2698","N/A","The Infatuation","Miami Beach"
"Vecinos","3101 Indian Creek Dr","Miami Beach, FL 33140","Latin Bar/Grill","$$$","7.6/10 Infatuation","N/A","N/A","The Infatuation","Miami Beach"
"Cho Funky Asian Bistro","1209 17th St","Miami Beach, FL 33139","Southeast Asian","$$$","4.9/5 Google","86","N/A","The Infatuation","Miami Beach"
"Queen","550 Washington Ave","Miami Beach, FL 33139","Japanese","$$$","4.3/5 Google","1206","N/A","The Infatuation","Miami Beach"
"The Alley","1433 Collins Ave","Miami Beach, FL 33139","Pizza","$$","4.5/5 Google","229","N/A","The Infatuation","Miami Beach"
"Tropezon","512 Espanola Way","Miami Beach, FL 33139","Spanish","$$$","4.3/5 Google","258","N/A","The Infatuation","Miami Beach"
"Kalamata Mediterranean Cuisine","423 Washington Ave","Miami Beach, FL 33139","Turkish/Mediterranean","$$","4.8/5 Google","608","N/A","The Infatuation","Miami Beach"
"Abbale Modern Mediterranean Kitchen","864 Commerce St","Miami Beach, FL 33139","Israeli/Mediterranean","$$$","4.6/5 Google","1243","N/A","The Infatuation","Miami Beach"
"Havana 1957 Cuban Cuisine (Espanola Way)","405 Espanola Way","Miami Beach, FL 33139","Cuban","$$","4.5/5 Google","8745","N/A","The Infatuation","Miami Beach"
"Orilla Bar & Grill","426 Euclid Ave","Miami Beach, FL 33139","Argentinian","$$$","4.6/5 Google","612","N/A","The Infatuation","Miami Beach"
"Las Olas Cafe","644 6th St","Miami Beach, FL 33139","Cuban","$$","4.3/5 Google","2607","N/A","The Infatuation","Miami Beach"
"Under The Mango Tree","737 5th St","Miami Beach, FL 33139","Vegetarian","$$","4.6/5 Google","526","N/A","The Infatuation","Miami Beach"
"Paya Miami","1209 17th St","Miami Beach, FL 33139","Caribbean","$$$","5/5 Timeout","N/A","N/A","Timeout Miami","Miami Beach"
"A La Folie","516 Espanola Way","Miami Beach, FL 33139","French Cafe/Bistro","$$","4.4/5 Google","443","N/A","Timeout Miami","Miami Beach"
"Mimi Chinese","1575 Alton Rd Unit 2","Miami Beach, FL 33139","Chinese","$$$","4/5 Timeout","N/A","N/A","Timeout Miami","Miami Beach"
"Mango's South Beach","900 Ocean Dr","Miami Beach, FL 33139","Latin/Tropical","$$$","N/A","N/A","N/A","Web search","Miami Beach"
"J'Adore Miami Beach","Ocean Dr","Miami Beach, FL 33139","Coastal Latin","$$$","4.4/5 Google","89","N/A","Web search","Miami Beach"
"News Cafe","800 Ocean Dr","Miami Beach, FL 33139","American Cafe","$$","4.8/5 Google","2322","N/A","Web search","Miami Beach"
"Azabu Miami Beach","Ocean Dr area","Miami Beach, FL 33139","Japanese","$$$$","4.7/5 Google","862","N/A","Web search","Miami Beach"
"The Front Porch Cafe","Ocean Dr","Miami Beach, FL 33139","American Breakfast","$$","4.2/5 Google","839","N/A","Web search","Miami Beach"
"A Fish Called Avalon","Ocean Dr","Miami Beach, FL 33139","Seafood","$$$","4.6/5 Google","1540","N/A","Web search","Miami Beach"
"Alma Cubana","Ocean Dr","Miami Beach, FL 33139","Cuban","$$","4.9/5 Google","907","N/A","Web search","Miami Beach"
"Serena","Ocean Dr","Miami Beach, FL 33139","Italian","$$$","N/A","N/A","N/A","Web search","Miami Beach"
"Naked Taco","Ocean Dr","Miami Beach, FL 33139","Mexican","$$","4.6/5 Google","734","N/A","Web search","Miami Beach"
"Osteria da Fortunata","Lincoln Rd","Miami Beach, FL 33139","Italian","$$$","4.6/5 Google","615","N/A","The Infatuation (Lincoln Rd)","Miami Beach"
"Spris","Lincoln Rd","Miami Beach, FL 33139","Pizza/Italian","$$","4.8/5 Google","526","N/A","Web search","Miami Beach"
"Yardbird Southern Table & Bar","1600 Lenox Ave","Miami Beach, FL 33139","Southern American","$$$","4.6/5 Google","6916","N/A","Web search","Miami Beach"
"Juvia","1111 Lincoln Rd","Miami Beach, FL 33139","Asian-Latin-French","$$$$","4.1/5 Google","2125","N/A","Web search","Miami Beach"
"YUCA","Lincoln Rd","Miami Beach, FL 33139","Cuban-American","$$$","N/A","N/A","N/A","Web search","Miami Beach"
"SuViche","Lincoln Rd","Miami Beach, FL 33139","Peruvian/Sushi","$$","N/A","N/A","N/A","Web search","Miami Beach"
"Issabellas","Lincoln Rd","Miami Beach, FL 33139","Mediterranean","$$","N/A","N/A","N/A","Web search","Miami Beach"
"Catch Miami Beach","200 South Pointe Dr","Miami Beach, FL 33139","Seafood","$$$$","4.2/5 Google","469","N/A","dishmiami (SoFi)","Miami Beach"
"INTIMO","840 1st St","Miami Beach, FL 33139","Peruvian","$$$","4.9/5 Google","723","N/A","dishmiami","Miami Beach"
"Kissaki","500 South Pointe Dr Ste 160","Miami Beach, FL 33139","Japanese","$$$$","4.4/5 Google","86","N/A","dishmiami","Miami Beach"
"The Lobster Shack","Multiple SoFi locations","Miami Beach, FL 33139","Seafood","$$","4.4/5 Google","1681","N/A","dishmiami","Miami Beach"
"PLANTA South Beach","850 Commerce St","Miami Beach, FL 33139","Plant-based/Vegan","$$$","4.3/5 Google","541","N/A","dishmiami","Miami Beach"
"RED South Beach","801 South Pointe Dr","Miami Beach, FL 33139","Steakhouse","$$$$","4.0/5 Google","521","N/A","dishmiami","Miami Beach"
"Fogo de Chao","South of Fifth","Miami Beach, FL 33139","Brazilian Steakhouse","$$$$","N/A","N/A","N/A","Web search (SoFi)","Miami Beach"
"Smith & Wollensky","1 Washington Ave","Miami Beach, FL 33139","Steakhouse","$$$$","4.4/5 Google","7064","N/A","Web search (SoFi)","Miami Beach"
"French 27","South of Fifth","Miami Beach, FL 33139","French","$$$$","N/A","N/A","N/A","Web search (SoFi)","Miami Beach"
"HaSalon","South of Fifth area","Miami Beach, FL 33139","Israeli","$$$$","N/A","N/A","N/A","Web search (SoFi)","Miami Beach"
"Lilikoi Organic Living","South of Fifth","Miami Beach, FL 33139","Healthy/Organic","$$","4.2/5 Google","218","N/A","Web search (SoFi)","Miami Beach"
"Pura Vida South Beach","South of Fifth","Miami Beach, FL 33139","Healthy","$$","4.1/5 Google","508","N/A","Web search (SoFi)","Miami Beach"
"Byblos Miami","1545 Collins Ave","Miami Beach, FL 33139","Mediterranean","$$$","4.5/5 Google","1650","N/A","Yelp/Web search","Miami Beach"
"Papi Steak","736 1st St","Miami Beach, FL 33139","Steakhouse","$$$$","3.9/5 Google","801","(305) 800-7274","Yelp/Web search","Miami Beach"
"Matador Room","2901 Collins Ave (Miami Beach EDITION)","Miami Beach, FL 33140","Modern Latin","$$$$","4.1/5 Google","595","N/A","Miami and Beaches","Miami Beach"
"Motek Miami Beach","Collins Ave","Miami Beach, FL 33140","Israeli/Middle Eastern","$$","4.7/5 Google","569","N/A","Miami and Beaches","Miami Beach"
"Hakkasan Miami","4441 Collins Ave (Fontainebleau)","Miami Beach, FL 33140","Cantonese","$$$$","4.2/5 Google","1023","N/A","Miami and Beaches","Miami Beach"
"Pikio Taco","Hotel Rendale","Miami Beach, FL 33140","Mexican","$$","4.4/5 Google","316","N/A","Miami and Beaches","Miami Beach"
"Aguasal by Jose Andres","Andaz Miami Beach","Miami Beach, FL 33140","Mediterranean-Miami","$$$$","N/A","N/A","N/A","Miami and Beaches","Miami Beach"
"Cecconi's Miami Beach","4385 Collins Ave (Soho Beach House)","Miami Beach, FL 33140","Italian","$$$","3.9/5 Google","740","N/A","Miami and Beaches","Miami Beach"
"Pao by Paul Qui","3201 Collins Ave (Faena Hotel)","Miami Beach, FL 33140","Modern Asian","$$$$","4.3/5 Google","361","N/A","Miami and Beaches","Miami Beach"
"Los Fuegos by Francis Mallmann","3201 Collins Ave (Faena Hotel)","Miami Beach, FL 33140","Argentine/Grill","$$$$","4.3/5 Google","1098","N/A","Web search","Miami Beach"
"Mirabella","Fontainebleau","Miami Beach, FL 33140","Coastal Italian","$$$$","N/A","N/A","N/A","Web search","Miami Beach"
"Mi Colombia","702 71st St","Miami Beach, FL 33141","Colombian","$$","4.6/5 Google","495","N/A","The Infatuation","Miami Beach"
"Marc's Artisanal Pizzeria","966 Normandy Dr","Miami Beach, FL 33141","Pizza","$$","8.5/10 Infatuation","N/A","N/A","The Infatuation","Miami Beach"
"Silverlake Bistro","1211 71st St","Miami Beach, FL 33141","American/French","$$","8.3/10 Infatuation / 4.6 Google","N/A","N/A","The Infatuation/Wanderlog","Miami Beach"
"Ezio's","580 72nd St","Miami Beach, FL 33141","Steaks","$$$","7.6/10 Infatuation","N/A","N/A","The Infatuation","Miami Beach"
"Locura Marina Peruvian Restaurant","7118 Collins Ave","Miami Beach, FL 33141","Peruvian","$$","8.3/10 Infatuation","N/A","N/A","The Infatuation","Miami Beach"
"The Wrapper","6974 Collins Ave","Miami Beach, FL 33141","Lebanese","$$","5.0/5 Google","482","N/A","The Infatuation","Miami Beach"
"Sushi Bichi","7330 Ocean Terr","Miami Beach, FL 33141","Sushi","$$","4.8/5 Google","532","N/A","The Infatuation","Miami Beach"
"Katana","920 71st St","Miami Beach, FL 33141","Japanese","$$","7.6/10 Infatuation","N/A","N/A","The Infatuation","Miami Beach"
"Banchero Miami","6995 Collins Ave","Miami Beach, FL 33141","Argentinian","$$","4.5/5 Google","502","N/A","The Infatuation","Miami Beach"
"7tyone Restaurant & Coffee","1130 Normandy Dr","Miami Beach, FL 33141","Venezuelan","$$","7.9/10 Infatuation","N/A","N/A","The Infatuation","Miami Beach"
"Blozzom Pizza","7341 Collins Ave","Miami Beach, FL 33141","Pizza","$$","7.7/10 Infatuation","N/A","N/A","The Infatuation","Miami Beach"
"Collins Pizza","7308 Collins Ave","Miami Beach, FL 33141","Pizza","$$","4.5/5 Google","262","N/A","The Infatuation","Miami Beach"
"Little Brazil","6984 Collins Ave","Miami Beach, FL 33141","Brazilian","$$","7.9/10 Infatuation","N/A","N/A","The Infatuation","Miami Beach"
"Cafe Prima Pasta","414 71st St","Miami Beach, FL 33141","Italian","$$$","4.9/5 Google","942","N/A","The Infatuation","Miami Beach"
"Sawaddee Thai & Sushi Restaurant","6968 Bay Dr","Miami Beach, FL 33141","Thai/Sushi","$$","7.7/10 Infatuation","N/A","N/A","The Infatuation","Miami Beach"
"Sazon Cubano","7305 Collins Ave","Miami Beach, FL 33141","Cuban","$$","4.5/5 Google","4675","N/A","The Infatuation","Miami Beach"
"Rouge","7310 Collins Ave","Miami Beach, FL 33141","French-Moroccan","$$$","N/A","N/A","N/A","Web search","Miami Beach"
"Las Vacas Gordas","933 Normandy Dr","Miami Beach, FL 33141","Steakhouse/Argentine","$$$","N/A","N/A","N/A","Web search","Miami Beach"
"Taquiza Tacos","7450 Ocean Terr","Miami Beach, FL 33141","Mexican","$$","4.3 Google / 4.5 TA","N/A","N/A","Wanderlog","Miami Beach"
"Norman's Tavern","6770 Collins Ave","Miami Beach, FL 33141","American/Sports Bar","$$","4.6 Google / 4.5 TA","N/A","N/A","Wanderlog","Miami Beach"
"Hoshi & Sushi Asian Cuisine","5401 Collins Ave Ste CU5","Miami Beach, FL 33140","Japanese/Asian","$$","4.6 Google / 4.5 TA","N/A","N/A","Wanderlog","Miami Beach"
"The Surf Club Restaurant","9011 Collins Ave (Four Seasons)","Surfside, FL 33154","Continental/Fine Dining","$$$$","4.6/5 Google","N/A","N/A","Wanderlog/dishmiami (Michelin star)","Surfside"
"Lido Restaurant","9011 Collins Ave (Four Seasons Surf Club)","Surfside, FL 33154","Coastal Italian","$$$$","4.1/5 Google","416","N/A","dishmiami","Surfside"
"Winston's On The Beach","Four Seasons Surf Club","Surfside, FL 33154","Casual Seafood","$$$","N/A","N/A","N/A","Miami and Beaches","Surfside"
"Cafe Ragazzi","Surfside","Surfside, FL 33154","Italian-American","$$","4.2/5 Google","328","N/A","Miami and Beaches","Surfside"
"Neya","9491 Harding Ave","Surfside, FL 33154","Modern Israeli","$$","4.9/5 Google","N/A","N/A","Wanderlog","Surfside"
"Flanigan's (Surfside)","Surfside","Surfside, FL 33154","Steaks/Seafood","$$","4.3/5 Google","612","N/A","Miami and Beaches","Surfside"
"Fialkoff's Kosher Pizza","Surfside","Surfside, FL 33154","Kosher Pizza","$$","3.8/5 Google","116","N/A","Miami and Beaches","Surfside"
"Hikari","Surfside","Surfside, FL 33154","Sushi/Kosher","$$$","4.3/5 Google","96","N/A","Miami and Beaches","Surfside"
"Cine Citta Caffe","9544 Harding Ave","Surfside, FL 33154","Italian/Kosher Dairy","$$","3.7/5 Google","N/A","N/A","Wanderlog","Surfside"
"Carpaccio","9700 Collins Ave","Bal Harbour, FL 33154","Italian","$$-$$$","4.3/5 TA / 4.4 Google","2,711+ TA","(305) 867-7777","Tripadvisor/dishmiami","Bal Harbour"
"Makoto","9700 Collins Ave","Bal Harbour, FL 33154","Japanese/Sushi","$$$$","4.4/5 TA / 4.5 Google","1,132+ TA","N/A","Tripadvisor/dishmiami","Bal Harbour"
"Artisan Beach House","10295 Collins Ave (Ritz-Carlton)","Bal Harbour, FL 33154","Seafood/Global","$$-$$$","3.9/5 TA / 4.4 Google","67+ TA","N/A","Tripadvisor/dishmiami","Bal Harbour"
"The Terrace Restaurant","Bal Harbour Shops","Bal Harbour, FL 33154","Italian/American","$$-$$$","4.8/5 TA","81+ TA","N/A","Tripadvisor","Bal Harbour"
"Le Zoo","Bal Harbour Shops","Bal Harbour, FL 33154","French","$$-$$$","4.1/5 TA","435+ TA","N/A","Tripadvisor","Bal Harbour"
"Aba Miami (Bal Harbour)","Bal Harbour Shops","Bal Harbour, FL 33154","Mediterranean","$$$$","4.0/5 TA","34+ TA","N/A","Tripadvisor","Bal Harbour"
"Atlantikos","Bal Harbour Shops","Bal Harbour, FL 33154","Seafood/Mediterranean","$$$$","3.8/5 Google","185","N/A","Tripadvisor","Bal Harbour"
"The St. Regis Bar (St Regis Bal Harbour)","9703 Collins Ave","Bal Harbour, FL 33154","International/Sushi","$$-$$$","4.5/5 TA / 4.8 Google","80+ TA","N/A","Tripadvisor","Bal Harbour"
"Bh Burger","Bal Harbour Shops","Bal Harbour, FL 33154","American/Steakhouse/Burgers","$$-$$$","4.3/5 TA","89+ TA","N/A","Tripadvisor","Bal Harbour"
"Hillstone Restaurant at Bal Harbour","9700 Collins Ave","Bal Harbour, FL 33154","American","$$$","4.1/5 TA/Google","N/A","N/A","Wanderlog","Bal Harbour"
"Avenue 31 Cafe","9700 Collins Ave 2nd Fl","Bal Harbour, FL 33154","Italian/European Cafe","$$$","4.7/5 TA / 4.8 Google","N/A","N/A","Wanderlog","Bal Harbour"
"Cacio e Pepe Italian Restaurant","Near Bal Harbour Shops","Bal Harbour, FL 33154","Italian","$$","3.5/5 TA / 4.3 Google","N/A","N/A","Wanderlog","Bal Harbour"
"Morla","1052 Kane Concourse","Bay Harbor Islands, FL 33154","Peruvian/Baja fusion","$$$","4.9/5 Google","245","N/A","dishmiami","Bay Harbor Islands"
"Emilio's Trattoria","1088 Kane Concourse","Bay Harbor Islands, FL 33154","Italian","$$$","4.4/5 Google","180","N/A","Web search","Bay Harbor Islands"
"Bay Harbor Bistro & Bakery","1023 Kane Concourse","Bay Harbor Islands, FL 33154","American Breakfast/Brunch","$$","N/A","151+ Yelp","N/A","Yelp/Web search","Bay Harbor Islands"
"Pura Vida Bay Harbor","1001 Kane Concourse","Bay Harbor Islands, FL 33154","Health Food","$$","N/A","N/A","N/A","Web search","Bay Harbor Islands"
"Mamale Cafe & Pizza Bar","1017 Kane Concourse","Bay Harbor Islands, FL 33154","Kosher Pizza/Cafe","$$","4.8/5 Google","85","N/A","Web search","Bay Harbor Islands"
"Open Kitchen By Pure Simple Cooking","Kane Concourse","Bay Harbor Islands, FL 33154","Health Food","$$","N/A","N/A","N/A","Web search","Bay Harbor Islands"
"La Cabrera Sunny Isles","17100 Collins Ave","Sunny Isles Beach, FL 33160","Argentine Steakhouse","$$$$","N/A","126+ Yelp","N/A","Yelp/Web search","Sunny Isles Beach"
"Chayhana Oasis","Sunny Isles Beach","Sunny Isles Beach, FL 33160","Uzbek","$$$","4.4/5 Google","449","N/A","Web search","Sunny Isles Beach"
"Baires Grill - Sunny Isles","Sunny Isles Beach","Sunny Isles Beach, FL 33160","Argentine","$$$","4.3/5 Google","719","N/A","Web search","Sunny Isles Beach"
"Old Lisbon (Sunny Isles)","Sunny Isles Beach","Sunny Isles Beach, FL 33160","Portuguese","$$$","N/A","N/A","N/A","Web search","Sunny Isles Beach"
"Mykonos Kitchen & Bar","Sunny Isles Beach","Sunny Isles Beach, FL 33160","Greek/Japanese fusion","$$$","4.2/5 Google","357","N/A","Web search","Sunny Isles Beach"
"Reunion Ktchn Bar (Sunny Isles)","Sunny Isles Beach","Sunny Isles Beach, FL 33160","American/Eclectic","$$$","N/A","N/A","N/A","Web search","Sunny Isles Beach"
"Beach House Bar and Grill","Sunny Isles Beach","Sunny Isles Beach, FL 33160","American/Seafood","$$","N/A","N/A","N/A","Web search","Sunny Isles Beach"
"Gaby by Call Me Gaby (Sunny Isles)","Sunny Isles Beach","Sunny Isles Beach, FL 33160","Italian","$$$","N/A","N/A","N/A","Web search","Sunny Isles Beach"
"Avra Estiatorio Miami (Acqualina)","17875 Collins Ave (Estates at Acqualina)","Sunny Isles Beach, FL 33160","Greek","$$$$","N/A","N/A","N/A","Web search","Sunny Isles Beach"
"Timo Restaurant & Bar","17624 Collins Ave","Sunny Isles Beach, FL 33160","Italian/Mediterranean","$$$","4.5/5 Google","563","N/A","Web search","Sunny Isles Beach"
"Il Mulino New York - Sunny Isles Beach","17875 Collins Ave (Acqualina Resort)","Sunny Isles Beach, FL 33160","Italian","$$$$","4.3/5 Google","692","N/A","Forbes Travel Guide/Web search","Sunny Isles Beach"
"Gili's Beach Club","18001 Collins Ave (Trump Intl Beach Resort)","Sunny Isles Beach, FL 33160","Seafood/Sushi","$$$","4.1/5 Google","62","N/A","OpenTable/Trump Miami","Sunny Isles Beach"
"Rose Cafe & Restaurant","Sunny Isles Beach","Sunny Isles Beach, FL 33160","French/Healthy","$$","4.7/5 Google","294","N/A","Web search","Sunny Isles Beach"
"Azzurro (Trump Intl)","18001 Collins Ave","Sunny Isles Beach, FL 33160","Italian","$$$","N/A","N/A","N/A","Web search","Sunny Isles Beach"
"BALEENkitchen (Sunny Isles)","Sunny Isles Beach","Sunny Isles Beach, FL 33160","Eclectic/International","$$$","4.2/5 Google","280","N/A","Web search","Sunny Isles Beach"
"Fam Fre (Family Fresh Cafe)","Sunny Isles Beach","Sunny Isles Beach, FL 33160","Brasserie","$$","N/A","N/A","N/A","Web search","Sunny Isles Beach"
"Ke-uH (Acqualina Resort)","17875 Collins Ave","Sunny Isles Beach, FL 33160","Japanese Fusion","$$$$","4.3/5 Google","185","N/A","Web search","Sunny Isles Beach"
"Costa Grill (Acqualina Resort)","17875 Collins Ave","Sunny Isles Beach, FL 33160","Beachfront/Mediterranean","$$$","N/A","N/A","N/A","Web search","Sunny Isles Beach"
"Saka Mori (Trump Intl)","18001 Collins Ave","Sunny Isles Beach, FL 33160","Japanese Fusion","$$$","N/A","N/A","N/A","Web search","Sunny Isles Beach"
"Juniper On The Water (Sunny Isles)","Sunny Isles Beach","Sunny Isles Beach, FL 33160","Seafood","$$$","N/A","N/A","N/A","Web search","Sunny Isles Beach"
"Cut 38","Sunny Isles Beach","Sunny Isles Beach, FL 33160","Steakhouse","$$$","N/A","N/A","N/A","Web search","Sunny Isles Beach"
"Sunkissed","801 Brickell Bay Dr","Miami, FL 33131","Latin/Bar","$$$$","8.4/10 Infatuation","N/A","N/A","The Infatuation","Brickell"
"The River Oyster Bar","33 SE 7th St","Miami, FL 33130","Seafood","$$-$$$","4.3/5 Tripadvisor","637+ reviews","N/A","Tripadvisor/The Infatuation","Downtown Miami"
"Claudie","1101 Brickell Ave","Miami, FL 33131","French/Mediterranean","$$$$","4.0/5 Google","502","N/A","The Infatuation/Eater Miami","Brickell"
"Naoe","661 Brickell Key Dr","Miami, FL 33131","Japanese Omakase","$$$$","4.7/5 Google","234","N/A","Tripadvisor/The Infatuation","Brickell"
"Momi Market","1036 S Miami Ave","Miami, FL 33130","Japanese","$$$$","4.7/5 Google","212","N/A","The Infatuation","Downtown Miami"
"LPM Restaurant & Bar","1300 Brickell Bay Dr","Miami, FL 33131","French/Mediterranean","$$$$","N/A","N/A","N/A","The Infatuation/Time Out","Brickell"
"Oriental Bakery & Grill","1760 SW 3rd Ave","Miami, FL 33129","Middle Eastern","$$","N/A","N/A","N/A","The Infatuation","Brickell"
"SEIA","830 Brickell Plaza","Miami, FL 33131","Italian","$$$$","N/A","N/A","N/A","The Infatuation/Haute Living","Brickell"
"Sushi Club","169 SW 7th St","Miami, FL 33130","Sushi","$$","N/A","N/A","N/A","The Infatuation","Downtown Miami"
"Omakai Hand Roll Bar (Brickell)","186 SE 12th Terrace","Miami, FL 33133","Sushi","$$","N/A","N/A","N/A","The Infatuation","Coconut Grove"
"Motek Brickell","701 S Miami Ave","Miami, FL 33130","Mediterranean/Israeli","$$","4.9/5 Google","133","N/A","The Infatuation","Downtown Miami"
"The Henry Miami","701 S Miami Ave Unit 131B","Miami, FL 33131","American","$$","N/A","N/A","N/A","The Infatuation/MiamiCurated","Brickell"
"Felice Brickell","1450 Brickell Ave","Miami, FL 33131","Italian","$$$","4.6/5 Google","163","N/A","The Infatuation/MiamiCurated","Brickell"
"Kush Brickell","650 S Miami Ave","Miami, FL 33130","American/Bar","$$","N/A","N/A","N/A","The Infatuation","Downtown Miami"
"Tap 42 Brickell","1250 S Miami Ave","Miami, FL 33130","American/Brazilian","$$","N/A","N/A","N/A","The Infatuation","Downtown Miami"
"Paperfish Sushi (Brickell)","N/A","Miami, FL","Japanese/Peruvian","$$-$$$","4.5/5 Google","755","N/A","Tripadvisor","Brickell"
"Salty Flame","N/A","Miami, FL","Asian-American Steakhouse","$$$","4.4/5 Google","366","N/A","MiamiCurated","Brickell"
"Amazonico Miami","800 Brickell Ave","Miami, FL 33131","Latin/Asian Fusion","$$$$","2.8/5 Tripadvisor","N/A","N/A","MiamiCurated/Tripadvisor","Brickell"
"Elcielo Miami","31 SE 5th St","Miami, FL 33131","Colombian (Michelin)","$$$$","4.3/5 Google","438","N/A","Miami New Times/MiamiCurated","Brickell"
"Truluck's Ocean's Finest Seafood And Crab","N/A","Miami, FL","Seafood/Steakhouse","$$$$","4.5/5 Google","997","N/A","Tripadvisor","Brickell"
"Osaka Miami","N/A","Miami, FL","Japanese/Peruvian Nikkei","$$$$","4.3/5 Google","447","N/A","MiamiCurated","Brickell"
"Gekko","8 SE 8th St","Miami, FL 33131","Japanese Steakhouse","$$$$","3.9/5 Google","477","(305) 423-8884","MiamiCurated/Tripadvisor","Brickell"
"Hutong Miami","N/A","Miami, FL","Chinese","$$$$","4.0/5 Google","629","N/A","MiamiCurated","Brickell"
"Sexy Fish Miami","1001 S Miami Ave","Miami, FL 33130","Japanese/Seafood","$$$$","4.0/5 Google","1486","(305) 889-7888","MiamiCurated/Tripadvisor","Downtown Miami"
"Novikov Miami","N/A","Miami, FL","Japanese/Chinese Fusion","$$$$","4.3/5 Google","739","N/A","MiamiCurated","Brickell"
"Delilah Miami","N/A (Brickell Key)","Miami, FL","Supper Club/Mediterranean-Asian","$$$$","3.8/5 Google","494","N/A","MiamiCurated","Brickell"
"Lafayette Miami","N/A","Miami, FL","European Steakhouse","$$$$","N/A","N/A","N/A","MiamiCurated","Downtown Miami"
"Marion Miami","N/A","Miami, FL","Mediterranean-Asian","$$$$","N/A","N/A","N/A","MiamiCurated","Downtown Miami"
"The Mexican Miami","N/A (Brickell Key)","Miami, FL","Modern Mexican","$$$","4.8/5 Google","108","N/A","MiamiCurated","Brickell"
"Kaori Miami","871 S Miami Ave","Miami, FL 33130","Asian Fusion","$$$$","4.5/5 Google","292","N/A","Miami New Times/Tripadvisor","Downtown Miami"
"Dirty French Miami","N/A (Brickell)","Miami, FL","American/French","$$$$","3.9/5 Google","428","N/A","Michelin Guide search","Brickell"
"Marabu Restaurant","N/A (near Brickell City Centre)","Miami, FL","Latin/Bar","$$-$$$","4.8/5 Google","2307","N/A","Tripadvisor","Brickell"
"Cafe Americano","N/A (Brickell)","Miami, FL","American/Latin","$$-$$$","4.6/5 Google","615","N/A","Tripadvisor","Brickell"
"CRAFT Brickell","N/A","Miami, FL","American/Pizza","$$-$$$","4.9/5 Google","110","N/A","Tripadvisor","Brickell"
"Area 31","N/A (Kimpton EPIC Hotel)","Miami, FL","American/Seafood","$$$$","4.0/5 Google","756","N/A","Tripadvisor","Downtown Miami"
"The Capital Grille (Brickell)","N/A","Miami, FL","Steakhouse","$$$$","4.5/5 Google","786","N/A","Tripadvisor","Brickell"
"ADRIFT Mare","N/A (Brickell)","Miami, FL","Steakhouse/Bar","$$$$","4.1/5 Google","207","N/A","Tripadvisor","Brickell"
"B Bistro + Bakery","N/A (Brickell)","Miami, FL","Cafe/Bistro","$$-$$$","4.5/5 Tripadvisor","253+ reviews","N/A","Tripadvisor","Brickell"
"Toscana Divino","N/A (Brickell)","Miami, FL","Italian/Steakhouse","$$-$$$","3.9/5 Google","324","N/A","Tripadvisor","Brickell"
"El Sitio Coffee Bar","N/A (Brickell)","Miami, FL","Latin/Venezuelan","$$-$$$","4.9/5 Google","974","N/A","Tripadvisor","Brickell"
"Quinto Miami","N/A (Brickell)","Miami, FL","Steakhouse/Latin","$$$$","4.6/5 Google","785","N/A","Tripadvisor","Brickell"
"Barsecco","N/A (Brickell/Midtown)","Miami, FL","American/Bar","$$-$$$","4.2/5 Google","874","N/A","Tripadvisor","Midtown"
"Vero Italian Restaurant","N/A (Brickell)","Miami, FL","Italian/Pizza","$$-$$$","3.9/5 Google","327","N/A","Tripadvisor","Brickell"
"Dolores But You Can Call Me Lolita","N/A (Brickell/Downtown)","Miami, FL","Bar/International","$$-$$$","4.8/5 Google","2414","N/A","Tripadvisor","Brickell"
"Zuma Miami","N/A (Downtown/Brickell)","Miami, FL","Japanese/Sushi","$$$$","4.1/5 Google","788","N/A","Tripadvisor","Brickell"
"CVI.CHE 105 (Downtown)","N/A (Downtown/Brickell)","Miami, FL","Peruvian/Latin","$$-$$$","4.9/5 Google","2774","N/A","Tripadvisor","Brickell"
"Ristorante Fratelli Milano","N/A (Brickell/Downtown)","Miami, FL","Italian","$$-$$$","4.6/5 Google","600","N/A","Tripadvisor","Brickell"
"Celia's Kitchen and Social Bar","N/A (Brickell)","Miami, FL","American/Bar","$$-$$$","4.7/5 Tripadvisor","1,411+ reviews","N/A","Tripadvisor","Brickell"
"Pollos & Jarras (Brickell)","N/A (Brickell/Downtown)","Miami, FL","Peruvian/Latin","$$-$$$","4.9/5 Google","3858","N/A","Tripadvisor","Brickell"
"Casa Neos","N/A (Brickell)","Miami, FL","Bar/Mediterranean","$$$$","4.5/5 Google","694","N/A","Tripadvisor","Brickell"
"Tam Tam","99 NW 1st St","Miami, FL 33128","Vietnamese (Michelin Bib Gourmand)","$$$","4.6/5 Google","289","N/A","Miami New Times/The Infatuation","Downtown Miami"
"NIU Kitchen","104 NE 2nd Ave","Miami, FL 33132","Spanish/Catalan","$$$","4.5/5 Google","329","N/A","Miami New Times/The Infatuation","Downtown Miami"
"ViceVersa","398 NE 5th St","Miami, FL 33132","Italian/Cocktail Bar","$$$","N/A","N/A","N/A","Time Out/The Infatuation","Downtown Miami"
"Fratesi's Pizza","69 E Flagler St","Miami, FL 33131","Pizza","$$","4.3/5 Google","142","N/A","The Infatuation","Brickell"
"Over Under","151 E Flagler St","Miami, FL 33131","American","$$$","3.9/5 Google","175","N/A","The Infatuation","Brickell"
"Cafe Laurel","698 NE 1st Ave","Miami, FL 33132","Cuban/French","$$","N/A","N/A","N/A","The Infatuation","Downtown Miami"
"Miami Slice","1335 NE Miami Ct","Miami, FL 33132","Pizza","$$","3.9/5 Google","374","N/A","The Infatuation","Downtown Miami"
"Coney Burger","1306 N Miami Ave","Miami, FL 33136","Burgers","$$","4.7/5 Google","212","N/A","The Infatuation","Downtown Miami"
"Garcia's Seafood Grille & Fish Market","398 NW North River Dr","Miami, FL 33128","Seafood","$$","3.9/5 Tripadvisor","1,052+ reviews","N/A","The Infatuation/Tripadvisor","Downtown Miami"
"Cafe Fenicia","1381 NE Miami Ct","Miami, FL 33132","Lebanese","$$","N/A","N/A","N/A","The Infatuation","Downtown Miami"
"Mr. OmaKase","163 SE 1st St","Miami, FL 33131","Sushi/Omakase","$$$","4.6/5 Google","147","N/A","The Infatuation","Brickell"
"Eleventh Street Pizza (Downtown)","1035 N Miami Ave","Miami, FL 33136","Pizza","$$","3.8/5 Google","179","N/A","The Infatuation","Downtown Miami"
"Mangrove","95 NW 1st St","Miami, FL 33128","Jamaican","$$","4.6/5 Google","125","N/A","The Infatuation","Downtown Miami"
"Verde at Perez Art Museum Miami","1103 Biscayne Blvd","Miami, FL 33132","American","$$","4.3/5 Google","474","N/A","The Infatuation","Downtown Miami"
"Manila Kantina","245 E Flagler St","Miami, FL 33131","Filipino","$$","4.8/5 Google","245","N/A","The Infatuation","Brickell"
"Bali Cafe","109 NE 2nd Ave","Miami, FL 33132","Indonesian","$$","4.6/5 Google","286","N/A","The Infatuation","Downtown Miami"
"Omakai Hand Roll Bar Downtown","80 NE 2nd Ave","Miami, FL 33132","Sushi","$$$","N/A","N/A","N/A","The Infatuation","Downtown Miami"
"Bubba Gump Shrimp Co.","N/A (Bayside Marketplace)","Miami, FL","American/Seafood","$$-$$$","3.8/5 Google","871","N/A","Tripadvisor","Downtown Miami"
"Crazy About You","N/A (Downtown)","Miami, FL","American/Bar","$$-$$$","4.1/5 Tripadvisor","825+ reviews","N/A","Tripadvisor","Downtown Miami"
"Cafe Versailles (Downtown)","N/A","Miami, FL","Latin/Cuban Cafe","$","3.5/5 Google","224","N/A","Tripadvisor","Downtown Miami"
"Il Gabbiano","335 S Biscayne Blvd","Miami, FL 33131","Italian","$$$$","4.3/5 Google","407","N/A","Tripadvisor/CondoBlackBook","Brickell"
"Cafe Bastille Downtown Miami","N/A","Miami, FL","French","$$-$$$","4.4/5 Tripadvisor","415+ reviews","N/A","Tripadvisor","Downtown Miami"
"Edge Steak & Bar (Edge Brasserie)","N/A (Four Seasons)","Miami, FL","French/American","$$$$","3.8/5 Google","460","N/A","Tripadvisor","Downtown Miami"
"Casablanca Seafood Bar & Grill","404 NW North River Dr","Miami, FL 33128","Latin/Seafood","$$-$$$","3.8/5 Google","732","N/A","Tripadvisor","Downtown Miami"
"Madrid Tapas y Vinos","N/A (Downtown)","Miami, FL","Spanish","$$-$$$","4.3/5 Google","408","N/A","Tripadvisor","Downtown Miami"
"Los Ranchos Steakhouse","N/A (Bayside)","Miami, FL","Steakhouse/Latin","$$-$$$","3.9/5 Tripadvisor","464+ reviews","N/A","Tripadvisor","Downtown Miami"
"Jackson Soul Food","N/A (Downtown)","Miami, FL","Soul Food/American","$","4.2/5 Google","280","N/A","Tripadvisor","Downtown Miami"
"Giselle Miami","N/A (Downtown/Omni)","Miami, FL","Asian/Mediterranean","$$$","N/A","N/A","N/A","Web search","Downtown Miami"
"La Mar by Gaston Acurio","N/A (Mandarin Oriental, Brickell Key)","Miami, FL","Peruvian","$$$$","4.4/5 Google","704","N/A","Web search","Brickell"
"Pastis Miami","N/A (Wynwood)","Miami, FL","French Bistro","$$$","4.3/5 Google","436","N/A","MiamiCurated","Wynwood"
"Hiyakawa","2700 N Miami Ave","Miami, FL 33127","Japanese Omakase","$$$$","4.8/5 Google","209","N/A","MiamiCurated/Miami New Times","Wynwood"
"Lira Beirut Eatery","N/A (Wynwood)","Miami, FL","Lebanese","$$","4.7/5 Google","380","N/A","MiamiCurated","Wynwood"
"PASTA (Wynwood)","N/A (Wynwood)","Miami, FL","Italian-Peruvian Fusion","$$","N/A","N/A","N/A","MiamiCurated","Wynwood"
"Bakan","N/A (Wynwood)","Miami, FL","Mexican","$$-$$$","4.6/5 Google","904","N/A","MiamiCurated/Tripadvisor","Wynwood"
"Uchi Miami","N/A (Wynwood)","Miami, FL","Japanese/Contemporary","$$$$","4.3/5 Google","824","N/A","MiamiCurated/Tripadvisor","Wynwood"
"Double Knot Miami","N/A (Wynwood)","Miami, FL","Izakaya","$$-$$$","4.8/5 Google","140","N/A","MiamiCurated","Wynwood"
"Rishtedar","232 NW 24th St","Miami, FL 33127","Indian","$$","4.4/5 Google","528","N/A","MiamiCurated/Tripadvisor","Wynwood"
"Casa Tua Cucina Wynwood","N/A","Miami, FL","Italian","$$$","N/A","N/A","N/A","MiamiCurated","Wynwood"
"Pari Pari Hand Roll Bar","N/A (Wynwood)","Miami, FL","Japanese","$$","N/A","N/A","N/A","MiamiCurated","Wynwood"
"Hiden","313 NW 25th St","Miami, FL 33127","Japanese Omakase (Michelin)","$$$$","4.8/5 Google","159","N/A","Miami New Times","Wynwood"
"Shiso","239 NW 28th St","Miami, FL 33127","Asian Smokehouse","$$$","4.7/5 Google","137","N/A","Miami New Times","Wynwood"
"KYU","251 NW 25th St","Miami, FL 33127","Asian Fusion/Wood-fired","$$-$$$","4.3/5 Google","724","N/A","CondoBlackBook/Tripadvisor","Wynwood"
"Doya","347 NW 24th St","Miami, FL 33127","Greek/Aegean","$$$","4.4/5 Google","1321","N/A","Time Out","Wynwood"
"Ghee Indian Kitchen (Wynwood)","63 NW 24th St","Miami, FL 33127","Indian","$$-$$$","N/A","N/A","N/A","Time Out/Eater Miami","Wynwood"
"R House Wynwood","N/A","Miami, FL","American","$$-$$$","4.6/5 Google","725","N/A","Tripadvisor","Wynwood"
"Chimba","N/A (Midtown/Wynwood)","Miami, FL","Latin/Argentinean","$$-$$$","4.8/5 Google","320","N/A","Tripadvisor","Wynwood"
"Salumeria 104 (Midtown)","N/A (Midtown Miami)","Miami, FL","Italian","$$-$$$","4.5/5 Tripadvisor","459+ reviews","N/A","Tripadvisor","Midtown"
"Joeys Wynwood Cafe","N/A","Miami, FL","Italian","$$-$$$","4.0/5 Tripadvisor","389+ reviews","N/A","Tripadvisor","Wynwood"
"Suviche - Sushi And Ceviche","N/A (Wynwood)","Miami, FL","Japanese/Peruvian","$$-$$$","4.2/5 Tripadvisor","234+ reviews","N/A","Tripadvisor","Wynwood"
"Kush Wynwood","N/A","Miami, FL","American","$$-$$$","4.5/5 Tripadvisor","520+ reviews","N/A","Tripadvisor","Wynwood"
"Manta Wynwood","N/A","Miami, FL","Japanese/Peruvian","$$-$$$","4.9/5 Google","1781","N/A","Tripadvisor","Wynwood"
"Mayami Wynwood","N/A","Miami, FL","Asian/Bar","$$-$$$","4.5/5 Tripadvisor","150+ reviews","N/A","Tripadvisor","Wynwood"
"Morgans Restaurant","N/A (Wynwood)","Miami, FL","American/International","$$-$$$","4.0/5 Tripadvisor","329+ reviews","N/A","Tripadvisor","Wynwood"
"doma","N/A (Wynwood)","Miami, FL","Italian/Mediterranean","$$-$$$","4.6/5 Tripadvisor","87+ reviews","N/A","Tripadvisor","Wynwood"
"Le Chick Miami","N/A (Wynwood)","Miami, FL","American/Fried Chicken","$$-$$$","4.3/5 Tripadvisor","126+ reviews","N/A","Tripadvisor","Wynwood"
"Crudos Fusion Art Restaurant","N/A (Wynwood)","Miami, FL","Japanese/Sushi","$$-$$$","4.5/5 Tripadvisor","84+ reviews","N/A","Tripadvisor/Web search","Wynwood"
"Ossobuco Miami Steak House","N/A (Wynwood)","Miami, FL","Steakhouse (Michelin recommended)","$$$","4.5/5 Tripadvisor","26+ reviews","N/A","Tripadvisor/Web search","Wynwood"
"1-800-Lucky","N/A (Wynwood)","Miami, FL","Asian Food Hall","$$-$$$","3.8/5 Google","511","N/A","Tripadvisor","Wynwood"
"Grails Miami","N/A (Wynwood)","Miami, FL","American/Sports Bar","$$","N/A","N/A","N/A","Web search","Wynwood"
"COTE Miami","900 NE 2nd Ave","Miami, FL 33137","Korean Steakhouse (Michelin)","$$$$","4.4/5 Google","643","N/A","Multiple sources","Design District"
"Torno Subito","N/A (Moore Building)","Miami, FL","Italian","$$-$$$","4.2/5 Google","280","N/A","MiamiCurated/Tripadvisor","Design District"
"Le Jardinier","151 NE 41st St Ste 135","Miami, FL 33137","French (Michelin)","$$$$","3.9/5 Google","509","N/A","Multiple sources","Design District"
"Contessa Miami","N/A (Design District)","Miami, FL","Northern Italian","$$$$","3.8/5 Google","517","N/A","MiamiCurated","Design District"
"Matsuyoi","N/A (above Nami Nori)","Miami, FL","Japanese","$$$$","N/A","N/A","N/A","MiamiCurated","Design District"
"Nami Nori","N/A (Design District)","Miami, FL","Japanese/Temaki","$$","N/A","N/A","N/A","MiamiCurated","Design District"
"L'Atelier de Joel Robuchon","151 NE 41st St","Miami, FL 33137","French (2 Michelin Stars)","$$$$","4.2/5 Tripadvisor","73+ reviews","N/A","Multiple sources","Design District"
"Jass Kitchen (El Turco)","N/A (Upper Buena Vista)","Miami, FL","Turkish (Bib Gourmand)","$$","4.7/5 Google","512","N/A","Miami New Times/MiamiCurated","Design District"
"Michael's Genuine Food & Drink","130 NE 40th St","Miami, FL 33137","American","$$-$$$","4.0/5 Google","1065","N/A","Multiple sources","Design District"
"Mandolin Aegean Bistro","4312 NE 2nd Ave","Miami, FL 33137","Greek/Turkish","$$-$$$","4.4/5 Google","754","N/A","Multiple sources","Design District"
"Mother Wolf","N/A (Design District)","Miami, FL","Italian","$$$$","4.7/5 Google","132","N/A","Web search","Design District"
"MC Kitchen","N/A (Design District)","Miami, FL","Italian/French","$$$$","4.3/5 Google","402","N/A","Tripadvisor","Design District"
"Harry's Pizzeria","N/A (Design District)","Miami, FL","Italian/Pizza","$$-$$$","4.2/5 Tripadvisor","240+ reviews","N/A","Tripadvisor","Design District"
"Pura Vida (Design District)","N/A","Miami, FL","Healthy/Cafe","$$-$$$","4.6/5 Google","641","N/A","Tripadvisor","Design District"
"Itamae","N/A (Design District)","Miami, FL","Japanese/Peruvian","$$-$$$","4.6/5 Tripadvisor","14+ reviews","N/A","Tripadvisor","Design District"
"Baccarat","N/A (Design District)","Miami, FL","French","$$$$","4.7/5 Tripadvisor","12+ reviews","N/A","Tripadvisor","Design District"
"Buena Vista Deli","N/A","Miami, FL","French/European","$$-$$$","4.0/5 Google","263","N/A","Tripadvisor","Design District"
"Swan","N/A (Design District)","Miami, FL","American","$$$$","3.7/5 Google","578","N/A","Tripadvisor","Design District"
"Sofia Design District","N/A","Miami, FL","Italian","$$$$","4.3/5 Tripadvisor","10+ reviews","N/A","Tripadvisor","Design District"
"Mia Market","N/A (Design District)","Miami, FL","Italian/Japanese","$","4.8/5 Tripadvisor","6+ reviews","N/A","Tripadvisor","Design District"
"Enriqueta's Sandwich Shop","186 NE 29th St","Miami, FL 33137","Cuban","$","4.5/5 Google","355","N/A","Multiple sources","Design District"
"Amara at Paraiso","3101 NE 7th Ave","Miami, FL 33137","Latin/Seafood","$$$$","3.7/5 Google","1461","N/A","Multiple sources","Design District"
"Aoko","2304 NE 2nd Ave","Miami, FL 33137","Sushi/Japanese","$$$","4.9/5 Google","89","N/A","The Infatuation","Design District"
"Palo Quemao","350 NE 24th St #109","Miami, FL 33137","Colombian","$$","4.5/5 Google","378","N/A","The Infatuation","Design District"
"La Latina","3509 NE 2nd Ave","Miami, FL 33137","Venezuelan","$$","4.4/5 Google","346","N/A","The Infatuation/MiamiCurated","Design District"
"Klaw","1737 N Bayshore Dr","Miami, FL 33132","Steakhouse/Seafood","$$$$","4.4/5 Google","638","N/A","The Infatuation","Downtown Miami"
"Sabor A Peru","2927 Biscayne Blvd","Miami, FL 33137","Peruvian","$$","N/A","N/A","N/A","The Infatuation/CondoBlackBook","Design District"
"Rincon Escondido Tapas","2697 Biscayne Blvd","Miami, FL 33137","Spanish/Argentinian","$$","N/A","N/A","N/A","The Infatuation","Design District"
"Tanka","1717 N Bayshore Dr Suite 131","Miami, FL 33132","Chinese","$$$","4.4/5 Google","321","N/A","The Infatuation/CondoBlackBook","Downtown Miami"
"Mignonette","210 NE 18th St","Miami, FL 33132","Oyster Bar/Seafood","$$$","N/A","N/A","N/A","CondoBlackBook","Downtown Miami"
"Kraken Crudo","3525 NE 2nd Ave","Miami, FL 33137","Sushi/Raw Bar/Floribbean","$$$","4.4/5 Google","166","N/A","Multiple sources","Design District"
"Amor di Pasta","2320 NE 2nd Ave","Miami, FL 33137","Italian","$$","4.3/5 Google","380","N/A","CondoBlackBook","Design District"
"Sylvano's","2426 NE 2nd Ave","Miami, FL 33137","Italian","$$","N/A","N/A","N/A","Multiple sources","Design District"
"Pizza Pazza","275 NE 18th St","Miami, FL 33132","Neapolitan Pizza","$$","4.6/5 Google","339","N/A","CondoBlackBook","Downtown Miami"
"Rice Mediterranean Kitchen","2500 Biscayne Blvd","Miami, FL 33137","Persian/Mediterranean","$$","4.3/5 Google","333","N/A","CondoBlackBook","Design District"
"Plant Miami","105 NE 24th St","Miami, FL 33137","Vegan/Kosher","$$$","N/A","N/A","N/A","CondoBlackBook","Design District"
"NOA Cafe","2711 NE 2nd Ave","Miami, FL 33137","International Fusion","$$","4.5/5 Google","321","N/A","The Infatuation","Design District"
"Mamacita Miami","N/A (Edgewater)","Miami, FL","Latin","N/A","N/A","N/A","N/A","Web search","Downtown Miami"
"La Bottega Miami","N/A (Edgewater)","Miami, FL","Italian","N/A","N/A","N/A","N/A","Web search","Downtown Miami"
"Blackbrick Chinese & Dim Sum","3451 NE 1st Ave","Miami, FL 33137","Chinese/Dim Sum","$$","N/A","N/A","N/A","CondoBlackBook","Design District"
"Ayesha","120 Buena Vista Blvd","Miami, FL 33137","Indian","$$$","N/A","N/A","N/A","CondoBlackBook","Design District"
"Lagniappe","3425 NE 2nd Ave","Miami, FL 33137","Small Plates/Charcuterie/Wine Bar","$$","4.7/5 Google","695","N/A","CondoBlackBook/Web search","Design District"
"La Cabrera (Midtown)","N/A (Midtown)","Miami, FL","Peruvian","$$$","N/A","N/A","N/A","Web search","Midtown"
"Tap 42 Midtown Miami","N/A","Miami, FL","American/Bar","$$-$$$","3.9/5 Tripadvisor","101+ reviews","N/A","Tripadvisor","Midtown"
"100 Montaditos Midtown","N/A","Miami, FL","Spanish","$","4.4/5 Google","270","N/A","Tripadvisor","Midtown"
"Ol'days Farm To Table","N/A (Midtown)","Miami, FL","Cafe/International","$$-$$$","4.3/5 Google","395","N/A","Tripadvisor","Midtown"
"Mau Miami","N/A (Midtown)","Miami, FL","Mediterranean","$$$$","4.2/5 Tripadvisor","33+ reviews","N/A","Tripadvisor","Midtown"
"Prohibition Restaurant and Speakeasy","N/A (Midtown)","Miami, FL","American/Bar","$$$$","4.0/5 Tripadvisor","118+ reviews","N/A","Tripadvisor","Midtown"
"Spris Artisan Pizza","N/A (Midtown)","Miami, FL","Italian/Pizza","$","4.3/5 Tripadvisor","101+ reviews","N/A","Tripadvisor","Midtown"
"CRAFT Midtown","N/A","Miami, FL","American/Pizza","$$-$$$","5.0/5 Google","114","N/A","Tripadvisor","Midtown"
"La Picana Grill","N/A (Omni)","Miami, FL","Argentinian Steakhouse","N/A","N/A","N/A","N/A","Web search","Downtown Miami"
"Francisca Charcoal Chicken & Meats (Omni)","N/A (Omni)","Miami, FL","Latin/Grill","N/A","N/A","N/A","N/A","Web search","Downtown Miami"
"Casadonna","N/A (Omni)","Miami, FL","Coastal Italian","N/A","3.7/5 Google","669","N/A","Web search","Downtown Miami"
"Ariete","3540 Main Hwy","Coconut Grove, FL 33133","Cuban-American Fine Dining","$$$$","4.2/5 Google","563","N/A","Infatuation","Coconut Grove"
"Drinking Pig BBQ","3444 Main Hwy Ste 16","Miami, FL 33133","Barbecue","$$","4.8/5 Google","233","(786) 534-4244","Infatuation/Miami New Times","Coconut Grove"
"Shore To Door Fish Market","3380 Douglas Rd","Miami, FL 33133","Seafood","$$$","4.7/5 Google","160","N/A","Infatuation","Coconut Grove"
"Le Bouchon Du Grove","3430 Main Hwy","Coconut Grove, FL 33133","French Bistro","$$$","4.5/5 Google","919","N/A","Infatuation/Miami New Times","Coconut Grove"
"Chug's Diner","3444 Main Hwy Ste 21","Miami, FL 33133","Cuban-American Diner","$$","4.0/5 Google","348","N/A","Infatuation (Michelin Bib Gourmand)","Coconut Grove"
"Chuggie's","3444 Main Hwy","Miami, FL 33133","Burgers","$$","4.7/5 Google","122","N/A","Infatuation","Coconut Grove"
"Midorie","3444 Main Hwy","Miami, FL 33133","Japanese/Sushi","$$$$","4.7/5 Google","125","N/A","Infatuation/Miami New Times","Coconut Grove"
"The Original Daily Bread Marketplace","2400 SW 27th St","Miami, FL 33133","Middle Eastern","$$","4.2/5 Google","326","(305) 856-0363","Infatuation","Coconut Grove"
"Krus Kitchen","3413 Main Hwy","Miami, FL 33133","American/Natural Wine","$$$","4.5/5 Google","346","(786) 391-1598","Infatuation (Michelin Green Star)","Coconut Grove"
"Los Felix","3413 Main Hwy","Coconut Grove, FL 33133","Mexican/Farm-to-Table","$$$","4.3/5 Google","383","N/A","Infatuation/Miami New Times","Coconut Grove"
"Barracuda Taphouse & Grill","3035 Fuller St","Miami, FL 33133","Bar Food/American","$$","4.1/5 Google","285","N/A","Infatuation","Coconut Grove"
"Loretta & The Butcher","3195 Commodore Plaza","Miami, FL 33133","Argentinian Steakhouse","$$$","4.4/5 Google","354","N/A","Infatuation","Coconut Grove"
"Bombay Darbar (Coconut Grove)","2901 Florida Ave","Coconut Grove, FL 33133","Indian","$$$","4.7/5 Google","1280","N/A","Infatuation/Miami New Times","Coconut Grove"
"Glass & Vine","2820 McFarlane Rd","Miami, FL 33133","Contemporary/Latin","$$$","4.3/5 Google","967","N/A","Miami New Times","Coconut Grove"
"GreenStreet Cafe","3468 Main Hwy","Coconut Grove, FL 33133","American/Mediterranean","$$$","4.3/5 Google","985+ reviews","N/A","Google/Miami New Times","Coconut Grove"
"Isabelle's Grill Room and Garden","3300 SW 27th Ave","Miami, FL 33133","American (Ritz-Carlton)","$$$$","4.1/5 Google","177","N/A","dishmiami","Coconut Grove"
"Sadelle's","3321 Mary St","Miami, FL 33133","Bagels/Brunch","$$$","3.4/5 Google","332","N/A","dishmiami","Coconut Grove"
"Amal Miami","3480 Main Hwy Ste 100","Miami, FL 33133","Lebanese","$$$","4.3/5 Google","956","(786) 369-0846","Miami New Times","Coconut Grove"
"Eva","3015 Grand Ave #120","Coconut Grove, FL 33133","Mediterranean Bistro","$$$","4.9/5 Google","130","N/A","dishmiami","Coconut Grove"
"The Last Carrot","3133 Grand Ave","Miami, FL 33133","Vegetarian/Health Food","$$","N/A","N/A","N/A","dishmiami","Coconut Grove"
"Bellini","2988 McFarlane Rd","Miami, FL 33133","Italian","$$$","3.9/5 Google","3905","N/A","dishmiami","Coconut Grove"
"Mister 01 Extraordinary","3015 Grand Ave Ste 165","Miami, FL 33133","Italian Pizza","$$","4.9/5 Google","1615","N/A","dishmiami","Coconut Grove"
"Pauloluigi","2859 Bird Ave","Coconut Grove, FL 33133","Italian","$$","4.9/5 Google","191","N/A","dishmiami","Coconut Grove"
"Omakai Sushi","3304 Mary St","Miami, FL 33133","Japanese Omakase","$$$$","4.8/5 Google","785","N/A","dishmiami","Coconut Grove"
"Sushi by Scratch","3540 Main Hwy","Coconut Grove, FL 33133","Japanese Omakase","$$$$","4.5/5 Google","136","N/A","dishmiami","Coconut Grove"
"Sushi Garage","3015 Grand Ave","Coconut Grove, FL 33133","Japanese/Sushi","$$$","4.4/5 Google","757","N/A","dishmiami","Coconut Grove"
"Varsol Sushi Bar","3423 Main Hwy","Coconut Grove, FL 33133","Japanese/Sushi","$$$","4.6/5 Google","332","N/A","dishmiami","Coconut Grove"
"Aida Mexican Food","3306 Mary St","Miami, FL 33133","Mexican","$$","4.6/5 Google","240","N/A","dishmiami","Coconut Grove"
"Bartaco (Coconut Grove)","3112 Commodore Plaza","Miami, FL 33133","Mexican Tacos","$$","4.7/5 Google","1078","N/A","dishmiami","Coconut Grove"
"El Taquito","3410 Main Hwy","Miami, FL 33133","Mexican","$$","3.2/5 Google","201","N/A","dishmiami","Coconut Grove"
"Koko (by Bakan)","2856 Tigertail Ave","Coconut Grove, FL 33133","Mexican (Wood-fired)","$$$","4.4/5 Google","716","N/A","dishmiami/Miami New Times","Coconut Grove"
"Berries in the Grove","2884 SW 27th Ave","Coconut Grove, FL 33133","American/Brunch","$$","4.3/5 Google","495","N/A","dishmiami/Miami New Times","Coconut Grove"
"Calista Cafe","3333 Rice St","Coconut Grove, FL 33133","Greek Cafe","$$","4.6/5 Google","80","N/A","dishmiami","Coconut Grove"
"Judith's Market","3870 Grand Ave","Miami, FL 33133","Cafe/Market","$$","4.9/5 Google","68","N/A","dishmiami","Coconut Grove"
"Botanico Gin & Cookhouse","3015 Grand Ave","Coconut Grove, FL 33133","Gastropub","$$$","4.0/5 Google","85","N/A","dishmiami","Coconut Grove"
"The Commodore","3300 SW 27th Ave","Miami, FL 33133","American Bar (Ritz-Carlton)","$$$","N/A","N/A","N/A","dishmiami","Coconut Grove"
"Happy Wine in the Grove","2833 Bird Ave","Miami, FL 33133","Wine Bar/Tapas","$$$","4.5/5 Google","686","N/A","dishmiami","Coconut Grove"
"Sipsip","3000 Florida Ave","Miami, FL 33133","Tiki Bar/Caribbean","$$$","4.3/5 Google","59","N/A","dishmiami","Coconut Grove"
"Bayshore Club","3391 Pan American Dr","Miami, FL 33133","Seafood/Peruvian","$$$","4.8/5 Google","2408","N/A","dishmiami/Miami New Times","Coconut Grove"
"Monty's Raw Bar","2550 S Bayshore Dr","Miami, FL 33133","Seafood","$$$","4.2/5 Google","1,533+ reviews","N/A","Google/dishmiami","Coconut Grove"
"Regatta Grove","3415 Pan American Dr","Coconut Grove, FL 33133","Multi-concept Seafood/Aussie/Pizza","$$$","4.3/5 Google","1238","N/A","Eater Miami","Coconut Grove"
"Ava MediterrAegean","2889 McFarlane Rd","Miami, FL 33133","Mediterranean","$$$","4.8/5 Google","2124","(786) 540-2889","Miami New Times","Coconut Grove"
"Carbone Vino","2911 Grand Ave Ste 194","Coconut Grove, FL 33133","Italian","$$$$","4.5/5 Google","239","N/A","Miami New Times","Coconut Grove"
"Flanigan's Seafood Bar & Grill (Coconut Grove)","2721 Bird Ave","Coconut Grove, FL 33133","Seafood","$$","4.1/5 Google","774","N/A","Miami New Times","Coconut Grove"
"Meraki in the Grove","3462 Main Hwy","Miami, FL 33133","Greek","$$$","4.5/5 Google","468","N/A","Miami New Times","Coconut Grove"
"Sapore di Mare","3433 Main Hwy","Miami, FL 33133","Italian Seafood","$$$$","4.4/5 Google","614","N/A","Miami New Times","Coconut Grove"
"Daniel's Miami","1500 San Ignacio Ave","Coral Gables, FL 33146","Steakhouse","$$$$","4.7/5 Google","165","N/A","Infatuation","Coral Gables"
"La Casita","3805 SW 8th St","Coral Gables, FL 33134","Cuban","$$$","4.5/5 Google","354","N/A","Infatuation","Coral Gables"
"Zitz Sum","396 Alhambra Circle","Coral Gables, FL 33134","Chinese Fusion","$$$","4.5/5 Google","207","N/A","Infatuation (Michelin Bib Gourmand)","Coral Gables"
"Casa MX","2345 SW 37th Ave","Miami, FL 33145","Mexican","$$$","8.3/10 Infatuation","N/A","N/A","Infatuation","Little Havana"
"Frankie & Wally's","216 Palermo Ave","Coral Gables, FL 33134","Sandwiches","$$","9.0/10 Infatuation","N/A","N/A","Infatuation","Coral Gables"
"Tinta y Cafe","1315 Ponce de Leon Blvd","Coral Gables, FL 33134","Cuban","$$","3.9/5 Google","404","N/A","Infatuation","Coral Gables"
"Luca Osteria","116 Giralda Ave","Coral Gables, FL 33134","Italian","$$$","4.3/5 Google","692","N/A","Infatuation","Coral Gables"
"Frenchie's Diner","2618 Galiano St","Coral Gables, FL 33134","French-American","$$$","4.3/5 Google","191","N/A","Infatuation","Coral Gables"
"Tina In The Gables","4700 S Le Jeune Rd","Coral Gables, FL 33146","Latin/Cafe-Diner","$$","3.9/5 Google","145","N/A","Infatuation","Coral Gables"
"Pastor At Pascal","2611 Ponce de Leon Blvd","Coral Gables, FL 33134","French","$$$$","4.0/5 Google","369","N/A","Infatuation","Coral Gables"
"Sanguich Coral Gables","111 Palermo Ave","Coral Gables, FL 33134","Cuban Sandwiches","$$","9.0/10 Infatuation","N/A","N/A","Infatuation","Coral Gables"
"Shingo","112 Alhambra Cir","Coral Gables, FL 33134","Japanese Omakase","$$$$","4.9/5 Google","118","N/A","Infatuation (Michelin Star)","Coral Gables"
"Caffe Abbracci","318 Aragon Ave","Coral Gables, FL 33134","Northern Italian","$$$","4.4/5 Google","428","N/A","Infatuation/Yelp","Coral Gables"
"Bouchon Bistro","2101 Galiano St","Coral Gables, FL 33134","French Bistro","$$$","4.0/5 Google","209","N/A","Infatuation","Coral Gables"
"Kojin 2.0","804 Ponce de Leon Blvd","Coral Gables, FL 33134","Japanese-Miami Fusion","$$$","4.6/5 Google","99","N/A","Infatuation/Miami New Times","Coral Gables"
"Beauty & The Butcher","6915 SW 57th Ave","South Miami, FL 33143","American Steakhouse","$$$","4.6/5 Google","738","N/A","Infatuation","South Miami"
"The Cafe At Books & Books","265 Aragon Ave","Coral Gables, FL 33134","American Cafe","$$","4.6/5 Google","191","N/A","Infatuation/Miami New Times","Coral Gables"
"Levant","2415 Ponce de Leon Blvd","Coral Gables, FL 33134","Middle Eastern","$$$","4.6/5 Google","362","N/A","Infatuation","Coral Gables"
"Shadow Wagyu","4702 S Le Jeune Rd","Coral Gables, FL 33134","Japanese Wagyu Butcher","$$$","8.4/10 Infatuation","N/A","N/A","Infatuation/Miami New Times","Coral Gables"
"Zucca","162 Alcazar Ave","Coral Gables, FL 33134","Italian","$$$","4.5/5 Google","875","N/A","Infatuation/Miami New Times","Coral Gables"
"Elyu Omakase","La Palma Building","Coral Gables, FL 33134","Japanese-Filipino Omakase","$$$$","4.9/5 Google","102","N/A","Michelin Guide/Evendo","Coral Gables"
"Caffe Vialetto","4019 Le Jeune Rd","Coral Gables, FL 33146","Italian-Latin-Caribbean Fusion","$$$","4.4/5 Google","293","N/A","Miami New Times","Coral Gables"
"Christy's","3101 Ponce De Leon Blvd","Coral Gables, FL 33134","Steakhouse","$$$$","N/A","N/A","N/A","Miami New Times","Coral Gables"
"Fratellino","264 Miracle Mile","Coral Gables, FL 33134","Italian","$$$","4.8/5 Google","396","N/A","Miami New Times","Coral Gables"
"Graziano's Restaurant","394 Giralda Ave","Coral Gables, FL 33134","Argentine Steakhouse","$$$","4.2/5 Google","566","N/A","Miami New Times","Coral Gables"
"Havana Harry's","4612 S Le Jeune Rd","Coral Gables, FL 33146","Cuban","$$","4.8/5 Google","2499","N/A","Miami New Times","Coral Gables"
"Hillstone (Coral Gables)","201 Miracle Mile","Coral Gables, FL 33134","American","$$$","3.8/5 Google","551","N/A","Miami New Times","Coral Gables"
"Ichimi","2330 Salzedo St","Coral Gables, FL 33134","Japanese Ramen","$$","4.0/5 Google","409","N/A","Miami New Times","Coral Gables"
"Mika","3007 Ponce de Leon Blvd","Coral Gables, FL 33134","Mediterranean Italian","$$$$","4.8/5 Google","152","N/A","Miami New Times","Coral Gables"
"Talavera Cocina Mexicana","2299 Ponce de Leon Blvd","Coral Gables, FL 33134","Mexican","$$$","4.3/5 Google","792","N/A","Miami New Times","Coral Gables"
"Tullio","160 Andalusia Ave","Coral Gables, FL 33134","Venetian Seafood","$$$$","4.7/5 Google","370","N/A","Miami New Times","Coral Gables"
"Vinya Table","266 Miracle Mile","Coral Gables, FL 33134","Mediterranean/Wine","$$$","4.6/5 Google","240","N/A","Miami New Times","Coral Gables"
"Bulla Gastrobar (Coral Gables)","2500 Ponce De Leon Blvd","Coral Gables, FL 33134","Spanish Tapas","$$$","4.8/5 Google","2327","N/A","Yelp","Coral Gables"
"TUR Kitchen","259 Giralda Ave","Coral Gables, FL 33134","Mediterranean","$$$","N/A","242+ reviews","786-483-8014","Yelp","Coral Gables"
"Threefold Cafe","141 Giralda Ave","Coral Gables, FL 33134","Australian Breakfast/Cafe","$$","4.7/5 Google","327","N/A","Web search","Coral Gables"
"Seasons 52 (Coral Gables)","N/A","Coral Gables, FL","American","$$$","4.7/5 Google","711","N/A","Web search","Coral Gables"
"John Martin's Irish Pub & Restaurant","253 Miracle Mile","Coral Gables, FL 33134","Irish","$$$","4.3/5 Google","347","N/A","Yelp","Coral Gables"
"El Carajo","2465 SW 17th Ave","Miami, FL 33145","Spanish/Wine Bar","$$","4.2/5 Google","448","N/A","Infatuation","Little Havana"
"Palma","240 NW 8th Ave","Miami, FL 33128","American","$$$$","4.7/5 Google","105","N/A","Infatuation","Downtown Miami"
"Sanguich Little Havana","2057 SW 8th St","Miami, FL 33135","Cuban Sandwiches","$$","9.0/10 Infatuation","N/A","N/A","Infatuation","Little Havana"
"Cafe La Trova","971 SW 8th St","Miami, FL 33130","Cuban","$$$","4.5/5 Google","897","N/A","Infatuation","Downtown Miami"
"El Rey De Las Fritas","1821 SW 8th St","Miami, FL 33135","Cuban (Fritas)","$$","4.6/5 Google","455","N/A","Infatuation/Miami New Times","Little Havana"
"Lung Yai Thai Tapas","1731 SW 8th St","Miami, FL 33135","Thai","$$","3.6/5 Google","552","N/A","Infatuation/Miami New Times","Little Havana"
"Bite Sandwich","1576 SW 1st St","Miami, FL 33135","Sandwiches","$$","8.0/10 Infatuation","N/A","N/A","Infatuation","Little Havana"
"Paseo Catracho","824 SW 8th St","Miami, FL 33130","Honduran","$$","4.5/5 Google","534","N/A","Infatuation","Downtown Miami"
"Mofongo","1672 SW 8th St","Miami, FL 33135","Puerto Rican","$$","4.5/5 Google","730","N/A","Infatuation","Little Havana"
"La Carreta (Little Havana)","3632 SW 8th St","Miami, FL 33135","Cuban","$$","7.7/10 Infatuation","N/A","N/A","Infatuation/Miami New Times","Little Havana"
"Shawarma Al Basha","440 SW 8th St","Miami, FL 33130","Middle Eastern","$$","7.7/10 Infatuation","N/A","N/A","Infatuation","Downtown Miami"
"Fritanga Cana Brava","2361 NW 7th St","Miami, FL 33125","Nicaraguan","$$","8.5/10 Infatuation","N/A","N/A","Infatuation","Allapattah"
"Casa Juancho","2436 SW 8th St","Miami, FL 33135","Spanish","$$$$","4.3/5 Google","578","N/A","Infatuation","Little Havana"
"El Rincon Asturiano","225 SW 17th Ave","Miami, FL 33135","Spanish","$$$","4.6/5 Google","276","N/A","Infatuation","Little Havana"
"La Camaronera Fish Market","1952 W Flagler St","Miami, FL 33135","Cuban Seafood","$$","4.1/5 Google","365","N/A","Infatuation","Little Havana"
"Mi Rinconcito Mexicano","1961 SW 8th St","Miami, FL 33135","Mexican","$$","4.5/5 Google","475","N/A","Infatuation","Little Havana"
"Tin Tin","2555 SW 8th St","Miami, FL 33135","Cuban","$$","4.7/5 Google","404","N/A","Infatuation","Little Havana"
"Rakachaka Grill Y Mas","1280 SW 1st St","Miami, FL 33135","Nicaraguan","$$","8.1/10 Infatuation","N/A","N/A","Infatuation","Little Havana"
"Ahi Sushi Bar","1527 SW 8th St","Miami, FL 33135","Sushi","$$","7.8/10 Infatuation","N/A","N/A","Infatuation","Little Havana"
"El Atlacatl","3199 SW 8th St","Miami, FL 33135","Salvadoran","$$","4.8/5 Google","638","N/A","Infatuation","Little Havana"
"Cardon y el Tirano","3411 SW 8th St","Miami, FL 33135","Asian-Venezuelan Fusion","$$$","N/A","N/A","N/A","Miami New Times","Little Havana"
"LeKoke Wine & Bites","1225 SW 8th St","Miami, FL 33130","Spanish Tapas","$$$","N/A","N/A","N/A","Miami New Times","Downtown Miami"
"Miami Smokers","306 NW 27th Ave","Miami, FL 33125","BBQ/Smokehouse","$$","N/A","N/A","N/A","Miami New Times","Allapattah"
"Taqueria Viva Mexico","502 SW 12th Ave","Miami, FL 33130","Mexican","$$","4.5/5 Google","205","N/A","Miami New Times","Downtown Miami"
"Versailles Restaurant","3555 SW 8th St","Miami, FL 33135","Cuban","$$","4.5/5 Google (4.2/5 Tripadvisor)","26,000+ Google reviews","305-444-0240","Google/Tripadvisor/Wikipedia","Little Havana"
"Ball & Chain","1513 SW 8th St","Miami, FL 33135","Cuban/Live Music","$$$","4.4/5 Google","945","N/A","Tripadvisor/Yelp","Little Havana"
"El Exquisito","1510 SW 8th St","Miami, FL 33135","Cuban","$$","N/A","N/A","N/A","Miami New Times/Timeout","Little Havana"
"Islas Canarias","285 NW 27th Ave","Miami, FL 33125","Cuban/Canarian","$$","N/A","N/A","N/A","Miami New Times/Timeout","Allapattah"
"El Palacio de los Jugos","1545 SW 27th Ave","Miami, FL 33145","Cuban","$","4.1/5 Google","497","N/A","Afar","Little Havana"
"El Cristo Restaurant","1543 SW 8th St","Miami, FL 33135","Cuban","$$","4.4/5 Google","499","305-643-9992","Yelp","Little Havana"
"Guantanamera Cafe & Lounge","1465 SW 8th St Ste 105","Miami, FL 33135","Cuban/Cigar Lounge","$$","N/A","N/A","786-618-5142","Web search/Goodshop","Little Havana"
"El Mago De Las Fritas","SW 8th St","Miami, FL 33135","Cuban (Fritas)","$$","4.8/5 Google","387","N/A","Infatuation","Little Havana"
"El Pub","SW 8th St","Miami, FL 33135","Cuban","$$","4.4/5 Google","782","N/A","Miami Culinary Tours","Little Havana"
"Sala'o Cuban Restaurant & Bar","1642 SW 8th St","Miami, FL 33135","Cuban","$$$","4.9/5 Google","2220","N/A","Yelp","Little Havana"
"Ciao Havana","1620 SW 8th St","Miami, FL 33135","Cuban-Italian","$$$","4.7/5 Google","86","N/A","Web search","Little Havana"
"Habana Con B","SW 8th St","Miami, FL 33135","Cuban","$$","4.9/5 Google","107","N/A","Web search","Little Havana"
"Old's Havana Cuban Bar & Cocina","1442 SW 8th St","Miami, FL 33135","Cuban","$$","4.9/5 Google","5005","786-518-2196","Yelp","Little Havana"
"Tumbao Calle 8","SW 8th St","Miami, FL 33135","Cuban/Latin","$$","N/A","N/A","N/A","Web search","Little Havana"
"Plaza Seafood Market","3114 NW 17th Ave","Miami, FL 33142","Seafood","$$","8.4/10 Infatuation","N/A","N/A","Infatuation","Allapattah"
"Tipico Hondureño","3002 NW 7th Ave","Miami, FL 33127","Honduran","$$","3.6/5 Google","68","N/A","Infatuation","Wynwood"
"Papo Llega Y Pon","2928 NW 17th Ave","Miami, FL 33142","Sandwiches/Cuban","$","7.7/10 Infatuation","N/A","N/A","Infatuation","Allapattah"
"Slab Daddy BBQ","795 NW 20th St","Miami, FL 33127","BBQ","$$","8.1/10 Infatuation","N/A","N/A","Infatuation","Wynwood"
"Subs On The Run","2801 NW 7th Ave","Miami, FL 33127","Sandwiches","$","7.4/10 Infatuation","N/A","N/A","Infatuation","Wynwood"
"Jon & Vinny's","1100 NW 23rd St","Miami, FL 33127","Italian","$$$","7.6/10 Infatuation","N/A","N/A","Infatuation","Wynwood"
"Ranchito Mi Peru 2","2102 NW 22nd Ct","Miami, FL 33142","Peruvian","$$","7.9/10 Infatuation","N/A","N/A","Infatuation","Allapattah"
"Conch Town USA","3637 NW 17th Ave","Miami, FL 33142","Bahamian Seafood","$$","8.3/10 Infatuation","N/A","N/A","Infatuation","Allapattah"
"Club Tipico Dominicano","1344 NW 36th St","Miami, FL 33142","Dominican","$$","4.2/5 Google","362","N/A","Infatuation","Allapattah"
"Mexico 1810 Taqueria","1778 NW 36th St","Miami, FL 33142","Mexican","$$","4.2/5 Google","248","N/A","Infatuation","Allapattah"
"Hometown Barbecue","1200 NW 22nd St","Miami, FL 33142","BBQ","$$","4.1/5 Google","451","N/A","Infatuation","Allapattah"
"Jacqueline's Fried Chicken","1702 NW 36th St","Miami, FL 33142","Dominican Fried Chicken","$","7.3/10 Infatuation","N/A","N/A","Infatuation","Allapattah"
"Kiki On The River","450 NW North River Dr","Miami, FL 33128","Greek/Mediterranean","$$$$","3.4/5 Google","795","N/A","Yelp","Downtown Miami"
"Clive's Cafe","5890 NW 2nd Ave","Miami, FL 33127","Jamaican","$$","4.2/5 Google","294","N/A","Infatuation","Wynwood"
"Fiorito","5555 NE 2nd Ave","Miami, FL 33137","Argentinian","$$$","4.5/5 Google","663","N/A","Infatuation","Design District"
"Cuckoo Clock Brauhaus","99 NW 54th St","Miami, FL 33127","German","$$$","4.9/5 Google","151","N/A","Infatuation","Wynwood"
"Naomi's Garden Restaurant & Lounge","650 NW 71st St","Miami, FL 33150","Caribbean/Haitian","$$","3.7/5 Google","370","N/A","Infatuation","Little Haiti"
"Sur","5929 NW 2nd Ave","Miami, FL 33127","Argentinian","$$$","8.3/10 Infatuation","N/A","N/A","Infatuation","Wynwood"
"Chef Creole Seasoned Kitchen","200 NW 54th St","Miami, FL 33127","Haitian/Creole/Bahamian","$$","4.6/5 Google","706","N/A","Infatuation","Wynwood"
"Piman Bouk Restaurant","5932 NE 2nd Ave","Miami, FL 33137","Haitian","$$","3.5/5 Google","162","N/A","Infatuation","Design District"
"Chez Le Bebe","114 NE 54th St","Miami, FL 33137","Haitian","$","3.4/5 Google","134","N/A","Infatuation","Design District"
"Boia De","5205 NE 2nd Ave","Miami, FL 33137","Italian (Michelin Star)","$$$$","4.6/5 Google","328","N/A","Michelin Guide/Wikipedia","Design District"
"CVI.CHE 105 Dadeland Mall","7276 SW 88th St (Dadeland Mall)","Kendall, FL","Peruvian","$$-$$$","5.0/5 Google","39574","N/A","Tripadvisor","Kendall"
"Pisco Y Nazca Ceviche Gastrobar (Kendall)","N/A","Kendall, FL","Peruvian","$$-$$$","4.8/5 Google","14764","N/A","Tripadvisor","Kendall"
"Patacon Pisao Kendall","N/A","Kendall, FL","Latin/Brew Pub","$$-$$$","4.0/5 Google","288","N/A","Tripadvisor","Kendall"
"The Cheesecake Factory (Dadeland Mall)","7301 N Kendall Dr","Kendall, FL","American","$$-$$$","4.1/5 Google","4643","N/A","Tripadvisor","Kendall"
"Hate Mondays Tavern","N/A","Kendall, FL","American/Caribbean","$$-$$$","4.7/5 Google","280","N/A","Tripadvisor","Kendall"
"Taipa Peruvian Restaurant","N/A","Kendall, FL","Peruvian","$$-$$$","4.6/5 Google","281","N/A","Tripadvisor","Kendall"
"Earl's Kitchen & Bar (Dadeland)","N/A","Kendall, FL","American","$$-$$$","4.4/5 Google","1148","N/A","Tripadvisor","Kendall"
"DiCrespo","N/A","Kendall, FL","Steakhouse/Latin","$$-$$$","4.5/5 Tripadvisor","25+ reviews","N/A","Tripadvisor","Kendall"
"La Vida Misma","N/A","Kendall, FL","Italian/Latin","N/A","4.2/5 Google","189","N/A","Tripadvisor","Kendall"
"Anthony's Coal Fired Pizza (Kendall)","N/A","Kendall, FL","Italian/Pizza","$$-$$$","4.3/5 Google","1122","N/A","Tripadvisor","Kendall"
"La Carreta (Kendall)","N/A","Kendall, FL","Cuban","N/A","4.2/5 Google","6454","N/A","Tripadvisor","Kendall"
"Pubbelly Sushi Dadeland","N/A","Kendall, FL","Japanese/Sushi","N/A","4.6/5 Google","1518","N/A","Tripadvisor","Kendall"
"The Brick American Kitchen & Bar","N/A","Kendall, FL","American","N/A","4.0/5 Google","714","N/A","Tripadvisor","Kendall"
"Ocean One Bar and Grill","N/A","Kendall, FL","Seafood","N/A","N/A","N/A","N/A","Tripadvisor","Kendall"
"Flanigan's Seafood Bar & Grill (Kendall)","N/A","Kendall, FL","Seafood/American","$$-$$$","4.4/5 Google","5765","N/A","Tripadvisor","Kendall"
"La Mesa Kendall","N/A","Kendall, FL","Latin","N/A","N/A","N/A","N/A","Tripadvisor","Kendall"
"French Bistro - Argentinian Steakhouse","N/A","Kendall, FL","Argentinian/French","N/A","4.3/5 Google","295","N/A","Tripadvisor","Kendall"
"Fuegos del Sur (Kendall)","N/A","Kendall, FL","Argentinian","N/A","4.6/5 Google","301","N/A","Tripadvisor","Kendall"
"Tap 42 Kendall","N/A","Kendall, FL","American/Bar","N/A","N/A","N/A","N/A","Tripadvisor","Kendall"
"Rinconcito Cubano of Kendall","N/A","Kendall, FL","Cuban","N/A","4.3/5 Google","185","N/A","Tripadvisor","Kendall"
"Apocalypse BBQ","8695 SW 124th Ave","Miami (Kendall), FL 33176","BBQ","$$","4.5/5 Google","575","N/A","The Infatuation","Kendall"
"Jamaica Kitchen","8736 SW 72nd St","Miami (Kendall), FL 33173","Jamaican","$","4.5/5 Google","725","N/A","The Infatuation","Kendall"
"Ghee Indian Kitchen (Kendall)","8965 SW 72nd Pl","Kendall, FL 33156","Indian","$$","4.3/5 Google","1310","N/A","The Infatuation","Kendall"
"Zaytona Grill","12388 SW 127th Ave","Miami (Kendall), FL 33186","Mediterranean","$$","5.0/5 Google","171","N/A","The Infatuation","Kendall"
"Fonda Sabaneta","8766 W Flagler St","Miami (Sweetwater/Fontainebleau), FL 33174","Colombian","$$","4.9/5 Google","7081","N/A","The Infatuation","Sweetwater"
"Aladdin Market & Grill","5821 SW 137th Ave N","Miami (Kendall), FL 33183","Middle Eastern","$$","4.9/5 Google","484","N/A","The Infatuation","Kendall"
"Shibui Japanese Restaurant","10139 SW 72nd St","Miami (Kendall), FL 33173","Japanese","$$","4.6/5 Google","1260","N/A","The Infatuation","Kendall"
"El Tambo Grill","7118 SW 117th Ave","Miami (Kendall), FL 33183","Peruvian","$$","3.3/5 Google","334","N/A","The Infatuation","Kendall"
"Cafe Oriental","9800 SW 77th Ave","Miami (Kendall), FL 33156","Japanese","$$","4.9/5 Google","147","N/A","The Infatuation","Kendall"
"Vegan Cuban Cuisine","9640 SW 72nd St","Miami (Kendall), FL 33173","Cuban/Vegan","$$","4.8/5 Google","1178","N/A","The Infatuation","Kendall"
"Fritanga Monimbo","7173 SW 117th Ave","Miami (Kendall), FL 33183","Nicaraguan","$$","3.7/5 Google","202","N/A","The Infatuation","Kendall"
"South Garden Chinese Restaurant","10855 SW 72 Street","Miami (Kendall), FL 33173","Chinese","$$","4.1/5 Google","718","N/A","The Infatuation","Kendall"
"Ernesto's Mexican Taco Shop","8845 SW 107th Ave","Miami (Kendall), FL 33176","Mexican","$$","4.1/5 Google","492","N/A","The Infatuation","Kendall"
"Chef Adrianne's Vineyard Restaurant and Bar","N/A","Kendall, FL","American/Wine Country","$$$","4.3/5 Google","2911","N/A","MiamiAndBeaches","Kendall"
"La Cañita (Kendall)","N/A","Kendall, FL","Latin-Caribbean","$$-$$$","N/A","N/A","N/A","MiamiAndBeaches / Yelp","Kendall"
"Amelia's 1931","N/A","Kendall, FL","Cuban-Korean Fusion","$$","4.4/5 Google","486","N/A","MiamiAndBeaches","Kendall"
"Table 55 (Hilton Miami Dadeland)","N/A","Kendall, FL","American/Farm-to-Table","$$-$$$","N/A","N/A","N/A","MiamiAndBeaches","Kendall"
"Inari Sushi Fusion","N/A","Kendall, FL","Japanese-Peruvian","$$","N/A","N/A","N/A","MiamiAndBeaches","Kendall"
"Tacos & Tattoos","N/A","Kendall, FL","Mexican","$$","4.5/5 Google","2875","N/A","MiamiAndBeaches","Kendall"
"Off The Grille","N/A","West Kendall, FL","American","$$","N/A","N/A","N/A","Web search","Kendall"
"Mr & Mrs Bun","N/A","West Kendall, FL","Sandwiches","$","N/A","N/A","N/A","Web search","Kendall"
"Jealous Fork","N/A","West Kendall, FL","American","$$","4.7/5 Google","395","N/A","Web search/Yelp","Kendall"
"Yafa Restaurant and Market","N/A","West Kendall, FL","Middle Eastern","$$","N/A","N/A","N/A","Web search","Kendall"
"Pesto Cafe and Grill","N/A","West Kendall, FL","Italian","$$","4.8/5 Google","281","N/A","Web search","Kendall"
"Two Spoons Peruvian Kitchen","N/A","West Kendall, FL","Peruvian","$$","N/A","N/A","N/A","Web search","Kendall"
"Antojitos Mexicanos Tenorio","N/A","West Kendall, FL","Mexican","$","4.4/5 Google","206","N/A","Web search","Kendall"
"FreshCo Fish Market & Grill","N/A","West Kendall, FL","Seafood","$$","4.7/5 Google","1506","N/A","Web search","Kendall"
"Smoke and Dough","N/A","West Kendall, FL","BBQ","$$","4.4/5 Google","195","N/A","Web search","Kendall"
"Sumaq","N/A","Kendall, FL","Peruvian","$$","N/A","N/A","N/A","Web search","Kendall"
"Serious Sanji","N/A","Kendall, FL","Japanese","$$","N/A","N/A","N/A","Web search","Kendall"
"Flight West","N/A","Kendall, FL","American","$$","N/A","N/A","N/A","Web search","Kendall"
"Disco Donkey","N/A","Kendall, FL","Mexican","$$","N/A","N/A","N/A","Web search","Kendall"
"1986 Steakhouse","N/A","Kendall, FL","Steakhouse","$$$","N/A","N/A","N/A","Web search","Kendall"
"Cotoletta","N/A","Kendall, FL","Italian","$$","4.0/5 Google","79","N/A","Web search","Kendall"
"The Korean Chef","N/A","Kendall, FL","Korean","$$","N/A","N/A","N/A","Yelp","Kendall"
"Carnicero","N/A","Kendall, FL","Latin Steakhouse","$$$","N/A","N/A","N/A","Yelp","Kendall"
"Sufrat Mediterranean Grill (Kendall)","N/A","Kendall, FL","Mediterranean","$$","N/A","N/A","N/A","Yelp","Kendall"
"Umaimon","N/A","Kendall (Dadeland), FL","Japanese","$$-$$$","N/A","N/A","N/A","Web search","Kendall"
"Tacomiendo","N/A","Kendall (Dadeland), FL","Mexican","$$","4.5/5 Google","180","N/A","Web search","Kendall"
"Eleventh Street Pizza (Dadeland)","N/A","Kendall (Dadeland), FL","Pizza","$$","N/A","N/A","N/A","Web search","Kendall"
"Texas de Brazil (Dadeland Mall)","7301 N Kendall Dr","Kendall, FL","Brazilian Steakhouse","$$$$","3.8/5 Google","568","N/A","Web search","Kendall"
"CRAFT South Miami","N/A","South Miami, FL","American/Pizza","$$-$$$","4.9/5 Google","468","N/A","Tripadvisor","South Miami"
"Whisk","N/A","South Miami, FL","American Contemporary","$$-$$$","4.3/5 Tripadvisor","352+ reviews","N/A","Tripadvisor","South Miami"
"Captain's Tavern","N/A","South Miami, FL","American/Seafood","$$-$$$","4.2/5 Tripadvisor","343+ reviews","N/A","Tripadvisor","South Miami"
"Old Lisbon - South Miami","N/A","South Miami, FL","Portuguese/Seafood","$$-$$$","4.6/5 Google","375","N/A","Tripadvisor","South Miami"
"Cafe Panisse","N/A","South Miami, FL","French","$$-$$$","4.6/5 Google","211","N/A","Tripadvisor","South Miami"
"Khoury's Mediterranean Restaurant","N/A","South Miami, FL","Lebanese/Mediterranean","$$-$$$","4.5/5 Google","170","N/A","Tripadvisor","South Miami"
"Bougainvillea's Old Florida Tavern","N/A","South Miami, FL","Bar/Tavern","$","4.3/5 Google","279","N/A","Tripadvisor","South Miami"
"La Crepe Bistro","N/A","South Miami, FL","French/Cafe","$$-$$$","4.0/5 Google","198","N/A","Tripadvisor","South Miami"
"Cafe Bonjour","N/A","South Miami, FL","French/Cafe","$$-$$$","4.5/5 Google","185","N/A","Tripadvisor","South Miami"
"Mano Libera - Marco Giugliano","N/A","South Miami, FL","Italian Contemporary","N/A","5.0/5 Tripadvisor","2+ reviews","N/A","Tripadvisor (Michelin Recommended)","South Miami"
"Deli Lane Cafe","N/A","South Miami, FL","American/Cafe","$$-$$$","3.9/5 Tripadvisor","155+ reviews","N/A","Tripadvisor","South Miami"
"CasaCuba","N/A","South Miami, FL","Cuban","$$-$$$","3.9/5 Google","358","N/A","Tripadvisor","South Miami"
"Clasica Victoria South Miami","N/A","South Miami, FL","Italian/French","$$-$$$","4.4/5 Google","91","N/A","Tripadvisor","South Miami"
"The Boiling Crab","N/A","South Miami, FL","Cajun/Seafood","$$-$$$","4.3/5 Google","256","N/A","Tripadvisor","South Miami"
"Kitchen 57","N/A","South Miami, FL","American","$$-$$$","4.8/5 Google","146","N/A","Tripadvisor","South Miami"
"Root & Bone","N/A","South Miami, FL","American Contemporary","$$-$$$","3.9/5 Tripadvisor","70+ reviews","N/A","Tripadvisor","South Miami"
"Pura Vida - South Miami","N/A","South Miami, FL","Health Food/Cafe","$$-$$$","4.7/5 Google","461","N/A","Tripadvisor","South Miami"
"Town Kitchen & Bar","N/A","South Miami, FL","American/Bar","$$-$$$","3.7/5 Tripadvisor","135+ reviews","N/A","Tripadvisor","South Miami"
"Cracked by Chef Adrianne","N/A","South Miami, FL","American/Bar","$$-$$$","4.0/5 Google","196","N/A","Tripadvisor","South Miami"
"Corteza","N/A","South Miami, FL","Mediterranean/Spanish","$$$$","3.0/5 Tripadvisor","2+ reviews","N/A","Tripadvisor","South Miami"
"La Pizza","N/A","South Miami, FL","Italian/Pizza","$$-$$$","4.2/5 Google","235","N/A","Tripadvisor","South Miami"
"Taste Buds of India","N/A","South Miami, FL","Indian","$$-$$$","4.1/5 Tripadvisor","41+ reviews","N/A","Tripadvisor","South Miami"
"Sunset Tavern","N/A","South Miami, FL","American/Bar","$$-$$$","4.3/5 Google","47","N/A","Tripadvisor","South Miami"
"The Thousand Sunny","N/A","South Miami, FL","Japanese/Anime-themed Comfort Food","$$","4.7/5 Google","282","N/A","Web search","South Miami"
"Habana Vieja","N/A","South Miami, FL","Cuban","$$","N/A","N/A","N/A","Web search","South Miami"
"Flanigan's Seafood Bar & Grill (South Miami)","N/A","South Miami, FL","Seafood/American","$$","N/A","N/A","N/A","Web search","South Miami"
"The Grape Ape","N/A","South Miami, FL","Wine Bar/American","$$","4.6/5 Google","99","N/A","Web search","South Miami"
"Apizza Brooklyn Resto + Vino","N/A","Pinecrest, FL","Italian/Pizza","$$-$$$","4.7/5 Google","286","N/A","Tripadvisor","Pinecrest"
"Platea Miami","N/A","Pinecrest, FL","American/Steakhouse","$$$$","4.5/5 Google","508","N/A","Tripadvisor","Pinecrest"
"Guadalajara","N/A","Pinecrest, FL","Mexican","$$-$$$","4.1/5 Google","330","N/A","Tripadvisor","Pinecrest"
"Trattoria Luna","N/A","Pinecrest, FL","Italian","$$-$$$","4.4/5 Google","157","N/A","Tripadvisor","Pinecrest"
"Flanigan's Seafood Bar and Grill (Pinecrest)","N/A","Pinecrest, FL","American/Bar","$$-$$$","4.1/5 Google","525","N/A","Tripadvisor","Pinecrest"
"Ashoka Indian Restaurant - Pinecrest","N/A","Pinecrest, FL","Indian","$$-$$$","4.6/5 Google","374","N/A","Tripadvisor","Pinecrest"
"Anacapri Italian Restaurant","N/A","Pinecrest, FL","Italian","$$-$$$","4.3/5 Google","411","N/A","Tripadvisor","Pinecrest"
"Miyako Of Dadeland Japanese Restaurant","N/A","Pinecrest, FL","Japanese/Sushi","$$-$$$","3.9/5 Google","144","N/A","Tripadvisor","Pinecrest"
"Piola Pinecrest","N/A","Pinecrest, FL","Italian/Pizza","$$-$$$","3.7/5 Tripadvisor","29+ reviews","N/A","Tripadvisor","Pinecrest"
"Gyu-Kaku Japanese BBQ (Pinecrest)","N/A","Pinecrest, FL","Japanese BBQ","$$-$$$","4.1/5 Tripadvisor","46+ reviews","N/A","Tripadvisor","Pinecrest"
"Mister O1 Extraordinary Pizza (Pinecrest)","N/A","Pinecrest, FL","Pizza","N/A","4.9/5 Google","266","N/A","Tripadvisor","Pinecrest"
"Anthony's Coal Fired Pizza & Wings (Pinecrest)","N/A","Pinecrest, FL","Italian/Pizza","$$-$$$","4.2/5 Google","316","N/A","Tripadvisor","Pinecrest"
"The Cheese Course (Pinecrest)","N/A","Pinecrest, FL","American/European","$$-$$$","4.3/5 Google","135","N/A","Tripadvisor","Pinecrest"
"Pho 79","N/A","Pinecrest, FL","Vietnamese","$$-$$$","4.5/5 Google","355","N/A","Tripadvisor","Pinecrest"
"Ifra's Indian Kitchen","N/A","Pinecrest, FL","Indian","$$-$$$","4.6/5 Google","530","N/A","Tripadvisor","Pinecrest"
"Pincho Factory (Pinecrest)","N/A","Pinecrest, FL","Latin/Burgers","$$-$$$","4.4/5 Google","259","N/A","Tripadvisor","Pinecrest"
"Roasters 'n Toasters","N/A","Pinecrest, FL","Deli/Brunch","$$","4.2/5 Google","226","N/A","Web search","Pinecrest"
"Sushi Maki (Pinecrest)","N/A","Pinecrest, FL","Japanese","$$","N/A","N/A","N/A","Web search","Pinecrest"
"Shaddai Fine Lebanese Cuisine","N/A","Pinecrest, FL","Lebanese","$$-$$$","4.7/5 Google","235","N/A","Web search (Miami New Times)","Pinecrest"
"La Taberna de Ignacio","N/A","Pinecrest, FL","Spanish","$$-$$$","N/A","N/A","N/A","Web search","Pinecrest"
"Alaine's Osteria","7290 SW 168th St, Unit D","Palmetto Bay, FL","Italian","$$","4.4/5 Google","271","N/A","Tripadvisor/Restaurantji","Palmetto Bay"
"Old Cutler Inn","16800 Old Cutler Rd","Palmetto Bay, FL 33157","American/Modern","$$-$$$","4.5/5 Google","115","(305) 419-0893","Yelp/Tripadvisor","Palmetto Bay"
"Golden Rule Seafood","17505 S Dixie Hwy","Palmetto Bay (Miami), FL 33157","Seafood","$$","4.5/5 Google","866+ reviews (Yelp)","(305) 235-0661","Yelp/Restaurantji","Palmetto Bay"
"Aromas Del Peru","17225 S Dixie Hwy, Unit 100","Palmetto Bay, FL","Peruvian","$$","4.9/5 Google","1753","N/A","Restaurantji","Palmetto Bay"
"Caribbean Delite Restaurant","9491 SW 160th St","Palmetto Bay, FL","Caribbean","$$","4.1/5 Google","153","N/A","Restaurantji","Palmetto Bay"
"Sushi Bay","9837 SW 184th St","Palmetto Bay, FL","Japanese","$$","4.6/5 Google","125","N/A","Restaurantji","Palmetto Bay"
"Cuban Guys Restaurants","14685 S Dixie Hwy","Palmetto Bay, FL","Cuban","$","4.5/5 Google","169","N/A","Restaurantji","Palmetto Bay"
"PhoKaholic","17005 S Dixie Hwy","Palmetto Bay, FL","Vietnamese","$$","4.5/5 Google","112","N/A","Restaurantji","Palmetto Bay"
"Soriano Brothers Cuban Cuisine","18005 S Dixie Hwy","Palmetto Bay, FL","Cuban","$","4.2/5 Google","287","N/A","Restaurantji","Palmetto Bay"
"Miller's Ale House (Palmetto Bay)","13603 S Dixie Hwy","Palmetto Bay, FL","American/Bar","$$","4.3/5 Google","485","N/A","Restaurantji","Palmetto Bay"
"Hole In The Wall Tavern","9821 SW 184th St","Palmetto Bay, FL","Bar & Grill","$","4.3/5 Google","248","N/A","Restaurantji","Palmetto Bay"
"Peruvian Ceviches + Bar","N/A","Palmetto Bay, FL","Peruvian","$$","N/A","N/A","N/A","Web search","Palmetto Bay"
"True Food Kitchen (Palmetto Bay)","N/A","Palmetto Bay, FL","Healthy American","$$-$$$","N/A","N/A","N/A","Web search","Palmetto Bay"
"Caffe Portofino","N/A","Palmetto Bay, FL","Italian/Caribbean Fusion","$$-$$$","N/A","N/A","N/A","Web search","Palmetto Bay"
"The Butcher Shop & Deli","N/A","Palmetto Bay, FL","American/Deli","$$","N/A","N/A","N/A","Web search","Palmetto Bay"
"Babe's Meat & Counter","N/A","Palmetto Bay, FL","American/Deli","$$","N/A","N/A","N/A","Web search","Palmetto Bay"
"Shahs of Kabob Palmetto Bay","N/A","Palmetto Bay, FL","Middle Eastern","$$","N/A","N/A","N/A","Web search","Palmetto Bay"
"Bulla Gastrobar (Doral)","11402 NW 41st St","Doral, FL 33178","Spanish Tapas","$$","4.9/5 Google","19896","N/A","Tripadvisor/Provident Resorts","Doral"
"Cooper's Hawk Winery and Restaurant","3585 NW 83rd Ave","Doral, FL 33122","American/International","$$-$$$","4.7/5 Google","4470","N/A","Provident Resorts","Doral"
"Divieto Ristorante - Doral","10650 NW 41st St","Doral, FL 33178","Italian","$$-$$$","4.7/5 Google","696","N/A","Tripadvisor","Doral"
"Dragonfly Izakaya & Fish Market","5241 NW 87th Ave","Doral, FL 33178","Japanese","$$-$$$","4.6/5 Google","2536","N/A","Provident Resorts","Doral"
"El Porton de La Flaca","1460 NW 107th Ave, Suite B","Doral, FL 33172","Colombian","$$","4.7/5 Google","177","N/A","Provident Resorts/Yelp","Doral"
"Famous Dave's BBQ (Doral)","8210 NW 36th St","Miami (Doral), FL 33166","BBQ","$$","4.4/5 Google","5110","N/A","Tripadvisor","Doral"
"MNB Kitchen","2685 NW 105th Ave","Miami (Doral), FL 33172","Steakhouse","$$$","N/A","N/A","N/A","Provident Resorts","Doral"
"Shoma Bazaar","9420 NW 41st St","Doral, FL 33178","Food Hall (multi-cuisine)","$$","N/A","N/A","N/A","Provident Resorts","Doral"
"Sushi Joe","9557 NW 41st St","Doral, FL 33178","Japanese/Sushi","$$","4.6/5 Google","190","N/A","Provident Resorts","Doral"
"The Fatty Crab","2000 NW 87th Ave, Suite 7","Doral, FL 33172","Cajun Seafood","$$","4.6/5 Google","4921","N/A","Provident Resorts","Doral"
"Mordisco Miami","N/A","Doral, FL","Venezuelan/Caribbean","$$-$$$","4.8/5 Google","632","N/A","Tripadvisor","Doral"
"La Tremenda Spanish Cuisine","N/A","Doral, FL","Spanish/Mediterranean","$$$$","4.7/5 Google","1993","N/A","Tripadvisor","Doral"
"Chabella Miami Mexican Fusion","N/A","Doral, FL","Mexican Fusion","$$-$$$","4.8/5 Tripadvisor","307+ reviews","N/A","Tripadvisor","Doral"
"Francisca Charcoal Chicken & Meats (Doral)","N/A","Doral, FL","Venezuelan/Latin","$$$$","4.9/5 Google","29034","N/A","Tripadvisor","Doral"
"Keik Restaurant (Doral)","N/A","Doral, FL","American","$$-$$$","4.9/5 Tripadvisor","60+ reviews","N/A","Tripadvisor","Doral"
"Taikin Asian Cuisine","N/A","Doral, FL","Japanese/Asian Fusion","$$-$$$","4.9/5 Google","16001","N/A","Tripadvisor","Doral"
"Doral Steakhouse","N/A","Doral, FL","Steakhouse","$$$$","4.7/5 Google","4260","N/A","Tripadvisor","Doral"
"Pisco y Nazca Ceviche Gastrobar (Doral)","N/A","Doral, FL","Peruvian","$$-$$$","4.9/5 Google","21598","N/A","Tripadvisor","Doral"
"Blue Matisse","N/A","Doral, FL","Latin","N/A","4.8/5 Google","1599","N/A","Tripadvisor","Doral"
"Bocas House (Doral)","N/A","Doral, FL","Peruvian","$$","4.8/5 Google","16811","N/A","Tripadvisor/Yelp","Doral"
"Baires Grill (Doral)","N/A","Doral, FL","Argentinian Steakhouse","$$-$$$","4.7/5 Google","330","N/A","Web search","Doral"
"Bombay Darbar (Doral)","N/A","Doral, FL","Indian","$$-$$$","4.9/5 Google","368","N/A","Web search (Michelin Recommended)","Doral"
"City Food Hall Doral","N/A","Doral, FL","Food Hall (multi-cuisine)","$$","4.2/5 Google","438","N/A","Web search","Doral"
"The Doral Yard","N/A","Doral, FL","Food Hall (multi-cuisine)","$$","4.6/5 Google","2715","N/A","Web search","Doral"
"Kuba Cabana","N/A","Doral (CityPlace Doral), FL","Cuban","$$-$$$","4.1/5 Google","596","N/A","Web search","Doral"
"Tap 42 - Doral","N/A","Doral, FL","American/Bar","$$","N/A","N/A","N/A","Web search","Doral"
"Copper Blues Rock Pub & Kitchen","N/A","Doral, FL","American","$$","N/A","N/A","N/A","Web search","Doral"
"SuViche (Doral)","N/A","Doral (CityPlace Doral), FL","Sushi/Ceviche","$$-$$$","4.6/5 Google","3925","N/A","Web search","Doral"
"Gyu-Kaku Japanese BBQ (Doral)","N/A","Doral, FL","Japanese BBQ","$$-$$$","N/A","N/A","N/A","Web search","Doral"
"Icebox Cafe (Doral)","N/A","Doral (CityPlace Doral), FL","American","$$","N/A","N/A","N/A","Web search","Doral"
"Novecento (Doral)","N/A","Doral (CityPlace Doral), FL","Argentinian Bistro","$$-$$$","4.7/5 Google","6639","N/A","Web search","Doral"
"Altamura Trattoria","N/A","Doral (Midtown Doral), FL","Italian","$$-$$$","4.8/5 Google","122","N/A","Web search","Doral"
"Lucca Trattoria Doral","N/A","Doral, FL","Italian","$$-$$$","N/A","N/A","N/A","Web search","Doral"
"FINKA Table & Tap","N/A","Doral, FL","American/Farm-to-Table","$$","N/A","N/A","N/A","Yelp","Doral"
"Barra Vieja","N/A","Doral, FL","Latin","$$","4.3/5 Google","81","N/A","Yelp","Doral"
"Fuegos del Sur (Doral)","N/A","Doral, FL","Argentinian","$$-$$$","4.6/5 Google","570","N/A","Yelp","Doral"
"Ohana Sushi","N/A","Doral, FL","Japanese","$$","4.5/5 Google","246","N/A","Yelp","Doral"
"First Watch (Doral)","N/A","Doral, FL","American Breakfast/Brunch","$$","4.3/5 Google","305","N/A","Yelp","Doral"
"Pal Perrero","N/A","Doral, FL","Latin","$","N/A","N/A","N/A","Yelp","Doral"
"Chifa Du Kang Peruvian Chinese Restaurant","N/A","Doral, FL","Peruvian-Chinese","$$","4.9/5 Google","3015","N/A","Yelp","Doral"
"Il Lago Trattoria","N/A","Doral, FL","Italian","$$$","5.0/5 Google","1597","N/A","Web search","Doral"
"Latin Cafe 2000","875 NW 42nd Ave","Miami (MIA Airport area), FL","Cuban","$","4.4/5 Google","750","(305) 642-4700","Burger Beast","MIA Airport Area"
"Bored Cuban","831 NW 42nd Ave","Miami (MIA Airport area), FL","Latin","$","4.4/5 Google","159","(305) 642-0323","Burger Beast","MIA Airport Area"
"Catch of the Day","1050 NW 42nd Ave","Miami (MIA Airport area), FL","Seafood","$$","4.4/5 Google","704","(305) 446-4500","Burger Beast","MIA Airport Area"
"Chef Creole Seasoned Restaurant (MIA)","N/A","Miami (MIA Airport area), FL","Caribbean Seafood","$$","4.6/5 Google","706","N/A","Web search","MIA Airport Area"
"Old's Havana Cuban Bar & Cocina (MIA Terminal)","N/A","Miami International Airport, FL","Cuban","$$","N/A","N/A","N/A","Web search","MIA Airport Area"
"Corona Beach House (MIA Terminal)","N/A","Miami International Airport, FL","American/Burgers","$$","4.7/5 Google","760","N/A","Web search","MIA Airport Area"
"Good Chef Restaurant","N/A","Sweetwater, FL","Asian (Thai/Korean fusion)","$$","4.8/5 Google","696","N/A","Yelp","Sweetwater"
"SOI Thai Street Food","N/A","Sweetwater, FL","Thai","$$","N/A","N/A","N/A","Yelp","Sweetwater"
"Tacos & Cantina La Potranca","N/A","Sweetwater, FL","Mexican","$$","4.6/5 Google","108","N/A","Yelp","Sweetwater"
"Madrono Restaurant","N/A","Sweetwater, FL","Latin","$$","N/A","N/A","N/A","Yelp","Sweetwater"
"Sahara Grill","N/A","Sweetwater, FL","Middle Eastern","$$","N/A","N/A","N/A","Yelp","Sweetwater"
"Sabor A Colombia","N/A","Sweetwater, FL","Colombian","$$","N/A","N/A","N/A","Yelp","Sweetwater"
"Sufrat Mediterranean Grill (Sweetwater)","N/A","Sweetwater, FL","Mediterranean","$$","N/A","N/A","N/A","Yelp","Sweetwater"
"Dulce Tropical Restaurant & Cafe","N/A","North Miami, FL","Latin/Venezuelan","$$-$$$","4.7/5 Google","223","N/A","Tripadvisor","North Miami"
"Little Havana Restaurant (North Miami)","N/A","North Miami, FL","Caribbean/Latin","$$-$$$","4.4/5 Google","499","N/A","Tripadvisor","North Miami"
"Casa Mia Trattoria","N/A","North Miami, FL","Italian/Tuscan","$$-$$$","4.6/5 Google","271","N/A","Tripadvisor","North Miami"
"Flanigan's Seafood Bar & Grill (North Miami)","N/A","North Miami, FL","American/Seafood","$$-$$$","4.1/5 Google","632","N/A","Tripadvisor","North Miami"
"Ricky Thai Bistro","N/A","North Miami, FL","Thai","$$-$$$","4.8/5 Google","335","N/A","Tripadvisor","North Miami"
"Emma & Lorenzo Trattoria","N/A","North Miami, FL","Italian","$$-$$$","4.6/5 Google","173","N/A","Tripadvisor","North Miami"
"Sapori Miami","N/A","North Miami, FL","Italian/Cafe","$$-$$$","4.3/5 Google","327","N/A","Tripadvisor","North Miami"
"Three Palms Cuban Cafe","N/A","North Miami, FL","Cuban/Latin","$","4.1/5 Google","374","N/A","Tripadvisor","North Miami"
"Captain Jim's Seafood Market & Restaurant","N/A","North Miami, FL","Seafood/American","$$-$$$","4.4/5 Google","317","N/A","Tripadvisor","North Miami"
"Ristorante Portovino","N/A","North Miami, FL","Italian","$$-$$$","4.4/5 Google","103","N/A","Tripadvisor","North Miami"
"Lo de Lea Argentinian Grill","N/A","North Miami, FL","Argentinean/Latin","$$-$$$","4.8/5 Google","449","N/A","Tripadvisor","North Miami"
"Arigatai","N/A","North Miami, FL","Japanese/Seafood","$$-$$$","4.8/5 Google","612","N/A","Tripadvisor","North Miami"
"Mimmos Mozzarella","N/A","North Miami, FL","Italian/Cafe","$$-$$$","4.9/5 Google","198","N/A","Tripadvisor","North Miami"
"Edan Bistro","N/A","North Miami, FL","Cafe/Spanish","$$-$$$","4.5/5 Google","349","N/A","Tripadvisor","North Miami"
"Oishi Thai","N/A","North Miami, FL","Thai/Sushi","$$-$$$","4.4/5 Tripadvisor","121 reviews","N/A","Tripadvisor","North Miami"
"Piccolo Pizza & More","N/A","North Miami, FL","Italian/Pizza","$","4.6/5 Google","148","N/A","Tripadvisor","North Miami"
"Alexander Greek Taverna","N/A","North Miami, FL","Greek/Mediterranean","$$-$$$","3.9/5 Google","147","N/A","Tripadvisor","North Miami"
"Perl","N/A","North Miami, FL","Mediterranean/Japanese Fusion","$$$","4.6/5 Google","361","N/A","WebSearch","North Miami"
"Mutra","2188 NE 123rd St","North Miami, FL","Israeli/Middle Eastern (Michelin Star 2026)","$$$$","4.5/5 Google","124","N/A","Michelin Guide/Wikipedia","North Miami"
"Topkapi","14652 Biscayne Blvd","North Miami, FL 33181","Turkish","$$-$$$","N/A","N/A","N/A","The Infatuation","North Miami"
"Farofa Taste Of Brazil","14691 Biscayne Blvd","North Miami, FL 33181","Brazilian","$$-$$$","4.2/5 Google","303","N/A","The Infatuation","North Miami"
"Basilic Vietnamese Grill","14734 Biscayne Blvd","North Miami, FL 33181","Vietnamese","$$-$$$","4.4/5 Google","786 reviews","N/A","Wanderlog/The Infatuation","North Miami"
"Reunion Ktchn Bar (Aventura)","18167 Biscayne Blvd","Aventura, FL 33160","American/Bar","$$-$$$","4.7/5 Google","2,414 reviews","N/A","Wanderlog","Aventura"
"CVI.CHE 105 (Aventura)","19565 Biscayne Blvd #954","Aventura, FL 33180","Peruvian","$$-$$$","5.0/5 Google","3422","N/A","Tripadvisor","Aventura"
"Gala","N/A","Aventura, FL","American/Latin","$$-$$$","4.9/5 Tripadvisor","159 reviews","N/A","Tripadvisor","Aventura"
"The Green Pointe Restaurant","N/A","Aventura, FL","Italian/Steakhouse","$$-$$$","4.8/5 Google","508","N/A","Tripadvisor","Aventura"
"Pollos & Jarras (Aventura)","N/A","Aventura, FL","Peruvian/Latin","$$-$$$","4.9/5 Google","1318","N/A","Tripadvisor","Aventura"
"Bourbon Steak Miami","19999 W Country Club Dr","Aventura, FL 33180","Steakhouse/Seafood","$$$$","4.4/5 Google","1,149 reviews","N/A","Wanderlog","Aventura"
"Sicilian Oven (Aventura)","N/A","Aventura, FL","Pizza/Italian","$$-$$$","4.2/5 Google","411","N/A","Tripadvisor","Aventura"
"Divieto Ristorante (Aventura)","19575 Biscayne Blvd Suite 375","Aventura, FL 33180","Italian","$$-$$$","4.7/5 Google","2,752 reviews","N/A","Wanderlog","Aventura"
"PANI","N/A","Aventura, FL","Argentinean/South American","$$-$$$","4.7/5 Tripadvisor","135 reviews","N/A","Tripadvisor","Aventura"
"CORSAIR kitchen & bar","N/A","Aventura, FL","American/Bar","$$-$$$","3.6/5 Google","298","N/A","Tripadvisor","Aventura"
"Blind Tiger Experience","N/A","Aventura, FL","Japanese/Sushi","$$-$$$","4.7/5 Google","399","N/A","Tripadvisor","Aventura"
"Bella Luna","N/A","Aventura, FL","Contemporary/Italian","$$-$$$","4.0/5 Tripadvisor","826 reviews","N/A","Tripadvisor","Aventura"
"Soho Asian Bar & Grill","N/A","Aventura, FL","Asian","$$-$$$","4.6/5 Google","714","N/A","Tripadvisor","Aventura"
"Novecento (Aventura)","N/A","Aventura, FL","Italian/Steakhouse","$$-$$$","4.6/5 Google","878","N/A","Tripadvisor","Aventura"
"La Boulangerie Boul'Mich (Aventura)","N/A","Aventura, FL","French/Latin","$$-$$$","4.8/5 Google","729","N/A","Tripadvisor","Aventura"
"Serafina Miami","N/A","Aventura, FL","Italian/Pizza","$$-$$$","4.2/5 Google","667","N/A","Tripadvisor","Aventura"
"Casa D'Angelo Ristorante (Aventura)","2906 NE 207th St","Aventura, FL 33180","Italian","$$$$","4.4/5 Google","725 reviews","N/A","Wanderlog","Aventura"
"Motek Aventura","19565 Biscayne Blvd #946","Aventura, FL 33180","Mediterranean/Middle Eastern","$$$$","4.7/5 Google","5,334 reviews","N/A","Wanderlog","Aventura"
"Pubbelly Sushi (Aventura)","19565 Biscayne Blvd Ste 936","Aventura, FL 33180","Sushi/Asian Fusion","$$-$$$","4.6/5 Google","2,637 reviews","N/A","Wanderlog","Aventura"
"Bulla Gastrobar Aventura","N/A","Aventura, FL","Spanish/Gastropub","$$-$$$","4.7/5 Tripadvisor","9 reviews","N/A","Tripadvisor","Aventura"
"Padrino's Cuban Restaurant (Aventura)","N/A","Aventura, FL","Cuban","$$-$$$","4.4/5 Tripadvisor","965 reviews","N/A","Tripadvisor","Aventura"
"Paquito's Mexican Restaurant","N/A","Aventura, FL","Mexican/Latin","$$-$$$","4.0/5 Tripadvisor","203 reviews","N/A","Tripadvisor","Aventura"
"Avila Bistro","N/A","Aventura, FL","Venezuelan/Latin","$","4.6/5 Google","257","N/A","Tripadvisor","Aventura"
"bartaco (Aventura)","2906 NE 207th St Ste 104","Aventura, FL 33180","Mexican","$$-$$$","4.6/5 Google","1,827 reviews","N/A","Wanderlog","Aventura"
"Toku Miami","19575 Biscayne Blvd Suite 1109","Aventura, FL 33180","Asian Fusion","$$-$$$","4.2/5 Google","569 reviews","N/A","Wanderlog","Aventura"
"Barrio Latino Restaurant","20475 Biscayne Blvd G13","Aventura, FL 33180","Latin American","$$-$$$","4.4/5 Google","1,919 reviews","N/A","Wanderlog","Aventura"
"Tap 42 Craft Kitchen & Bar (Aventura)","19565 Biscayne Blvd Suite #1960","Aventura, FL 33180","American/Bar & Grill","$$-$$$","4.2/5 Google","2,581 reviews","N/A","Wanderlog","Aventura"
"Jarana Aventura","19505 Biscayne Blvd Ste 5150","Aventura, FL 33180","Peruvian","$$-$$$","4.5/5 Google","767 reviews","N/A","Wanderlog","Aventura"
"Jrk!","19565 Biscayne Blvd","Aventura, FL 33180","Jamaican/Caribbean","$$-$$$","4.6/5 Google","761 reviews","N/A","Wanderlog","Aventura"
"JOEY Aventura","19505 Biscayne Blvd Suite 1150","Aventura, FL 33180","Contemporary Casual/American","$$-$$$","N/A","N/A","N/A","WebSearch/JOEY Restaurants","Aventura"
"La Cabrera (Aventura)","N/A","Aventura, FL","Argentine Steakhouse","$$$","N/A","N/A","N/A","WebSearch","Aventura"
"Old Lisbon (Aventura)","N/A","Aventura, FL","Portuguese","$$-$$$","4.8/5 Google","140","N/A","WebSearch","Aventura"
"Le Vida","N/A","Aventura, FL","N/A","N/A","N/A","N/A","N/A","WebSearch","Aventura"
"Rick's Steakhouse & Lounge","N/A","Aventura, FL","Steakhouse","$$$","N/A","N/A","N/A","WebSearch","Aventura"
"Gaby by Call Me Gaby (Aventura)","N/A","Aventura, FL","N/A","N/A","4.1/5 Google","205","N/A","WebSearch","Aventura"
"BALEENkitchen (Aventura)","N/A","Aventura, FL","Contemporary (Michelin listed)","$$$","N/A","N/A","N/A","Michelin Guide","Aventura"
"Padrino's Cuban Restaurant (Hallandale)","2500 E Hallandale Beach Blvd","Hallandale Beach, FL 33009","Cuban","$$-$$$","4.5/5 Google","3,617 reviews","N/A","Wanderlog","Hallandale Beach"
"Flanigan's Seafood Bar and Grill (Hallandale)","4 N Federal Hwy","Hallandale Beach, FL 33009","American/Seafood","$$-$$$","4.4/5 Google","7,719 reviews","N/A","Wanderlog","Hallandale Beach"
"Argo Restaurant","N/A","Hallandale Beach, FL","Grill/Eastern European","$$-$$$","4.2/5 Google","528","N/A","Tripadvisor","Hallandale Beach"
"Juniper On The Water (Hallandale)","N/A","Hallandale Beach, FL","Seafood/Mediterranean","$$-$$$","4.1/5 Tripadvisor","444 reviews","N/A","Tripadvisor","Hallandale Beach"
"Yard House (Hallandale)","N/A","Hallandale Beach, FL","American/Bar","$$-$$$","4.3/5 Google","515","N/A","Tripadvisor","Hallandale Beach"
"Mia Oceanfront","N/A","Hallandale Beach, FL","Japanese/Seafood","$$$$","4.4/5 Google","493","N/A","Tripadvisor","Hallandale Beach"
"Piola Hallandale","1703 E Hallandale Beach Blvd","Hallandale Beach, FL 33009","Italian/Pizza","$$-$$$","4.5/5 Google","3,779 reviews","N/A","Wanderlog","Hallandale Beach"
"7 Spices Mediterranean Restaurant & Cafe","N/A","Hallandale Beach, FL","Middle Eastern","$$-$$$","5.0/5 Tripadvisor","3 reviews","N/A","Tripadvisor","Hallandale Beach"
"IL Mercato Cafe & Wine Bar","1454 E Hallandale Beach Blvd","Hallandale Beach, FL 33009","Italian/Mediterranean","$$-$$$","4.3/5 Google","230 reviews","N/A","Wanderlog","Hallandale Beach"
"Texas de Brazil (Hallandale)","N/A","Hallandale Beach, FL","Steakhouse/Brazilian","$$$$","4.0/5 Google","786","N/A","Tripadvisor","Hallandale Beach"
"Doggi's Arepa Bar","801 N Federal Hwy","Hallandale Beach, FL 33009","Venezuelan","$$-$$$","4.8/5 Google","8,862 reviews","N/A","Wanderlog","Hallandale Beach"
"ETARU Restaurant","111 S Surf Rd","Hallandale Beach, FL 33009","Japanese/Sushi","$$-$$$","4.0/5 Google","1,533 reviews","N/A","Wanderlog","Hallandale Beach"
"Tatiana Club & Restaurant","N/A","Hallandale Beach, FL","International/European","$$$$","3.5/5 Tripadvisor","170 reviews","N/A","Tripadvisor","Hallandale Beach"
"Icebox Cafe (Hallandale)","N/A","Hallandale Beach, FL","American","$$-$$$","4.5/5 Tripadvisor","65 reviews","N/A","Tripadvisor","Hallandale Beach"
"Pastinos Pastas&vinos","N/A","Hallandale Beach, FL","Italian/Mediterranean","$$-$$$","4.9/5 Google","352","N/A","Tripadvisor","Hallandale Beach"
"Eddie Hill's Restaurant","N/A","Hallandale Beach, FL","Japanese/American","$$-$$$","4.1/5 Google","328","N/A","Tripadvisor","Hallandale Beach"
"El Tayta Peruvian Restaurant","1721 E Hallandale Beach Blvd","Hallandale Beach, FL 33009","Peruvian","$$-$$$","4.3/5 Google","1,774 reviews","N/A","Wanderlog","Hallandale Beach"
"El Tamarindo Coal Fired Pizza","712 Atlantic Shores Blvd","Hallandale Beach, FL 33009","Italian/Pizza","$$-$$$","4.4/5 Google","1,069 reviews","N/A","Wanderlog","Hallandale Beach"
"See Thai And Japanese Cuisine","1111 E Hallandale Beach Blvd","Hallandale Beach, FL 33009","Thai/Japanese","$$-$$$","4.5/5 Google","706 reviews","N/A","Wanderlog","Hallandale Beach"
"Chapultepec Mexican Bar & Restaurant","23 NW 2nd Ave","Hallandale Beach, FL 33009","Mexican","$$-$$$","4.0/5 Google","2,226 reviews","N/A","Wanderlog","Hallandale Beach"
"Marash Turkish Cuisine","710 W Hallandale Beach Blvd Ste 105","Hallandale Beach, FL 33009","Turkish/Mediterranean","$$-$$$","4.8/5 Google","2,836 reviews","N/A","Wanderlog","Hallandale Beach"
"Upper Deck Ale and Sports Grille","906 E Hallandale Beach Blvd","Hallandale Beach, FL 33009","American/Sports Bar","$$-$$$","4.5/5 Google","6,347 reviews","N/A","Wanderlog","Hallandale Beach"
"Matteo's of Hallandale","1825 E Hallandale Beach Blvd","Hallandale Beach, FL 33009","Italian","$$-$$$","3.9/5 Google","986 reviews","N/A","Wanderlog","Hallandale Beach"
"Las Vegas Cuban Cuisine (Hallandale)","1727 E Hallandale Beach Blvd","Hallandale Beach, FL 33009","Cuban/Caribbean","$$-$$$","4.5/5 Google","1,703 reviews","N/A","Wanderlog","Hallandale Beach"
"Dr. Limon Ceviche Bar","801 N Federal Hwy #107","Hallandale Beach, FL 33009","Peruvian","$$-$$$","4.6/5 Google","1,708 reviews","N/A","Wanderlog","Hallandale Beach"
"Urban Thai & Sushi","N/A","Hallandale Beach, FL","Thai/Sushi","$$-$$$","4.7/5 Google","1,300 reviews","N/A","Wanderlog","Hallandale Beach"
"Patrizia's Waterfront","1975 S Ocean Dr","Hallandale Beach, FL 33009","Italian","$$$","5.0/5 Tripadvisor","16 reviews Yelp","954-613-8090","Tripadvisor/Yelp/OpenTable","Hallandale Beach"
"Terrazas at Lyfe","N/A","Hallandale Beach, FL","Italian/South American Rooftop","$$$","N/A","N/A","N/A","WebSearch","Hallandale Beach"
"The Mermaid Queen","N/A","Hallandale Beach, FL","N/A","N/A","N/A","N/A","N/A","WebSearch","Hallandale Beach"
"Acqua Bistro","N/A","Hallandale Beach, FL","N/A","N/A","N/A","N/A","N/A","WebSearch","Hallandale Beach"
"Cafe Landwer","N/A","Hallandale Beach, FL","Israeli/Mediterranean Cafe","$$","N/A","N/A","N/A","WebSearch","Hallandale Beach"
"Latitudes Restaurant","N/A","Hollywood, FL","American/Bar","$$-$$$","4.2/5 Tripadvisor","687 reviews","N/A","Tripadvisor","Hollywood"
"Diplomat Prime Steak & Seafood","3555 S Ocean Dr","Hollywood, FL 33019","Steakhouse/Seafood","$$$$","4.5/5 Google","466 reviews","N/A","Wanderlog","Hollywood"
"GG's Waterfront","606 N Ocean Dr","Hollywood, FL 33019","American/Seafood/Steakhouse","$$$$","4.4/5 Google","6,137 reviews","N/A","Wanderlog","Hollywood"
"Taco Beach Shack","334 Arizona St","Hollywood, FL 33019","Mexican","$","4.7/5 Google","13,684 reviews","N/A","Wanderlog","Hollywood"
"Billy's Stone Crab","400 N Ocean Dr","Hollywood, FL 33019","Seafood/Fine Dining","$$$$","4.5/5 Google","4,784 reviews","N/A","Wanderlog","Hollywood"
"Playa Beach Bar & Grill","N/A","Hollywood, FL","Mexican/American","$$-$$$","4.6/5 Tripadvisor","154 reviews","N/A","Tripadvisor","Hollywood"
"Señor Frog's Hollywood Beach","N/A","Hollywood, FL","Mexican/Bar","$$-$$$","4.8/5 Google","165","N/A","Tripadvisor","Hollywood"
"Tiki Tiki","N/A","Hollywood, FL","American/Bar","$$-$$$","4.5/5 Google","572","N/A","Tripadvisor","Hollywood"
"Nick's Bar & Grill","N/A","Hollywood, FL","American/Bar","$$-$$$","4.0/5 Tripadvisor","1,228 reviews","N/A","Tripadvisor","Hollywood"
"Margaritaville Restaurant","N/A","Hollywood, FL","American/Caribbean","$$-$$$","3.9/5 Tripadvisor","948 reviews","N/A","Tripadvisor","Hollywood"
"Kuro (Hollywood)","1 Seminole Way","Hollywood, FL 33314","Japanese/Sushi","$$$$","4.5/5 Google","1,488 reviews","N/A","Wanderlog","Hollywood"
"JWB Prime Steak and Seafood","1111 N Ocean Dr","Hollywood, FL 33019","Fine Dining/Steakhouse/Seafood","$$$$","4.4/5 Google","659 reviews","N/A","Wanderlog","Hollywood"
"LandShark Bar & Grill","1111 N Ocean Dr","Hollywood, FL 33019","Seafood/Bar & Grill","$$-$$$","4.2/5 Google","1,861 reviews","N/A","Wanderlog","Hollywood"
"Moonlite Diner","N/A","Hollywood, FL","American/Diner","$","4.1/5 Tripadvisor","605 reviews","N/A","Tripadvisor","Hollywood"
"C.L.A.S.S. Soiree Steakhouse","N/A","Hollywood, FL","Steakhouse","$$$$","4.7/5 Google","479","N/A","Tripadvisor","Hollywood"
"Le Tub","1100 N Ocean Dr","Hollywood, FL 33019","American/Bar/Seafood","$$-$$$","4.2/5 Google","5,604 reviews","N/A","Wanderlog","Hollywood"
"Taverna Opa (Hollywood)","N/A","Hollywood, FL","Greek/Mediterranean/Seafood","$$-$$$","4.1/5 Google","963","N/A","Tripadvisor","Hollywood"
"Hard Rock Cafe","1 Seminole Way","Hollywood, FL 33314","American","$$-$$$","4.5/5 Google","5,933 reviews","N/A","Wanderlog","Hollywood"
"Las Vegas Cuban Cuisine (Hollywood)","N/A","Hollywood, FL","Cuban/Caribbean","$$-$$$","4.8/5 Google","474","N/A","Tripadvisor","Hollywood"
"The Tipsy Boar","1906 Harrison St","Hollywood, FL 33020","Gastropub","$$-$$$","4.5/5 Google","2,272 reviews","N/A","Wanderlog","Hollywood"
"Krakatoa Indonesian Cuisine","1910B Hollywood Blvd","Hollywood, FL 33020","Indonesian","$$-$$$","4.8/5 Google","965 reviews","N/A","Wanderlog","Hollywood"
"Villa Romana (Hollywood)","1909 Hollywood Blvd","Hollywood, FL 33020","Italian/Romanian","$$-$$$","4.7/5 Google","1,227 reviews","N/A","Wanderlog","Hollywood"
"Jack's Hollywood Diner","1031 N Federal Hwy","Hollywood, FL 33020","American Diner","$","4.4/5 Google","3,419 reviews","N/A","Wanderlog","Hollywood"
"Florio's of Little Italy","N/A","Hollywood, FL","Italian/Pizza","$$-$$$","4.2/5 Google","2,757 reviews","N/A","Wanderlog","Hollywood"
"Thanks To Harrison","N/A","Hollywood, FL","Italian/French (Michelin listed)","$$-$$$","4.8/5 Google","355","N/A","Tripadvisor/Michelin Guide","Hollywood"
"Taft Street Cafe","N/A","Hollywood, FL","American/Cafe","$","4.6/5 Google","209","N/A","Tripadvisor","Hollywood"
"The Taco Joint","N/A","Hollywood, FL","Mexican/Southwestern","$$-$$$","4.1/5 Google","473","N/A","Tripadvisor","Hollywood"
"Ovivi's Restaurant","N/A","Hollywood, FL","Bar/Pub","$$$$","4.8/5 Google","257","N/A","Tripadvisor","Hollywood"
"Kussifay Argentine Pizza & Grill","N/A","Hollywood, FL","Argentine/Steakhouse","$$-$$$","4.5/5 Google","339","N/A","Tripadvisor","Hollywood"
"Viva Brazil","N/A","Hollywood, FL","Brazilian/Latin","$$-$$$","4.1/5 Google","202","N/A","Tripadvisor","Hollywood"
"Le Comptoir","N/A","Hollywood, FL","French/Seafood","$$-$$$","4.6/5 Tripadvisor","124 reviews","N/A","Tripadvisor","Hollywood"
"Mimi's Ravioli","5714 Johnson St","Hollywood, FL","Italian","$$-$$$","4.9/5 Tripadvisor","29 reviews","N/A","Tripadvisor/Infatuation","Hollywood"
"GO Bistro","N/A","Hollywood, FL","Japanese/Sushi","$$-$$$","4.5/5 Google","590","N/A","Tripadvisor","Hollywood"
"Gioia Eat","N/A","Hollywood, FL","Italian/Pizza","$$-$$$","4.5/5 Tripadvisor","49 reviews","N/A","Tripadvisor","Hollywood"
"Sajna Indian Cuisine","N/A","Hollywood, FL","Indian","$$-$$$","4.7/5 Google","489","N/A","Tripadvisor","Hollywood"
"Istanbul Restaurant","N/A","Hollywood, FL","Turkish/Mediterranean","$$-$$$","3.9/5 Tripadvisor","168 reviews","N/A","Tripadvisor","Hollywood"
"Pupusatime","5958 Johnson St","Hollywood, FL","Salvadoran","$$","4.7/5 Google","170","N/A","The Infatuation","Hollywood"
"Bok Bok Baby Buriram","2051 Hollywood Blvd","Hollywood, FL","Thai","$$","N/A","N/A","N/A","The Infatuation","Hollywood"
"El Meneo Restaurant & Lounge","5701 Johnson St","Hollywood, FL","Guatemalan","$$","N/A","N/A","N/A","The Infatuation","Hollywood"
"Ceviche Dozo","5715A Hollywood Blvd","Hollywood, FL","Japanese/Nikkei/Peruvian","$$","4.6/5 Google","159","N/A","The Infatuation","Hollywood"
"Don Rodone","N/A","Hollywood, FL","Peruvian","$$","3.9/5 Google","268","N/A","The Infatuation","Hollywood"
"Sardelli's Italian Steakhouse","331 Van Buren St","Hollywood, FL 33019","Italian Steakhouse","$$$$","4.2/5 Google","332","N/A","Yelp/OpenTable","Hollywood"
"Carmela's Italian Ristorante","1910 Harrison St","Hollywood, FL 33020","Italian","$$$","4.3/5 Google","193","N/A","Miami New Times","Hollywood"
"Heritage (Hollywood)","N/A","Hollywood, FL","Fine Dining (Michelin listed)","$$$$","4.7/5 Google","375","N/A","Michelin Guide","Hollywood"
"Tommy Bahama Marlin Bar & Store","150 N Pointe Dr","Dania Beach, FL 33004","American/Bar","$$-$$$","4.8/5 Google","581","N/A","Tripadvisor","Dania Beach"
"Cucina Dania Beach","N/A","Dania Beach, FL","Italian/Pizza","$$-$$$","4.7/5 Google","682","N/A","Tripadvisor","Dania Beach"
"3 Sons Brewing","N/A","Dania Beach, FL","American/Brew Pub","$$-$$$","4.7/5 Google","356","N/A","Tripadvisor","Dania Beach"
"Firebirds Wood Fired Grill","110 N Pointe Dr","Dania Beach, FL 33004","American/Steakhouse","$$-$$$","4.4/5 Google","3,162 reviews","N/A","Wanderlog","Dania Beach"
"The Fish Grill","75 N Federal Hwy","Dania Beach, FL 33004","Seafood/American","$$-$$$","4.4/5 Google","2,163 reviews","N/A","Wanderlog","Dania Beach"
"Little Cuban Cafe Restaurant","N/A","Dania Beach, FL","Cuban/Latin","$","4.8/5 Tripadvisor","102 reviews","N/A","Tripadvisor","Dania Beach"
"Tarks Of Dania Beach","1317 S Federal Hwy","Dania Beach, FL 33004","Seafood","$","4.3/5 Google","3,553 reviews","N/A","Wanderlog","Dania Beach"
"Robert's Restaurant","N/A","Dania Beach, FL","American/Diner","$$-$$$","4.4/5 Google","365","N/A","Tripadvisor","Dania Beach"
"Islamorada Fish Company","220 Gulf Stream Way","Dania Beach, FL 33004","Seafood","$$-$$$","4.2/5 Google","3,416 reviews","N/A","Wanderlog","Dania Beach"
"Rodizio Grill Brazilian Steakhouse","1817 Pointe Blvd Building J","Dania Beach, FL 33004","Brazilian Steakhouse","$$-$$$","4.7/5 Google","6,506 reviews","N/A","Wanderlog","Dania Beach"
"Quarterdeck Restaurant + Sports Bar","300 N Beach Rd","Dania Beach, FL 33004","American/Seafood/Bar","$$-$$$","4.3/5 Google","5,516 reviews","N/A","Wanderlog","Dania Beach"
"Padrino's Cuban Restaurant (Dania Beach)","N/A","Dania Beach, FL","Cuban/Latin","$$-$$$","4.5/5 Google","580","N/A","Tripadvisor","Dania Beach"
"Tuscany Caffe","N/A","Dania Beach, FL","Italian/Tuscan","$$-$$$","4.5/5 Google","215","N/A","Tripadvisor","Dania Beach"
"Mundi's Italian Restaurant","330 E Dania Beach Blvd","Dania Beach, FL 33004","Italian","$$-$$$","4.6/5 Google","526 reviews","N/A","Wanderlog","Dania Beach"
"Sirocco Mediterranean Restaurant & Lounge (Dania)","170 N Pointe Dr","Dania Beach, FL 33004","Lebanese/Mediterranean","$$-$$$","4.9/5 Google","284","(754) 837-3626","Yelp","Dania Beach"
"Elvis Italian Grille (Dania Beach)","N/A","Dania Beach, FL","Italian","$$-$$$","4.7/5 Google","115","N/A","WebSearch","Dania Beach"
"Lucky Fish","N/A","Dania Beach, FL","Seafood","$$-$$$","4.3/5 Google","200","N/A","WebSearch","Dania Beach"
"Houston's (North Miami Beach)","17355 Biscayne Blvd","North Miami Beach, FL 33160","American/Steakhouse","$$-$$$","4.3/5 Google","4,191 reviews","N/A","Wanderlog","North Miami Beach"
"Ginza Japanese Buffet","N/A","North Miami Beach, FL","Japanese/Seafood","$","4.2/5 Google","467","N/A","Tripadvisor","North Miami Beach"
"Mizumi Buffet & Sushi","N/A","North Miami Beach, FL","Japanese/Sushi","$$-$$$","4.4/5 Google","537","N/A","Tripadvisor","North Miami Beach"
"La Birra Bar (North Miami Beach)","N/A","North Miami Beach, FL","American/Brew Pub","$$-$$$","4.9/5 Google","2268","N/A","Tripadvisor","North Miami Beach"
"Duffy's Sports Grill (North Miami Beach)","N/A","North Miami Beach, FL","American/Bar","$$-$$$","4.6/5 Google","981","N/A","Tripadvisor","North Miami Beach"
"Tatore","14730 Biscayne Blvd","North Miami Beach, FL 33181","Italian","$$-$$$","4.5/5 Google","2,483 reviews","N/A","Wanderlog","North Miami Beach"
"Sea Grill Restaurant","3913 NE 163rd St","North Miami Beach, FL 33160","Greek/Seafood","$$$$","4.2/5 Google","484","N/A","Tripadvisor/Wanderlog","North Miami Beach"
"Lettuce & Tomato","17070 W Dixie Hwy","North Miami Beach, FL 33160","Gastropub/Fusion/Sushi","$$-$$$","4.5/5 Google","1,063 reviews","N/A","Wanderlog","North Miami Beach"
"Morton's The Steakhouse (North Miami Beach)","N/A","North Miami Beach, FL","Steakhouse/Seafood","$$$$","3.9/5 Tripadvisor","325 reviews","N/A","Tripadvisor","North Miami Beach"
"Blue Marlin Fish House","N/A","North Miami Beach, FL","American/Seafood","$$-$$$","4.8/5 Tripadvisor","5 reviews","N/A","Tripadvisor","North Miami Beach"
"First Watch (North Miami Beach)","N/A","North Miami Beach, FL","American/Breakfast","$$-$$$","3.8/5 Tripadvisor","60 reviews","N/A","Tripadvisor","North Miami Beach"
"Ceviche Inka Miami","N/A","North Miami Beach, FL","Peruvian","$$-$$$","4.7/5 Google","614","N/A","Tripadvisor","North Miami Beach"
"Kabobji","3055 NE 163rd St","North Miami Beach, FL 33160","Lebanese/Mediterranean","$$-$$$","4.5/5 Google","2,306 reviews","N/A","Wanderlog","North Miami Beach"
"Chef Creole Seasoned Restaurant (NMB)","N/A","North Miami Beach, FL","Caribbean/Seafood","$","4.4/5 Tripadvisor","16 reviews","N/A","Tripadvisor","North Miami Beach"
"PhoMi2Go","17010 W Dixie Hwy","North Miami Beach, FL 33160","Vietnamese","$","4.4/5 Google","744 reviews","N/A","Wanderlog","North Miami Beach"
"Barra Callao","17034 W Dixie Hwy","North Miami Beach, FL 33160","Peruvian","$$$$","5.0/5 Google","489","N/A","The Infatuation","North Miami Beach"
"King Palace Chinese BBQ","330 NE 167th St","North Miami Beach, FL 33162","Chinese/BBQ","$$-$$$","4.4/5 Google","1,031 reviews","N/A","Wanderlog","North Miami Beach"
"Korean Kitchen","1661 NE 163rd St","North Miami Beach, FL 33162","Korean","$$$$","4.3/5 Google","308","N/A","The Infatuation","North Miami Beach"
"Panya Thai Restaurant","520 NE 167th St","North Miami Beach, FL 33162","Thai","$$-$$$","4.5/5 Google","894 reviews","N/A","Wanderlog","North Miami Beach"
"Sichuan Fish","1242 NE 163rd St","North Miami Beach, FL 33162","Chinese","$$$$","4.0/5 Google","253","N/A","The Infatuation","North Miami Beach"
"Sim Sim Cafe","2995 NE 163rd St","North Miami Beach, FL 33160","Uzbek","$$-$$$","N/A","N/A","N/A","The Infatuation","North Miami Beach"
"Dumpling King","237 NE 167th St","North Miami Beach, FL 33162","Chinese","$$-$$$","4.3/5 Google","306","N/A","The Infatuation","North Miami Beach"
"Sang's Chinese Food & Dim Sum","1925 NE 163rd St","North Miami Beach, FL 33162","Chinese/Dim Sum","$$-$$$","4.0/5 Google","277","N/A","The Infatuation","North Miami Beach"
"Lique Miami Waterfront Restaurant","3957 NE 163rd St","North Miami Beach, FL 33160","Mediterranean/Sushi","$$-$$$","4.1/5 Google","1,605 reviews","N/A","Wanderlog","North Miami Beach"
"YAKKOSAN","3881 NE 163rd St","North Miami Beach, FL 33160","Japanese/Asian Fusion","$$-$$$","4.2/5 Google","1,001 reviews","N/A","Wanderlog","North Miami Beach"
"Merkado 31","1127 NE 163rd St","North Miami Beach, FL 33162","Peruvian","$$-$$$","4.7/5 Google","4,022 reviews","N/A","Wanderlog","North Miami Beach"
"Pepitos Burgers & Shakes","2590 NE 186th St","North Miami Beach, FL","Venezuelan/Burgers","$","4.5/5 Google","383 reviews","N/A","Wanderlog","North Miami Beach"
"Little Saigon (North Miami Beach)","16752 N Miami Ave","North Miami Beach, FL","Vietnamese","$$-$$$","3.9/5 Google","561 reviews","N/A","Wanderlog","North Miami Beach"
"Land n Sea Cajun Seafood","N/A (inside iFresh Asian Market)","North Miami Beach, FL","Seafood/Chinese BBQ","$$","N/A","N/A","N/A","WebSearch","North Miami Beach"
"YOLO","333 E Las Olas Blvd","Fort Lauderdale, FL 33301","New American","$$$","4.5/5 Google","5033","(954) 523-1000","Yelp","Fort Lauderdale"
"Timpano Las Olas","450 E Las Olas Blvd","Fort Lauderdale, FL 33301","Italian","$$$","4.4/5 Google","1464","N/A","Yelp","Fort Lauderdale"
"Louie Bossi's Ristorante Bar Pizzeria","Las Olas Blvd","Fort Lauderdale, FL 33301","Italian","$$$","4.1/5 Google","1928","N/A","Tripadvisor","Fort Lauderdale"
"Rocco's Tacos & Tequila Bar (Fort Lauderdale)","Las Olas Blvd","Fort Lauderdale, FL 33301","Mexican","$$","4.5/5 Google","9854","N/A","Tripadvisor","Fort Lauderdale"
"Sixty Vines - Las Olas","800 E Las Olas Blvd","Fort Lauderdale, FL 33301","American/Wine Bar","$$$","4.7/5 Google","907","N/A","Yelp","Fort Lauderdale"
"Catch & Cut","1309 E Las Olas Blvd","Fort Lauderdale, FL 33301","Steakhouse/Seafood","$$$$","4.7/5 Google","104","N/A","Fodor's/Tripadvisor","Fort Lauderdale"
"El Camino Fort Lauderdale","Las Olas Blvd","Fort Lauderdale, FL 33301","Mexican","$$","4.5/5 Google","6764","N/A","Tripadvisor","Fort Lauderdale"
"Tommy Bahama Marlin Bar & Store (Fort Lauderdale)","Las Olas Blvd","Fort Lauderdale, FL 33301","American","$$$","4.8/5 Google","1606","N/A","Tripadvisor","Fort Lauderdale"
"Chima Brazilian Steakhouse","2400 E Las Olas Blvd","Fort Lauderdale, FL 33301","Brazilian Steakhouse","$$$$","4.7/5 Google","7184","(954) 712-0580","Yelp","Fort Lauderdale"
"Cuba Libre Restaurant & Rum Bar","340 SE 8th Ave","Fort Lauderdale, FL 33301","Cuban","$$$","4.1/5 Google","1191","N/A","Search","Fort Lauderdale"
"The Floridian","1410 E Las Olas Blvd","Fort Lauderdale, FL 33301","American Diner","$$","3.8/5 Tripadvisor","679 reviews","N/A","Tripadvisor/Fodor's","Fort Lauderdale"
"Big City Tavern","609 E Las Olas Blvd","Fort Lauderdale, FL 33301","Modern American/Seafood","$$$","4.1/5 Google","667","N/A","Tripadvisor/Fodor's","Fort Lauderdale"
"Preston's Wine and Martini Lounge","Las Olas Blvd","Fort Lauderdale, FL 33301","American Bar","$$$","4.9/5 Google","87","N/A","Tripadvisor","Fort Lauderdale"
"Caffe Europa","Las Olas Blvd","Fort Lauderdale, FL 33301","Calabrian/Tuscan","$$$","4.3/5 Google","415","N/A","Tripadvisor","Fort Lauderdale"
"Bombay Darbar (Fort Lauderdale)","Las Olas Blvd","Fort Lauderdale, FL 33301","Indian","$$","4.7/5 Google","876","N/A","Tripadvisor","Fort Lauderdale"
"Sushi Rock","Las Olas Blvd","Fort Lauderdale, FL 33301","Japanese/Sushi","$$","4.2/5 Tripadvisor","289 reviews","N/A","Tripadvisor","Fort Lauderdale"
"Casa Sensei","1200 E Las Olas Blvd","Fort Lauderdale, FL 33301","Pan-Asian Latin Fusion","$$$","4.6/5 Google","7377","N/A","Tripadvisor/MiamiCurated","Fort Lauderdale"
"Boathouse at the Riverside","Las Olas area","Fort Lauderdale, FL 33301","American/Seafood","$$$","4.3/5 Google","687","N/A","Tripadvisor","Fort Lauderdale"
"Luigi's Tuscan Grill","1105 E Las Olas Blvd","Fort Lauderdale, FL 33301","Italian","$$$","4.5/5 Google","579","N/A","Tripadvisor","Fort Lauderdale"
"Luigi's Coal Oven Pizza","1415 E Las Olas Blvd","Fort Lauderdale, FL 33301","Pizza/Italian","$$","4.3/5 Google","423","N/A","Fodor's/Tripadvisor","Fort Lauderdale"
"B Square Burgers & Booze","1021 E Las Olas Blvd","Fort Lauderdale, FL 33301","American/Burgers","$$","4.2/5 Tripadvisor","269 reviews","N/A","Tripadvisor","Fort Lauderdale"
"CRAFT Fort Lauderdale","Las Olas area","Fort Lauderdale, FL 33301","American/Pizza","$$","4.8/5 Google","96","N/A","Tripadvisor","Fort Lauderdale"
"American Social","721 E Las Olas Blvd","Fort Lauderdale, FL 33301","American/Sports Bar","$$$","4.2/5 Google","499","N/A","Fodor's","Fort Lauderdale"
"Lobster Bar Sea Grille","450 E Las Olas Blvd Ste 190","Fort Lauderdale, FL 33301","Seafood/Steak","$$$$","4.7/5 Google","3005","N/A","MiamiCurated/Yelp","Fort Lauderdale"
"Ocean Prime","171 Las Olas Cir","Fort Lauderdale, FL 33316","Seafood/Steak","$$$$","4.3/5 Google","145","N/A","Search","Fort Lauderdale"
"Casa Playa","401 N Birch Rd","Fort Lauderdale, FL 33304","Tapas/Small Plates","$$$","4.7/5 Google","176","N/A","Search","Fort Lauderdale"
"Doc B's Restaurant + Bar","452 N Federal Hwy","Fort Lauderdale, FL 33301","American/Fresh Kitchen","$$$","4.6/5 Google","3461","(754) 900-2401","Search","Fort Lauderdale"
"IL Mulino (Fort Lauderdale)","1800 E Sunrise Blvd","Fort Lauderdale, FL 33304","Italian","$$$$","N/A","861+ Yelp","N/A","Search","Fort Lauderdale"
"Theos Estiatorio","1826 E Sunrise Blvd","Fort Lauderdale, FL 33304","Greek/Mediterranean","$$$","4.7/5 Google","483","N/A","MiamiCurated","Fort Lauderdale"
"The Katherine","723 E Broward Blvd","Fort Lauderdale, FL 33301","Global Fusion/Contemporary American","$$$","4.4/5 Google","430","N/A","Infatuation/Fodor's/MiamiCurated","Fort Lauderdale"
"KUBO Asian Fusion and Bar","745 SE 17th St","Fort Lauderdale, FL 33316","Asian Fusion/Sushi","$$","N/A","N/A","N/A","Search","Fort Lauderdale"
"Hardy Park Bistro","N/A","Fort Lauderdale, FL","New American","$$","N/A","N/A","N/A","Search","Fort Lauderdale"
"Askaneli Restaurant & Steakhouse","N/A","Fort Lauderdale, FL","Eastern European Steakhouse","$$$$","N/A","N/A","N/A","Search","Fort Lauderdale"
"Wan's","N/A","Fort Lauderdale, FL (Victoria Park)","Asian","$$","N/A","N/A","N/A","Search","Fort Lauderdale"
"The Federal","N/A","Fort Lauderdale, FL (Victoria Park)","American Gastropub","$$","4.3/5 Google","116","N/A","Search","Fort Lauderdale"
"Barolo Cucina D'Autore","N/A","Fort Lauderdale, FL","Italian","$$$","N/A","N/A","N/A","Search","Fort Lauderdale"
"Cvi.che 105 (Fort Lauderdale)","Las Olas area","Fort Lauderdale, FL","Peruvian/Seafood","$$$","5.0/5 Tripadvisor","104 reviews","N/A","Tripadvisor","Fort Lauderdale"
"Vitolo","551 N Fort Lauderdale Beach Blvd","Fort Lauderdale, FL 33304","Italian","$$$","4.5/5 Google","455","N/A","Fodor's","Fort Lauderdale"
"Top Hat Deli","415 NE 3rd St","Fort Lauderdale, FL 33301","Jewish Deli","$$","4.6/5 Google","424","N/A","Fodor's","Fort Lauderdale"
"Rustic Inn Crabhouse","4331 Anglers Ave","Fort Lauderdale, FL 33312","Seafood","$$$","4.5/5 Google","12344","N/A","Fodor's/Tripadvisor","Fort Lauderdale"
"Southport Raw Bar & Restaurant","1536 Cordova Rd","Fort Lauderdale, FL 33316","Seafood","$$","4.5/5 Google","5846","N/A","Infatuation/Fodor's","Fort Lauderdale"
"Steak 954","401 N Fort Lauderdale Beach Blvd","Fort Lauderdale, FL 33304","Steakhouse","$$$$","4.4/5 Google","2101","N/A","Infatuation/Fodor's","Fort Lauderdale"
"Evelyn's","525 N Fort Lauderdale Beach Blvd","Fort Lauderdale, FL 33304","Mediterranean/Coastal Florida","$$$","4.5/5 Google","533","N/A","Infatuation/Michelin","Fort Lauderdale"
"Maass","525 N Fort Lauderdale Beach Blvd","Fort Lauderdale, FL 33304","Modern European/American","$$$$","8.0/10 Infatuation","N/A","N/A","Infatuation/Timeout","Fort Lauderdale"
"Chef's Counter at MAASS","525 N Fort Lauderdale Beach Blvd","Fort Lauderdale, FL 33304","Fine Dining Tasting Menu","$$$$","Michelin 1 Star","N/A","N/A","Michelin Guide","Fort Lauderdale"
"Takato","551 N Fort Lauderdale Beach Blvd","Fort Lauderdale, FL 33304","Japanese/Korean Fusion","$$$","4.6/5 Google","2133","N/A","Infatuation","Fort Lauderdale"
"S3 - Sun Surf Sand","Fort Lauderdale Beach","Fort Lauderdale, FL 33304","Steak/Seafood/Sushi","$$$$","4.5/5 Google","3836","N/A","Search","Fort Lauderdale"
"Casablanca Cafe","3049 Alhambra St","Fort Lauderdale, FL 33304","Mediterranean-American/Eclectic","$$$","4.5/5 Google","5954","N/A","Fodor's/Tripadvisor","Fort Lauderdale"
"Coconuts","429 Seabreeze Blvd","Fort Lauderdale, FL 33316","Seafood/American Bar","$$$","4.5/5 Google","9988","N/A","Timeout/Tripadvisor","Fort Lauderdale"
"Lona Cocina Tequileria","Fort Lauderdale Beach","Fort Lauderdale, FL 33304","Mexican","$$$","4.5/5 Google","7577","N/A","Tripadvisor","Fort Lauderdale"
"Tinta - Westin Fort Lauderdale Beach","Fort Lauderdale Beach","Fort Lauderdale, FL 33304","Latin/Spanish","$$$","4.8/5 Google","2388","N/A","Tripadvisor","Fort Lauderdale"
"Olive & Sea","Fort Lauderdale Beach","Fort Lauderdale, FL 33304","Mediterranean/Bar","$$$","4.0/5 Google","565","N/A","Tripadvisor","Fort Lauderdale"
"La Fuga","N/A","Fort Lauderdale, FL","Italian/Seafood","$$$","4.5/5 Google","567","N/A","Tripadvisor","Fort Lauderdale"
"Dolce Salato Pizza Pasta & Gelato","2406 Wilton Dr","Wilton Manors, FL 33305","Italian/Pizza","$$","4.8/5 Google","465","N/A","Restaurantji/Infatuation","Wilton Manors"
"Wild Sea Las Olas","Las Olas Blvd","Fort Lauderdale, FL 33301","American/Steakhouse","$$$","4.2/5 Google","620","N/A","Tripadvisor","Fort Lauderdale"
"Señor Frog's Fort Lauderdale","Fort Lauderdale Beach","Fort Lauderdale, FL 33304","Mexican/Bar","$$","4.7/5 Tripadvisor","325 reviews","N/A","Tripadvisor","Fort Lauderdale"
"Sandbar Grill","Fort Lauderdale Beach","Fort Lauderdale, FL 33304","American Bar","$$","4.5/5 Tripadvisor","668 reviews","N/A","Tripadvisor","Fort Lauderdale"
"15th Street Fisheries","1900 SE 15th St","Fort Lauderdale, FL 33316","Seafood","$$$","4.5/5 Google","6658","N/A","Fodor's/Tripadvisor","Fort Lauderdale"
"Golden Lyon Vintage Pub","Las Olas area","Fort Lauderdale, FL 33301","American/Pub","$$","4.7/5 Google","217","N/A","Tripadvisor","Fort Lauderdale"
"Kelly's Landing","N/A","Fort Lauderdale, FL","American Bar/Waterfront","$$","4.5/5 Google","3730","N/A","Tripadvisor","Fort Lauderdale"
"La Dolce Vita","N/A","Fort Lauderdale, FL","Italian/Mediterranean","$$$","4.9/5 Google","337","N/A","Tripadvisor","Fort Lauderdale"
"Casa D'Angelo Ristorante (Fort Lauderdale)","1201 N Federal Hwy","Fort Lauderdale, FL 33304","Italian (Tuscan)","$$$$","4.6/5 Google","1813","N/A","Tripadvisor","Fort Lauderdale"
"3030 Ocean","3030 Holiday Dr","Fort Lauderdale, FL 33316","Modern American Seafood","$$$$","3.9/5 Google","516","N/A","Fodor's","Fort Lauderdale"
"Cafe Martorano","3343 E Oakland Park Blvd","Fort Lauderdale, FL 33308","Italian-American","$$$$","4.1/5 Google","1022","N/A","Fodor's/Adventurist","Fort Lauderdale"
"Shooters Waterfront","3033 NE 32nd Ave","Fort Lauderdale, FL 33308","American/Waterfront","$$$","4.5/5 Google","14902","N/A","Fodor's","Fort Lauderdale"
"Canyon","1818 E Sunrise Blvd","Fort Lauderdale, FL 33304","Southwestern Fusion","$$$","4.1/5 Google","494","N/A","Fodor's","Fort Lauderdale"
"Kaluz Restaurant (Fort Lauderdale)","3300 E Commercial Blvd","Fort Lauderdale, FL 33308","Steak/Seafood/American","$$$","4.6/5 Google","7090","N/A","Search","Fort Lauderdale"
"Anthony's Runway 84","330 W State Rd 84","Fort Lauderdale, FL 33315","Italian-American","$$$$","4.0/5 Google","637","(954) 467-8484","Adventurist/Search","Fort Lauderdale"
"Heritage (Fort Lauderdale)","903 NE 5th Ave","Fort Lauderdale, FL 33304","Italian","$$$","4.7/5 Google","504","N/A","Timeout/Michelin","Fort Lauderdale"
"Boatyard","1555 SE 17th St","Fort Lauderdale, FL 33316","Seafood","$$$","4.4/5 Google","7556","N/A","Search","Fort Lauderdale"
"H2Ocean Seafood Market & Restaurant","N/A","Fort Lauderdale, FL","Seafood","$$$","4.6/5 Google","118","N/A","Search","Fort Lauderdale"
"Ukiah Japanese Smokehouse","221 SW First Ave","Fort Lauderdale, FL 33301","Japanese Smokehouse","$$$","4.5/5 Google","323","N/A","Infatuation","Fort Lauderdale"
"Egg N' You Diner","2621 N Federal Hwy","Fort Lauderdale, FL 33306","American Diner","$","8.0/10 Infatuation","N/A","N/A","Infatuation","Fort Lauderdale"
"Nove Pasta House","915 Middle River Dr","Fort Lauderdale, FL 33304","Italian","$$$","8.0/10 Infatuation","N/A","N/A","Infatuation","Fort Lauderdale"
"Jack's Old Fashioned Hamburger House","4201 N Federal Hwy","Fort Lauderdale, FL 33308","Burgers/American","$$","7.8/10 Infatuation","N/A","N/A","Infatuation","Fort Lauderdale"
"Il Paesano","2645 E Oakland Park Blvd","Fort Lauderdale, FL 33306","Italian Market/Restaurant","$$","8.0/10 Infatuation","N/A","N/A","Infatuation","Fort Lauderdale"
"Lasso Gaucho","2457 E Sunrise Blvd","Fort Lauderdale, FL 33304","Brazilian Steakhouse","$$$","4.7/5 Google","869","N/A","Infatuation","Fort Lauderdale"
"Red Sea Eritrean & Ethiopian Cuisine","3500 NE 12th Ave","Oakland Park, FL 33334","Ethiopian","$$","8.0/10 Infatuation","N/A","N/A","Infatuation","Oakland Park"
"Epazote","6206 N Federal Hwy","Fort Lauderdale, FL 33308","Mexican","$$","4.8/5 Google","341","N/A","Infatuation","Fort Lauderdale"
"Tortilleria Mexicana","4115 N Dixie Hwy","Oakland Park, FL 33334","Mexican","$","4.4/5 Google","355","N/A","Infatuation","Oakland Park"
"Lips","1421 E Oakland Park Blvd","Fort Lauderdale, FL 33334","American/Drag Cabaret Dinner","$$$","N/A","N/A","N/A","Fodor's","Fort Lauderdale"
"Larb Thai-Isan","6234 N Federal Hwy","Fort Lauderdale, FL 33308","Thai","$$","4.7/5 Google","542","N/A","Infatuation","Fort Lauderdale"
"Mai-Kai","3599 N Federal Hwy","Fort Lauderdale, FL 33308","Polynesian/Tiki","$$$","4.4/5 Google","7184","N/A","Infatuation","Fort Lauderdale"
"Greek Islands Taverna","3300 N Ocean Blvd","Fort Lauderdale, FL 33308","Greek","$$","4.5/5 Google","733","N/A","Infatuation","Fort Lauderdale"
"Daniel's, a Florida Steakhouse","620 S Federal Hwy","Fort Lauderdale, FL 33301","Steakhouse","$$$$","4.8/5 Google","302","N/A","Infatuation/Michelin","Fort Lauderdale"
"D's Sports Bar","620 S Federal Hwy","Fort Lauderdale, FL 33301","American/Burgers","$$","4.7/5 Google","149","N/A","Infatuation","Fort Lauderdale"
"Nour Thai Kitchen","3554 NE 12th Ave","Oakland Park, FL 33334","Thai","$$","4.5/5 Google","307","N/A","Infatuation","Oakland Park"
"LaSpada's Original Hoagies","1495D SE 17th St Cswy","Fort Lauderdale, FL 33316","Sandwiches/Deli","$","8.2/10 Infatuation","N/A","N/A","Fodor's/Infatuation","Fort Lauderdale"
"Le Patio Restaurant","2401 NE 11th Ave","Wilton Manors, FL 33305","French Brasserie","$$$","4.7/5 Google","268","N/A","Infatuation/Restaurantji","Wilton Manors"
"Apt 9F","2163 Wilton Dr","Wilton Manors, FL 33305","American Cocktail Bar","$$","4.8/5 Google","203","N/A","Infatuation/Restaurantji","Wilton Manors"
"Thai Me Up","2389 Wilton Dr","Wilton Manors, FL 33305","Thai","$$","N/A","N/A","N/A","Infatuation","Wilton Manors"
"Voo La Voo Cafe","2430 NE 13th Ave","Wilton Manors, FL 33305","French/Crepes","$$","N/A","N/A","N/A","Infatuation","Wilton Manors"
"Stork's Cafe & Bakery","2505 NE 15th Ave","Wilton Manors, FL 33305","Cafe/Bakery/Breakfast","$","4.6/5 Google","414","N/A","Infatuation","Wilton Manors"
"Las Colinas","2724 N Andrews Ave","Wilton Manors, FL 33311","Cuban","$","3.5/5 Google","352","N/A","Infatuation","Wilton Manors"
"New York Grilled Cheese Co.","2207 Wilton Dr","Wilton Manors, FL 33305","Sandwiches","$","4.5/5 Google","2279","N/A","Infatuation","Wilton Manors"
"Candela Restaurant","2909 NE 6th Ave","Wilton Manors, FL 33334","Spanish Taberna","$$$","4.7/5 Google","362","N/A","Infatuation/Restaurantji","Wilton Manors"
"Bravo Peruvian Kitchen (Wilton Manors)","2925 NE 6th Ave","Wilton Manors, FL 33334","Peruvian","$$","4.7/5 Google","493","N/A","Infatuation/Restaurantji","Wilton Manors"
"Ethos Greek Bistro","2055 Wilton Dr","Wilton Manors, FL 33305","Greek","$$","4.9/5 Google","769","N/A","Restaurantji","Wilton Manors"
"La Mexicana Taco Bar","2430 NE 13th Ave","Wilton Manors, FL 33305","Mexican","$$","4.8/5 Google","852","N/A","Restaurantji","Wilton Manors"
"Thirsty's Bistro","2215 Wilton Dr","Wilton Manors, FL 33305","American Bistro","$$","4.9/5 Google","146","N/A","Restaurantji","Wilton Manors"
"Sardi Peruvian Cuisine","2041 Wilton Dr","Wilton Manors, FL 33305","Peruvian","$$","4.8/5 Google","171","N/A","Restaurantji","Wilton Manors"
"Sozo Sushi Bar","2362 Wilton Dr","Wilton Manors, FL 33305","Japanese/Sushi","$$","4.8/5 Google","230","N/A","Restaurantji","Wilton Manors"
"Papa Duke's Deli","1952 Wilton Dr","Wilton Manors, FL 33305","Sandwich Shop/Deli","$","4.8/5 Google","150","N/A","Restaurantji","Wilton Manors"
"Di Valle's Cucina Italiana","3471 N Federal Hwy","Oakland Park, FL 33308","Italian","$$$","4.9/5 Google","191","N/A","Restaurantji","Oakland Park"
"Satellite Pinball Lounge","3501 N Dixie Hwy","Oakland Park, FL 33334","Bar/Pizza","$$","4.9/5 Google","85","N/A","Restaurantji","Oakland Park"
"New Legacy Vegans","2701 W Oakland Park Blvd","Oakland Park, FL 33311","Vegan","$$","4.9/5 Google","60","N/A","Restaurantji","Oakland Park"
"Salimar Ceviche Bar","N/A","Oakland Park, FL","Peruvian/Seafood","$$","4.7/5 Google","332","N/A","Restaurantji","Oakland Park"
"Escargot Bistro","N/A","Oakland Park, FL","French","$$$","4.8/5 Google","389","N/A","Restaurantji","Oakland Park"
"Casa Monarca Mexican Restaurant","N/A","Oakland Park, FL","Mexican","$$","4.7/5 Google","372","N/A","Search","Oakland Park"
"La Empanada Loca","N/A","Oakland Park, FL","Puerto Rican/Caribbean","$$","4.7/5 Google","595","N/A","Restaurantji","Oakland Park"
"La Birra Bar (Oakland Park)","N/A","Oakland Park, FL","Burgers/American","$$","4.7/5 Google","350","N/A","Restaurantji","Oakland Park"
"Funky Buddha Brewery","N/A","Oakland Park, FL","Brewpub/American","$$","4.6/5 Google","496","N/A","Search","Oakland Park"
"G & B Dockside","N/A","Oakland Park, FL","Seafood/Waterfront","$$$","N/A","N/A","N/A","Search","Oakland Park"
"The Mason Jar Pub","N/A","Oakland Park, FL","American Gastropub","$$","4.8/5 Google","183","N/A","Search","Oakland Park"
"Camille's Pizzeria & Ristorante","N/A","Oakland Park, FL","Italian/Pizza","$$","4.6/5 Google","111","N/A","Search","Oakland Park"
"Baresco (Fort Lauderdale)","N/A","Oakland Park, FL","Contemporary/Latin Seafood","$$$","N/A","N/A","N/A","Search","Oakland Park"
"Etna Rosso Ristorante","N/A","Fort Lauderdale, FL","Italian","$$$","N/A","N/A","N/A","Miami New Times","Fort Lauderdale"
"Bellagamba's Fine Italian Restaurant","N/A","Fort Lauderdale, FL","Italian","$$$","N/A","N/A","N/A","Search","Fort Lauderdale"
"Serafina (Fort Lauderdale)","N/A","Fort Lauderdale, FL","Italian","$$$","4.3/5 Google","1411","N/A","Search","Fort Lauderdale"
"Calusso Pier Sixty-Six","2301 SE 17th St","Fort Lauderdale, FL 33316","Italian-Coastal","$$$$","4.2/5 Google","296","N/A","Adventurist Magazine","Fort Lauderdale"
"Voodoo Bayou","N/A","Fort Lauderdale, FL","Cajun","$$","4.5/5 Google","744","N/A","Miami New Times","Fort Lauderdale"
"Escape Rooftop Bar","N/A","Fort Lauderdale, FL (Victoria Park)","American/Rooftop","$$$","4.2/5 Google","192","N/A","Search","Fort Lauderdale"
"Georgia Pig BBQ & Restaurant","1285 S State Rd 7","Fort Lauderdale, FL 33317","American Barbecue","$","4.2/5 Google","286","N/A","Fodor's","Fort Lauderdale"
"Mister O1 Extraordinary Pizza","10640 Pines Blvd F10","Pembroke Pines, FL","Italian","N/A","4.9/5 Google","2,594+ reviews","N/A","restaurantji.com","Pembroke Pines"
"Sirocco Mediterranean Restaurant & Lounge (Pembroke Pines)","521 SW 145th Terrace","Pembroke Pines, FL","Mediterranean/Lebanese","$$-$$$","4.9/5 Google","1,266+ reviews","N/A","restaurantji.com","Pembroke Pines"
"Havana 1957 Cuban Cuisine","14571 SW 5th St","Pembroke Pines, FL 33027","Cuban","$$-$$$","4.8/5 Google","2,485+ reviews","N/A","restaurantji.com/Tripadvisor","Pembroke Pines"
"El Balcon de las Americas (Pembroke Pines)","15931 Pines Blvd","Pembroke Pines, FL","Colombian","N/A","4.8/5 Google","696+ reviews","N/A","restaurantji.com","Pembroke Pines"
"Agave Bandido","14531 SW 5th St","Pembroke Pines, FL 33027","Mexican","$$-$$$","4.7/5 Google","1,343+ reviews","N/A","restaurantji.com/Wanderlog","Pembroke Pines"
"Sufrat Mediterranean Grill (Pembroke Pines)","10430 Pines Blvd C101","Pembroke Pines, FL","Mediterranean","N/A","4.8/5 Google","701+ reviews","N/A","restaurantji.com","Pembroke Pines"
"Keik Restaurant","11033 Pines Blvd","Pembroke Pines, FL","American","$$$$","4.9/5 Google","315+ reviews","N/A","restaurantji.com/Tripadvisor","Pembroke Pines"
"Pho Bar Vietnamese Kitchen","10640 Pines Blvd","Pembroke Pines, FL","Vietnamese","N/A","4.8/5 Google","439+ reviews","N/A","restaurantji.com","Pembroke Pines"
"E41 - Embarcadero 41","10350 Pines Blvd D112","Pembroke Pines, FL","Seafood","N/A","4.8/5 Google","431+ reviews","N/A","restaurantji.com","Pembroke Pines"
"Brandon's Bistro","207 N Hiatus Rd","Pembroke Pines, FL","Southern","N/A","4.5/5 Google","471+ reviews","N/A","restaurantji.com","Pembroke Pines"
"Sushi Sake","10640 Pines Blvd","Pembroke Pines, FL","Japanese","N/A","4.7/5 Google","539+ reviews","N/A","restaurantji.com","Pembroke Pines"
"KPOT Korean BBQ & Hot Pot (Pembroke Pines)","15995 Pines Blvd","Pembroke Pines, FL","Korean","N/A","4.9/5 Google","180+ reviews","N/A","restaurantji.com","Pembroke Pines"
"Origen Signature Peruvian Cuisine","10000 Stirling Rd #8","Pembroke Pines, FL","Peruvian","N/A","4.7/5 Google","405+ reviews","N/A","restaurantji.com","Pembroke Pines"
"Tacu Taku Peruvian Kitchen","911 NW 209th Ave #115","Pembroke Pines, FL","Peruvian","N/A","4.8/5 Google","267+ reviews","N/A","restaurantji.com","Pembroke Pines"
"365 Thai & Sushi","18265 Pines Blvd","Pembroke Pines, FL","Thai","N/A","4.9/5 Google","167+ reviews","N/A","restaurantji.com","Pembroke Pines"
"Patria Boricua","10255 Pines Blvd","Pembroke Pines, FL","Puerto Rican","N/A","4.9/5 Google","159+ reviews","N/A","restaurantji.com","Pembroke Pines"
"Twin Peaks (Pembroke Pines)","440 SW 145th Ave","Pembroke Pines, FL 33027","American/Sports Bar","$$-$$$","4.5/5 Google","919+ reviews","N/A","restaurantji.com/Tripadvisor","Pembroke Pines"
"Level TwentyNine Peruvian & Asian Cuisine","600 SW 145th Terrace Ste A","Pembroke Pines, FL","Peruvian/Asian Fusion","N/A","4.5/5 Google","839+ reviews","N/A","restaurantji.com","Pembroke Pines"
"Las Vegas Cuban Cuisine (Pembroke Pines)","2150 N University Dr","Pembroke Pines, FL","Cuban","N/A","4.6/5 Google","485+ reviews","N/A","restaurantji.com","Pembroke Pines"
"Mantra Fine Indian Cuisine","15953 Pines Blvd","Pembroke Pines, FL","Indian","N/A","4.7/5 Google","357+ reviews","N/A","restaurantji.com","Pembroke Pines"
"Wahbi Sabi Japanese Korean Restaurant","10032 Pines Blvd","Pembroke Pines, FL","Asian Fusion","N/A","4.7/5 Google","290+ reviews","N/A","restaurantji.com","Pembroke Pines"
"Capriccio Ristorante","2424 N University Dr","Pembroke Pines, FL","Italian","$$$$","4.5/5 Google","771+ reviews","N/A","restaurantji.com/Tripadvisor","Pembroke Pines"
"Casa España Tapas Y Vinos","14537 SW 5th St","Pembroke Pines, FL","Spanish","N/A","4.5/5 Google","611+ reviews","N/A","restaurantji.com","Pembroke Pines"
"Las Cazuelas","18279 Pines Blvd","Pembroke Pines, FL","Mexican","N/A","4.8/5 Google","126+ reviews","N/A","restaurantji.com","Pembroke Pines"
"Nori Tori Japanese Buffet","14838 Pines Blvd","Pembroke Pines, FL","Japanese","$$-$$$","4.6/5 Google","432+ reviews","N/A","restaurantji.com/Tripadvisor","Pembroke Pines"
"Sr. Ceviche","2086 N University Dr","Pembroke Pines, FL","Peruvian","N/A","4.5/5 Google","513+ reviews","N/A","restaurantji.com","Pembroke Pines"
"Himalayan Indian Kitchen","11262 Pines Blvd","Pembroke Pines, FL","Indian","N/A","4.8/5 Google","117+ reviews","N/A","restaurantji.com","Pembroke Pines"
"Pubbelly Sushi (Pembroke Pines)","306 SW 145th Ave","Pembroke Pines, FL","Sushi","N/A","4.5/5 Google","353+ reviews","N/A","restaurantji.com","Pembroke Pines"
"Village Tavern","14555 SW 2nd St","Pembroke Pines, FL 33027","American","$$-$$$","4.4/5 Google","2650","N/A","Tripadvisor/Wanderlog","Pembroke Pines"
"Brimstone Wood Fire Grill","14575 SW 5th St","Pembroke Pines, FL 33027","American/Steakhouse","$$-$$$","4.4/5 Google","4286","N/A","Tripadvisor/Wanderlog","Pembroke Pines"
"The Pub - Pembroke Pines","237 SW 145th Terrace","Pembroke Pines, FL 33027","Gastropub","$$-$$$","4.5/5 Google","2289","N/A","Tripadvisor/Wanderlog","Pembroke Pines"
"Sosta Caffe","10800 Pines Blvd","Pembroke Pines, FL 33026","Italian","$$-$$$","4.4/5 Google","1445","N/A","Tripadvisor/Wanderlog","Pembroke Pines"
"Mezes Greek Taverna","10040 Pines Blvd","Pembroke Pines, FL 33024","Greek/Mediterranean","$$-$$$","4.7/5 Google","1144","N/A","Tripadvisor","Pembroke Pines"
"Bare Bones BBQ and Jerk","1451 N Palm Ave","Pembroke Pines, FL 33026","Barbecue/Caribbean","N/A","4.4/5 Google","N/A","N/A","Wanderlog","Pembroke Pines"
"Cebiche-Bar Pembroke Pines","10860 Pines Blvd","Pembroke Pines, FL 33025","Peruvian","N/A","4.5/5 Google","N/A","N/A","Wanderlog","Pembroke Pines"
"Mikan Japanese Restaurant","12502 Pines Blvd","Pembroke Pines, FL 33027","Japanese/Sushi","N/A","4.5/5 Google","N/A","N/A","Wanderlog","Pembroke Pines"
"Bahama Breeze (Pembroke Pines)","11000 Pines Blvd","Pembroke Pines, FL 33026","Caribbean","$$-$$$","4.2/5 Google","N/A","N/A","Wanderlog","Pembroke Pines"
"Cracker Barrel (Pembroke Pines)","N/A","Pembroke Pines, FL","American","$$-$$$","4.1/5 Google","922","N/A","Tripadvisor","Pembroke Pines"
"Il Toscano Ristorante Italiano","N/A","Pembroke Pines, FL","Italian","$$-$$$","4.5/5 Google","700","N/A","Tripadvisor","Pembroke Pines"
"Bocas House Weston","1793 Bell Tower Ln","Weston, FL","Latin American/Contemporary","$$-$$$","4.8/5 Google","1,256+ reviews","N/A","restaurantji.com","Weston"
"Caminito Weston","1916 Weston Rd","Weston, FL","Argentine/Steakhouse","N/A","4.9/5 Google","378+ reviews","N/A","restaurantji.com","Weston"
"Zona Blu Weston Italian Restaurant","189 Weston Rd","Weston, FL","Italian/Sardinian","$$-$$$","4.5/5 Google","467+ reviews","N/A","restaurantji.com/Tripadvisor","Weston"
"Negroni Weston","1744 Main St","Weston, FL","French/International","$$-$$$","4.4/5 Google","662+ reviews","(954) 444-0096","restaurantji.com/Tripadvisor","Weston"
"Carolina Ale House - Weston","2618 Weston Rd","Weston, FL","American/Sports Bar","N/A","4.7/5 Google","764+ reviews","N/A","restaurantji.com","Weston"
"Sushiato Weston","4483 Weston Rd","Weston, FL","Japanese","N/A","4.7/5 Google","498+ reviews","N/A","restaurantji.com","Weston"
"Katana Cocina Nikkei","1952 Weston Rd","Weston, FL","Sushi/Nikkei","N/A","4.7/5 Google","330+ reviews","N/A","restaurantji.com","Weston"
"Piola Italian Restaurant Weston","15641 Sheridan St #600","Weston, FL","Italian/Pizza","N/A","4.7/5 Google","434+ reviews","N/A","restaurantji.com","Weston"
"Ke-uH Restaurant (Weston)","2278 Weston Rd","Weston, FL","Sushi","N/A","4.7/5 Google","337+ reviews","N/A","restaurantji.com","Weston"
"Ceviche Arigato Restaurant","288 Indian Trace","Weston, FL 33326","Peruvian/Japanese Fusion","$$-$$$","4.7/5 Google","377+ reviews","N/A","restaurantji.com/Tripadvisor","Weston"
"Bonefish Grill (Weston)","4545 Weston Rd","Weston, FL","Seafood","$$-$$$","4.5/5 Google","620+ reviews","N/A","restaurantji.com/Tripadvisor","Weston"
"Moon Thai & Japanese","2818 Weston Rd","Weston, FL","Thai/Japanese","N/A","4.6/5 Google","369+ reviews","N/A","restaurantji.com","Weston"
"La Rural Argentine Steakhouse","2346 Weston Rd","Weston, FL","Steakhouse/Argentine","$$-$$$","4.5/5 Google","500+ reviews","N/A","restaurantji.com/Tripadvisor","Weston"
"Smoke on the Water","1630 Bell Tower Ln","Weston, FL","American/Bar","N/A","4.6/5 Google","342+ reviews","N/A","restaurantji.com","Weston"
"Salumeria 104 - Weston","1370 Weston Rd","Weston, FL","Italian","N/A","4.5/5 Google","220+ reviews","N/A","restaurantji.com","Weston"
"Myung Ga Tofu & Barbecue","1944 Weston Rd","Weston, FL","Korean","N/A","4.6/5 Google","233+ reviews","N/A","restaurantji.com","Weston"
"Baires Grill - Weston","2210 Weston Rd","Weston, FL","Argentine/Steakhouse","$$-$$$","4.4/5 Google","723+ reviews","N/A","restaurantji.com/Tripadvisor","Weston"
"Shibuya Grill & Sushi Bar Weston","2600 Glades Cir #700","Weston, FL","Asian Fusion/Sushi","$$-$$$","4.5/5 Google","294+ reviews","N/A","restaurantji.com/Tripadvisor","Weston"
"GuacaTacos - Mexican Cantina","2203 N Commerce Pkwy","Weston, FL","Mexican","N/A","4.4/5 Google","317+ reviews","N/A","restaurantji.com","Weston"
"Tarantella Ristorante & Pizzeria","1755 Bell Tower Ln","Weston, FL","Italian/Pizza","$$-$$$","4.4/5 Google","483+ reviews","N/A","restaurantji.com/Tripadvisor","Weston"
"Mangia & Bevi Pizzeria Napoletana Weston","2378 Weston Rd","Weston, FL","Italian/Pizza","N/A","4.4/5 Google","257+ reviews","N/A","restaurantji.com/Tripadvisor","Weston"
"La Perla Seafood Bar & Grill","1396 SW 160th Ave Suite 6","Weston, FL","Peruvian/Seafood","$$-$$$","4.5/5 Google","271+ reviews","N/A","restaurantji.com/Tripadvisor","Weston"
"Japan Inn","1798 Market St","Weston, FL","Japanese","N/A","4.3/5 Google","732+ reviews","N/A","restaurantji.com","Weston"
"Flanigan's Seafood Bar and Grill (Weston)","2460 Weston Rd","Weston, FL","American/Seafood","$$-$$$","4.3/5 Google","575+ reviews","N/A","restaurantji.com/Tripadvisor","Weston"
"Anthony's Coal Fired Pizza & Wings (Weston)","4527 Weston Rd","Weston, FL","Italian/Pizza","$$-$$$","4.3/5 Google","385+ reviews","N/A","restaurantji.com","Weston"
"Acquolina","2320 Weston Rd","Weston, FL","Italian/Seafood","$$-$$$","4.1/5 Google","477","N/A","Tripadvisor/restaurantji","Weston"
"Entretapas Restaurant","N/A","Weston, FL","Mediterranean/Spanish","$$-$$$","4.1/5 Tripadvisor","255+ reviews","N/A","Tripadvisor/Wanderlog","Weston"
"Weston Diner","N/A","Weston, FL","American/Diner","$$-$$$","4.2/5 Google","1288","N/A","Tripadvisor","Weston"
"Cheese Course (Weston)","N/A","Weston, FL","American","$$-$$$","4.1/5 Google","304","N/A","Tripadvisor","Weston"
"El Churrascaso Grill - Miramar","11608 City Hall Promenade","Miramar, FL","Steakhouse/Brazilian","N/A","4.8/5 Google","882+ reviews","N/A","restaurantji.com","Miramar"
"Amici Trattoria Italian","11338 Miramar Pkwy","Miramar, FL","Italian","$$-$$$","4.8/5 Google","608+ reviews","N/A","restaurantji.com/Tripadvisor","Miramar"
"Zuru Ramen Bar - Miramar","11225 Miramar Pkwy Ste 233","Miramar, FL","Ramen/Japanese","N/A","4.8/5 Google","401+ reviews","N/A","restaurantji.com","Miramar"
"Cucina Moderna","11225 Miramar Pkwy Ste 260","Miramar, FL","Italian/Pizza","N/A","4.6/5 Google","407+ reviews","N/A","restaurantji.com","Miramar"
"World of Beer","11225 Miramar Pkwy B295","Miramar, FL","American/Gastropub","N/A","4.5/5 Google","492+ reviews","N/A","restaurantji.com","Miramar"
"Rosalia's Kitchen","12130 Miramar Pkwy","Miramar, FL","Italian/Contemporary","$$-$$$","4.5/5 Google","446+ reviews","N/A","restaurantji.com/Tripadvisor","Miramar"
"La Famiglia Italian Restaurant & Pizzeria","11655 Red Rd","Miramar, FL","Italian/Pizza","$$-$$$","4.6/5 Google","396+ reviews","N/A","restaurantji.com/Tripadvisor","Miramar"
"El Rey de la Salchipapa","11635 Red Rd","Miramar, FL","Colombian","N/A","4.6/5 Google","205+ reviews","N/A","restaurantji.com","Miramar"
"Chifa Du Kang - Miramar","14633 Miramar Pkwy","Miramar, FL","Chinese/Peruvian","$$-$$$","4.8/5 Google","96+ reviews","N/A","restaurantji.com/Tripadvisor","Miramar"
"Miga's Steak House","16311 Miramar Pkwy","Miramar, FL","Steakhouse/Argentine","$$-$$$","4.4/5 Google","413+ reviews","N/A","restaurantji.com/Tripadvisor","Miramar"
"Nami Sushi","12711 Miramar Pkwy","Miramar, FL","Sushi/Japanese","N/A","4.6/5 Google","246+ reviews","N/A","restaurantji.com","Miramar"
"Sushi Sake Miramar","18415 Miramar Pkwy","Miramar, FL","Sushi/Japanese","N/A","4.5/5 Google","149+ reviews","N/A","restaurantji.com","Miramar"
"T's Kitchen & Sweetz","2000 S State Rd 7","Miramar, FL","American/Pasta","N/A","4.5/5 Google","92+ reviews","N/A","restaurantji.com","Miramar"
"Texas Roadhouse (Miramar)","3241 SW 160th Ave","Miramar, FL","American/Steakhouse","$$-$$$","4.2/5 Google","682+ reviews","N/A","restaurantji.com/Tripadvisor","Miramar"
"The Bistro - Eat. Drink. Connect.","14500 SW 29th St","Miramar, FL","American","N/A","4.7/5 Google","65+ reviews","N/A","restaurantji.com","Miramar"
"Mangia & Bevi Pizzeria Napoletana (Miramar)","14453 Miramar Pkwy","Miramar, FL","Italian/Pizza","N/A","4.5/5 Google","54+ reviews","N/A","restaurantji.com","Miramar"
"El Fogon Peruvian Cuisine","2913 SW 160th Ave","Miramar, FL","Peruvian","$$-$$$","4.2/5 Google","297+ reviews","N/A","restaurantji.com/Tripadvisor","Miramar"
"La Belle Jacmelienne Cafe","3328 S University Dr","Miramar, FL","Haitian","N/A","4.2/5 Google","232+ reviews","N/A","restaurantji.com","Miramar"
"Bon Appetit Restaurant & 727 Lounge","6252 Pembroke Rd","Miramar, FL","Haitian","N/A","4.1/5 Google","1,450+ reviews","N/A","restaurantji.com","Miramar"
"Silver Spoon Thai & Sushi","2929 SW 160th Ave","Miramar, FL","Thai/Sushi","$$-$$$","4.2/5 Google","246+ reviews","N/A","restaurantji.com/Tripadvisor","Miramar"
"Primo's Pizza & Pasta","17173 Miramar Pkwy","Miramar, FL","Italian/Pizza","$$-$$$","4.1/5 Google","212+ reviews","N/A","restaurantji.com/Tripadvisor","Miramar"
"Tribeca Restaurant And Lounge","12100 Miramar Pkwy #170","Miramar, FL","Latin American","N/A","4.0/5 Google","205+ reviews","N/A","restaurantji.com","Miramar"
"Benihana - Miramar","3261 SW 160th Ave","Miramar, FL","Japanese/Steakhouse","$$-$$$","3.7/5 Google","1336","N/A","Tripadvisor/restaurantji","Miramar"
"Miramar Seafood And Steak","N/A","Miramar, FL","American/Steakhouse","$$$$","4.9/5 Tripadvisor","7+ reviews","N/A","Tripadvisor","Miramar"
"Cabana Cafe","N/A","Miramar, FL","American/Bar","$$-$$$","4.0/5 Tripadvisor","100+ reviews","N/A","Tripadvisor","Miramar"
"Lin's Asian Cuisine","N/A","Miramar, FL","Chinese/Asian","$$-$$$","4.2/5 Tripadvisor","114+ reviews","N/A","Tripadvisor","Miramar"
"Our Humble Abode","N/A","Miramar, FL","American/Latin","$$-$$$","4.0/5 Tripadvisor","55+ reviews","N/A","Tripadvisor","Miramar"
"Sal's Italian Restaurant","N/A","Miramar, FL","Italian/Pizza","$$-$$$","3.7/5 Google","230","N/A","Tripadvisor","Miramar"
"Pita Shop","N/A","Miramar, FL","Lebanese/Mediterranean","$","4.2/5 Google","312","N/A","Tripadvisor","Miramar"
"Just Spoons Cafe","7023 W Broward Blvd","Plantation, FL","American/Comfort Food","N/A","4.9/5 Google","1,555+ reviews","N/A","restaurantji.com","Plantation"
"El Balcon de las Americas - Sawgrass","11901 W Sunrise Blvd","Plantation, FL","Colombian","N/A","4.8/5 Google","1,267+ reviews","N/A","restaurantji.com","Plantation"
"La Casita Andina","377 N State Rd 7 Ste 103","Plantation, FL","Peruvian","N/A","4.9/5 Google","256+ reviews","N/A","restaurantji.com","Plantation"
"Luka Restaurant and Coffee","244 S University Dr","Plantation, FL","Latin American/International","N/A","4.7/5 Google","570+ reviews","N/A","restaurantji.com","Plantation"
"Cajun Boil Seafood Restaurant","8000 W Broward Blvd Ste 1329","Plantation, FL","Cajun/Seafood","N/A","4.7/5 Google","491+ reviews","N/A","restaurantji.com","Plantation"
"Olivo Mediterranean Cuisine","7815 W Sunrise Blvd","Plantation, FL","Mediterranean","N/A","4.7/5 Google","326+ reviews","N/A","restaurantji.com","Plantation"
"Il Baretto Ristorante","220 S University Dr","Plantation, FL","Italian/Pizza","$$-$$$","4.7/5 Google","356+ reviews","N/A","restaurantji.com/Tripadvisor","Plantation"
"Cucina Alfresco","6975 W Broward Blvd","Plantation, FL","Italian","N/A","4.9/5 Google","155+ reviews","N/A","restaurantji.com/Tripadvisor","Plantation"
"Bonefish Grill (Plantation)","10197 W Sunrise Blvd","Plantation, FL","Seafood","$$-$$$","4.6/5 Google","677","N/A","restaurantji.com/Tripadvisor","Plantation"
"Kaluz Restaurant Plantation","100 N University Dr","Plantation, FL","New American","$$-$$$","4.6/5 Google","366+ reviews","N/A","restaurantji.com","Plantation"
"Vignetos Italian Grill","1511 S University Dr","Plantation, FL","Italian","$$-$$$","4.7/5 Google","359","N/A","Tripadvisor/restaurantji","Plantation"
"J. Alexander's Restaurant (Plantation)","8550 W Broward Blvd","Plantation, FL","American/Contemporary","$$-$$$","4.3/5 Google","508","N/A","Tripadvisor/restaurantji","Plantation"
"Burtons Grill & Bar","1003 S University Dr","Plantation, FL","American","$$-$$$","4.6/5 Google","304+ reviews","N/A","restaurantji.com","Plantation"
"Sushiato Plantation","1009 S University Dr","Plantation, FL","Japanese","N/A","4.9/5 Google","113+ reviews","N/A","restaurantji.com","Plantation"
"Whiskey Neat Plantation","12310 W Sunrise Blvd","Plantation, FL","American/Bar","N/A","4.8/5 Google","136+ reviews","N/A","restaurantji.com","Plantation"
"Sicilian Oven (Plantation)","801 S University Dr B116","Plantation, FL","Italian/Pizza","$$-$$$","4.6/5 Google","402","N/A","Tripadvisor/restaurantji","Plantation"
"Tacocraft Taqueria & Tequila Bar (Plantation)","301 N University Dr","Plantation, FL","Mexican","N/A","4.2/5 Google","323+ reviews","N/A","restaurantji.com","Plantation"
"Marumi Sushi","8271 W Sunrise Blvd","Plantation, FL","Sushi/Japanese","N/A","4.3/5 Google","274+ reviews","N/A","restaurantji.com","Plantation"
"Prime K BBQ","1361 S University Dr","Plantation, FL","Korean Barbecue","N/A","4.7/5 Google","146+ reviews","N/A","restaurantji.com","Plantation"
"Duffy's Sports Grill (Plantation)","811 S University Dr","Plantation, FL","American/Sports Bar","$$-$$$","4.5/5 Google","542","N/A","Tripadvisor/restaurantji","Plantation"
"Al-Salam Halal Mediterranean","1816 N University Dr","Plantation, FL","Mediterranean/Halal","N/A","4.5/5 Google","435+ reviews","N/A","restaurantji.com","Plantation"
"Dar Tajine Moroccan","8281 W Sunrise Blvd","Plantation, FL","Moroccan","N/A","4.6/5 Google","328+ reviews","N/A","restaurantji.com","Plantation"
"Otoro Sushi + Asian Kitchen","1447 S University Dr","Plantation, FL","Sushi/Asian","N/A","4.5/5 Google","298+ reviews","N/A","restaurantji.com","Plantation"
"Al Natour Middle Eastern Restaurant","1787 N University Dr","Plantation, FL","Lebanese/Mediterranean","$$-$$$","4.5/5 Google","402","N/A","Tripadvisor/restaurantji","Plantation"
"Padrino's Cuban Restaurant (Plantation)","1039 S University Dr #210","Plantation, FL","Cuban","$$-$$$","4.3/5 Google","446","N/A","Tripadvisor","Plantation"
"Brio Italian Grille","N/A","Plantation, FL","Italian","$$-$$$","3.9/5 Google","748","N/A","Tripadvisor","Plantation"
"Koume Japanese Restaurant","N/A","Plantation, FL","Japanese/Sushi","$$-$$$","4.5/5 Google","255","N/A","Tripadvisor","Plantation"
"La Bamba Mexican and Spanish Restaurant","N/A","Plantation, FL","Mexican/Spanish","$$-$$$","4.4/5 Google","459","N/A","Tripadvisor","Plantation"
"Maple and Cream Restaurant","375 N University Dr","Plantation, FL","American/Brunch","$$-$$$","4.4/5 Google","459","N/A","Tripadvisor/restaurantji","Plantation"
"Ford's Garage Plantation","301 N University Dr Ste 600","Plantation, FL","American/Burgers","N/A","4.4/5 Google","547+ reviews","N/A","restaurantji.com","Plantation"
"Fonda Tipico Rinconcito Colombiano","3801 N University Dr Ste 306","Sunrise, FL","Colombian","N/A","4.9/5 Google","423+ reviews","N/A","restaurantji.com","Sunrise"
"One Lebanese","1396 SW 160th Ave","Sunrise, FL","Lebanese","N/A","4.8/5 Google","273+ reviews","N/A","restaurantji.com","Sunrise"
"Seasons 52 (Sunrise)","1862 Sawgrass Mills Cir","Sunrise, FL 33323","New American","$$$","4.6/5 Google","826+ reviews","N/A","restaurantji.com/Wanderlog","Sunrise"
"E41 - Embarcadero 41 (Sunrise)","189 NW 136th Ave","Sunrise, FL","Seafood","N/A","4.6/5 Google","540+ reviews","N/A","restaurantji.com","Sunrise"
"Outback Steakhouse (Sunrise)","12719 W Sunrise Blvd","Sunrise, FL","American/Steakhouse","$$-$$$","4.6/5 Google","591+ reviews","N/A","restaurantji.com","Sunrise"
"One Italian","1342 SW 160th Ave","Sunrise, FL","Italian","N/A","4.7/5 Google","338+ reviews","N/A","restaurantji.com","Sunrise"
"All That Jazz South Florida","3491 Hiatus Rd","Sunrise, FL","American","N/A","4.8/5 Google","268+ reviews","N/A","restaurantji.com","Sunrise"
"Don Matias Restaurant","7788 NW 44th St","Sunrise, FL","Colombian","N/A","4.6/5 Google","330+ reviews","N/A","restaurantji.com","Sunrise"
"Zaika Weston (Sunrise)","1384 SW 160th Ave","Sunrise, FL","Indian","N/A","4.7/5 Google","188+ reviews","N/A","restaurantji.com","Sunrise"
"Ceviche Point","10031 Sunset Strip","Sunrise, FL","Peruvian","N/A","4.5/5 Google","318+ reviews","N/A","restaurantji.com","Sunrise"
"Kings Head British Pub","2692 N University Dr #13","Sunrise, FL","British/Pub","N/A","4.7/5 Google","300+ reviews","N/A","restaurantji.com","Sunrise"
"Sankofa Kitchen International","5007 Hiatus Rd","Sunrise, FL","African","N/A","4.6/5 Google","124+ reviews","N/A","restaurantji.com","Sunrise"
"Lickie Stickie BBQ","7794 NW 44th St","Sunrise, FL","Barbecue","N/A","4.5/5 Google","172+ reviews","N/A","restaurantji.com","Sunrise"
"Yard House (Sunrise)","2610 Sawgrass Mills Cir Ste 1401","Sunrise, FL","New American/Gastropub","$$-$$$","4.3/5 Google","490+ reviews","N/A","restaurantji.com/Wanderlog","Sunrise"
"Grand Lux Cafe","1780 Sawgrass Mills Cir","Sunrise, FL","American/Italian","$$-$$$","4.3/5 Google","523+ reviews","N/A","restaurantji.com/Wanderlog","Sunrise"
"TEN TEN Chinese Seafood Dim Sum","10101 Sunset Strip","Sunrise, FL","Chinese/Dim Sum","N/A","4.3/5 Google","342+ reviews","N/A","restaurantji.com","Sunrise"
"Tea Time","7762 NW 44th St","Sunrise, FL","Tea Room/Cafe","N/A","4.8/5 Google","152+ reviews","N/A","restaurantji.com","Sunrise"
"Gigi's Music Cafe","4385 NW 88th Ave","Sunrise, FL","Soul Food","N/A","4.5/5 Google","176+ reviews","N/A","restaurantji.com","Sunrise"
"St Bess Kitchen","8318 W Oakland Park Blvd","Sunrise, FL","Caribbean/Seafood","N/A","4.2/5 Google","241+ reviews","N/A","restaurantji.com","Sunrise"
"Nirala Sweets & Restaurant","8913 W Oakland Park Blvd","Sunrise, FL","Pakistani/Indian","N/A","4.2/5 Google","328+ reviews","N/A","restaurantji.com","Sunrise"
"Bob G's Wings N Things","9060 W Commercial Blvd","Sunrise, FL","American","N/A","4.2/5 Google","321+ reviews","N/A","restaurantji.com","Sunrise"
"Olive Garden Italian Restaurant (Sunrise)","13500 W Sunrise Blvd","Sunrise, FL","Italian","$$","4.3/5 Google","99+ reviews","N/A","restaurantji.com","Sunrise"
"Sushigami","12801 W Sunrise Blvd","Sunrise, FL","Sushi/Japanese","N/A","4.2/5 Google","261+ reviews","N/A","restaurantji.com","Sunrise"
"Villagio","1760 Sawgrass Mills Cir","Sunrise, FL","Italian","$$-$$$","4.1/5 Google","395+ reviews","N/A","restaurantji.com/Wanderlog","Sunrise"
"Crafty Crab Sunrise","2019 N University Dr","Sunrise, FL","Seafood","$$-$$$","4.0/5 Google","200+ reviews","N/A","restaurantji.com","Sunrise"
"P.F. Chang's (Sunrise)","1740 Sawgrass Mills Cir","Sunrise, FL 33323","Chinese","$$-$$$","4.4/5 Google","1,022+ reviews","N/A","Wanderlog/restaurantji","Sunrise"
"Texas de Brazil - Sawgrass","2606 Sawgrass Mills Cir Ste 1301B","Sunrise, FL 33323","Brazilian Steakhouse","$$$$","4.3/5 Google","N/A","N/A","Wanderlog","Sunrise"
"Rainforest Cafe","12801 W Sunrise Blvd","Sunrise, FL 33323","American","$$","4.4/5 Google","N/A","N/A","Wanderlog","Sunrise"
"Bahama Breeze (Sunrise)","2750 Sawgrass Mills Cir","Sunrise, FL 33323","Caribbean","$$-$$$","4.3/5 Google","N/A","N/A","Wanderlog","Sunrise"
"Tin Fish","10053 Sunset Strip","Sunrise, FL 33322","Seafood","$$-$$$","4.3/5 Google","N/A","N/A","Wanderlog","Sunrise"
"Lester's Diner (Sunrise)","1393 NW 136th Ave","Sunrise, FL 33323","Diner/American","$","4.3/5 Google","N/A","N/A","Wanderlog","Sunrise"
"Matchbox","1860 Sawgrass Mills Cir #5100","Sunrise, FL 33323","New American","$$-$$$","4.4/5 Google","N/A","N/A","Wanderlog","Sunrise"
"Divieto Ristorante - Coral Springs","2729 N University Dr","Coral Springs, FL","Italian","$$-$$$","4.8/5 Google","444+ reviews","N/A","restaurantji.com/Tripadvisor","Coral Springs"
"El Balcon de las Americas - Coral Springs","7932 W Sample Rd","Coral Springs, FL","Colombian","N/A","4.9/5 Google","697+ reviews","N/A","restaurantji.com","Coral Springs"
"MTB Top Burgers","4320 N State Rd 7","Coral Springs, FL","Brazilian/Burgers","N/A","4.7/5 Google","424+ reviews","N/A","restaurantji.com","Coral Springs"
"Benihana - Coral Springs","1695 N University Dr","Coral Springs, FL","Japanese/Steakhouse","$$-$$$","4.3/5 Google","1,344+ reviews","N/A","restaurantji.com","Coral Springs"
"La Marsa Coral Springs","6268 West Sample Rd","Coral Springs, FL","Mediterranean","N/A","4.7/5 Google","295+ reviews","N/A","restaurantji.com","Coral Springs"
"E41 - Embarcadero 41 Coral Springs","3111 N University Dr #113","Coral Springs, FL","Seafood","N/A","4.7/5 Google","279+ reviews","N/A","restaurantji.com","Coral Springs"
"Livello","2047 N University Dr","Coral Springs, FL","Italian","N/A","4.7/5 Google","239+ reviews","N/A","restaurantji.com","Coral Springs"
"Lao Hu Tong","2554 N University Dr","Coral Springs, FL","Chinese","N/A","4.8/5 Google","172+ reviews","N/A","restaurantji.com","Coral Springs"
"KPOT Korean BBQ & Hot Pot (Coral Springs)","9120 Wiles Rd","Coral Springs, FL","Korean","N/A","4.7/5 Google","212+ reviews","N/A","restaurantji.com","Coral Springs"
"Carrabba's Italian Grill","2501 N University Dr","Coral Springs, FL","Italian","$$-$$$","4.6/5 Google","456+ reviews","N/A","restaurantji.com","Coral Springs"
"Patio Flamenco","9651 Westview Dr","Coral Springs, FL","Spanish","N/A","4.7/5 Google","187+ reviews","N/A","restaurantji.com","Coral Springs"
"Restaurante Colombiano","2049 N University Dr","Coral Springs, FL","Colombian","N/A","4.5/5 Google","420+ reviews","N/A","restaurantji.com","Coral Springs"
"Melting Pot (Coral Springs)","10374 W Sample Rd","Coral Springs, FL","Fondue/American","$$$$","4.5/5 Google","589+ reviews","N/A","restaurantji.com/Tripadvisor","Coral Springs"
"Eddie and Vinny's","10181 W Sample Rd","Coral Springs, FL","Italian","$$$$","4.7/5 Google","157","N/A","Tripadvisor/restaurantji","Coral Springs"
"SEA Asian Bistro","1933 N University Dr","Coral Springs, FL","Asian Fusion","N/A","4.5/5 Google","285+ reviews","N/A","restaurantji.com","Coral Springs"
"Tacocraft Taqueria & Tequila Bar (Coral Springs)","3240 N University Dr","Coral Springs, FL","Mexican","N/A","4.5/5 Google","276+ reviews","N/A","restaurantji.com","Coral Springs"
"Tap 42 Craft Kitchen & Bar (Coral Springs)","3111 N University Dr Ste 100","Coral Springs, FL","American","N/A","4.4/5 Google","597+ reviews","N/A","restaurantji.com","Coral Springs"
"Bravo Peruvian Kitchen (Coral Springs)","9711 W Sample Rd","Coral Springs, FL","Peruvian","N/A","4.5/5 Google","245+ reviews","N/A","restaurantji.com","Coral Springs"
"Moore Fire Grill","6291 W Sample Rd","Coral Springs, FL","Southern","N/A","4.6/5 Google","173+ reviews","N/A","restaurantji.com","Coral Springs"
"Phat Boy Sushi, Kitchen & Bar (Coral Springs)","2702 N University Dr","Coral Springs, FL","Sushi/Japanese","N/A","4.4/5 Google","460+ reviews","N/A","restaurantji.com","Coral Springs"
"Bonefish Grill (Coral Springs)","1455 N University Dr","Coral Springs, FL","Seafood","$$-$$$","4.4/5 Google","536+ reviews","N/A","restaurantji.com","Coral Springs"
"Runyon's","9810 W Sample Rd","Coral Springs, FL","Steakhouse/Fine Dining","$$$$","4.4/5 Google","442+ reviews","N/A","restaurantji.com/Tripadvisor","Coral Springs"
"Tarka Karahi and Kabab House","7881 W Sample Rd","Coral Springs, FL","Indian/Pakistani","N/A","4.4/5 Google","321+ reviews","N/A","restaurantji.com","Coral Springs"
"BJ's Restaurant & Brewhouse","1580 N University Dr","Coral Springs, FL","American/Brewpub","$$-$$$","4.3/5 Google","685+ reviews","N/A","restaurantji.com/Tripadvisor","Coral Springs"
"THE NAMU Korean Japanese Kitchen & Izakaya","10317 Royal Palm Blvd","Coral Springs, FL","Korean/Japanese","$$-$$$","4.3/5 Google","474+ reviews","N/A","restaurantji.com/Tripadvisor","Coral Springs"
"Big Bear Brewing Company","N/A","Coral Springs, FL","American/Brewpub","$$-$$$","4.3/5 Tripadvisor","838+ reviews","N/A","Tripadvisor","Coral Springs"
"The Cook and the Cork","N/A","Coral Springs, FL","American/International","$$-$$$","4.2/5 Google","435","N/A","Tripadvisor","Coral Springs"
"Rock n Roll Ribs","N/A","Coral Springs, FL","American/BBQ","$$-$$$","4.3/5 Tripadvisor","424+ reviews","N/A","Tripadvisor","Coral Springs"
"Red Ginger","N/A","Coral Springs, FL","Chinese/Sushi","$$-$$$","4.1/5 Tripadvisor","337+ reviews","N/A","Tripadvisor","Coral Springs"
"Bonefish Mac's Sports Grille","N/A","Coral Springs, FL","American/Bar","$$-$$$","4.1/5 Tripadvisor","311+ reviews","N/A","Tripadvisor","Coral Springs"
"Hellenic Republic","N/A","Coral Springs, FL","Greek/Mediterranean","$$-$$$","4.1/5 Tripadvisor","30+ reviews","N/A","Tripadvisor","Coral Springs"
"Hamachi Thai And Sushi","N/A","Coral Springs, FL","Japanese/Thai/Sushi","$$-$$$","4.1/5 Google","238","N/A","Tripadvisor","Coral Springs"
"Arun's Indian Kichen","N/A","Coral Springs, FL","Indian","$","4.4/5 Google","376","N/A","Tripadvisor","Coral Springs"
"Francisca Charcoal Chicken & Meats (Davie)","2258 S University Dr","Davie, FL","Latin American","N/A","4.9/5 Google","1,414+ reviews","N/A","restaurantji.com","Davie"
"Cilantro Asian Bistro","11590 W State Rd 84","Davie, FL","Sushi/Asian","$$-$$$","4.9/5 Google","652+ reviews","N/A","restaurantji.com/Tripadvisor","Davie"
"Twin Peaks (Davie)","2000 S University Dr","Davie, FL","American/Sports Bar","$$-$$$","4.8/5 Google","1,636+ reviews","N/A","restaurantji.com/Tripadvisor","Davie"
"The Greek Joint Kitchen and Bar","5810 S University Dr 118-119","Davie, FL","Greek","N/A","4.7/5 Google","304+ reviews","N/A","restaurantji.com","Davie"
"Pho Bar Vietnamese Kitchen (Davie)","6310 Griffin Rd","Davie, FL","Vietnamese","N/A","4.8/5 Google","659+ reviews","N/A","restaurantji.com","Davie"
"Buca di Beppo Italian Restaurant","3355 S University Dr","Davie, FL","Italian","$$-$$$","4.7/5 Google","844+ reviews","N/A","restaurantji.com/Tripadvisor","Davie"
"Alta Vaca Grill","7740 Nova Dr","Davie, FL","Argentine/Steakhouse","$$-$$$","4.8/5 Google","324+ reviews","N/A","restaurantji.com/Tripadvisor","Davie"
"Phat Boy Sushi, Kitchen & Bar (Davie)","2451 S University Dr","Davie, FL","Japanese/Sushi","N/A","4.7/5 Google","565+ reviews","N/A","restaurantji.com","Davie"
"Bae Korean Grill","5711 Seminole Way #100","Davie, FL","Korean","N/A","4.7/5 Google","608+ reviews","N/A","restaurantji.com","Davie"
"Esposito's Pizza Bar Restaurant","2221 S University Dr","Davie, FL","Italian/Pizza","N/A","4.7/5 Google","449+ reviews","N/A","restaurantji.com","Davie"
"Poke Ramen Asian Soul Kitchen","1908 S University Dr","Davie, FL","Asian/Poke/Ramen","N/A","4.7/5 Google","425+ reviews","N/A","restaurantji.com","Davie"
"Sushi Song Davie","6370 Griffin Rd Unit c101","Davie, FL","Sushi/Japanese","N/A","4.4/5 Google","155+ reviews","N/A","restaurantji.com","Davie"
"Lemongrass Hotpot","5450 S State Rd 7","Davie, FL","Chinese/Hot Pot","$$-$$$","4.7/5 Google","347+ reviews","N/A","restaurantji.com/Tripadvisor","Davie"
"Pinsa 104","4900 S University Dr Ste 104","Davie, FL","Italian","N/A","4.9/5 Google","107+ reviews","N/A","restaurantji.com","Davie"
"Palace Indian Restaurant","11422 W State Rd 84","Davie, FL","Indian","N/A","4.6/5 Google","435+ reviews","N/A","restaurantji.com","Davie"
"Emerald Thai Restaurant","8500 W State Rd 84","Davie, FL","Thai","N/A","4.8/5 Google","248+ reviews","N/A","restaurantji.com","Davie"
"My Big Fat Greek Restaurant","3445 Griffin Rd","Davie, FL","Greek","N/A","4.6/5 Google","446+ reviews","N/A","restaurantji.com","Davie"
"Zabb Thai & Sushi","8880 W State Rd 84","Davie, FL","Thai/Sushi","$$-$$$","4.6/5 Google","413","N/A","Tripadvisor/restaurantji","Davie"
"Kub Kao Thai & Sushi","4777 S University Dr","Davie, FL","Thai/Sushi","N/A","4.6/5 Google","263+ reviews","N/A","restaurantji.com","Davie"
"La Esquina Restaurante","13010 W State Rd 84","Davie, FL","Mexican","N/A","4.5/5 Google","456+ reviews","N/A","restaurantji.com","Davie"
"Oh Ceviche","5941 S University Dr","Davie, FL","Peruvian","N/A","4.6/5 Google","336+ reviews","N/A","restaurantji.com","Davie"
"A Taco by Divino","15651 Sheridan St Suite 700","Davie, FL","Mexican/Tacos","N/A","4.6/5 Google","191+ reviews","N/A","restaurantji.com","Davie"
"Elvis Italian Grille (Davie)","4261 Griffin Rd","Davie, FL","Italian","N/A","4.7/5 Google","115+ reviews","N/A","restaurantji.com","Davie"
"Peru Puro Sabor","5021 S State Rd 7 #209","Davie, FL","Peruvian","N/A","4.9/5 Google","67+ reviews","N/A","restaurantji.com","Davie"
"Mr. & Mrs. Crab Juicy Seafood & Bar","11432 W State Rd 84","Davie, FL","Seafood","$$-$$$","4.5/5 Google","284+ reviews","N/A","restaurantji.com/Tripadvisor","Davie"
"Kuro (Davie)","1 Seminole Way","Davie, FL","Japanese","N/A","4.5/5 Google","418+ reviews","N/A","restaurantji.com","Davie"
"Vienna Wine Bar","9100 W State Rd 84","Davie, FL 33324","European/Austrian","$$-$$$","4.5/5 Google","N/A","N/A","Wanderlog/Tripadvisor","Davie"
"Ceviche 595","1910 S University Dr","Davie, FL 33324","Peruvian/Seafood","$$-$$$","4.7/5 Google","155+ reviews","N/A","Wanderlog/Tripadvisor","Davie"
"Tijuana Taxi Co.","4400 S University Dr","Davie, FL 33328","Mexican/Tex-Mex","$$-$$$","4.1/5 Tripadvisor","349+ reviews","N/A","Wanderlog/Tripadvisor","Davie"
"Kristof's Kafe","8912 W State Rd 84","Davie, FL 33324","American/Breakfast","$$-$$$","4.4/5 Google","348","N/A","Wanderlog/Tripadvisor","Davie"
"Ally's Comfort Cafe","13674 W State Rd 84","Davie, FL 33325","American/Breakfast/Brunch","$","4.5/5 Google","338","N/A","Wanderlog/Tripadvisor","Davie"
"CJ Blacks","N/A","Davie, FL","American/Bar","$$-$$$","4.1/5 Google","346","N/A","Tripadvisor","Davie"
"Shorty's Bar-B-Q","N/A","Davie, FL","American/Barbecue","$$-$$$","3.8/5 Tripadvisor","190+ reviews","N/A","Tripadvisor","Davie"
"Billy's Tavern","N/A","Davie, FL","American/Bar","$$-$$$","4.0/5 Tripadvisor","126+ reviews","N/A","Tripadvisor","Davie"
"Tower Deli and Diner","N/A","Davie, FL","American/Deli","$$-$$$","4.2/5 Tripadvisor","79+ reviews","N/A","Tripadvisor","Davie"
"Vienna Cafe & Bistro","5724 S Flamingo Rd","Cooper City, FL","French","N/A","4.7/5 Google","453+ reviews","N/A","restaurantji.com","Cooper City"
"Firefly Italian Restaurant & Alfredo Pizza","4718 S Flamingo Rd","Cooper City, FL","Italian/Pizza","N/A","4.8/5 Google","220+ reviews","N/A","restaurantji.com","Cooper City"
"Melting Pot (Cooper City)","5834 S Flamingo Rd","Cooper City, FL","Fondue/American","$$$$","4.6/5 Google","584+ reviews","N/A","restaurantji.com","Cooper City"
"Sicilian Oven (Cooper City)","5544 S Flamingo Rd","Cooper City, FL","Italian/Pizza","$$-$$$","4.6/5 Google","220+ reviews","N/A","restaurantji.com","Cooper City"
"Panguich","10215 Stirling Rd","Cooper City, FL","Peruvian","N/A","4.7/5 Google","133+ reviews","N/A","restaurantji.com","Cooper City"
"Tin Cup Sports Bar & Grill","5050 SW 90th Ave","Cooper City, FL","American/Bar","N/A","4.7/5 Google","211+ reviews","N/A","restaurantji.com","Cooper City"
"Napoli Now! Pizza Napoletana","9630 Stirling Rd #102","Cooper City, FL","Italian/Pizza","N/A","4.7/5 Google","115+ reviews","N/A","restaurantji.com","Cooper City"
"Wolf's Steakhouse","8655 Stirling Rd","Cooper City, FL","Steakhouse","$$$$","4.4/5 Google","579+ reviews","N/A","restaurantji.com","Cooper City"
"Vegan Tierra","8755 Stirling Rd","Cooper City, FL","Vegan","N/A","4.5/5 Google","249+ reviews","N/A","restaurantji.com","Cooper City"
"Effe Cafe","10295 Stirling Rd","Cooper City, FL","Cafe/Italian","N/A","4.7/5 Google","122+ reviews","N/A","restaurantji.com","Cooper City"
"Taj Indian Grill","5602 S Flamingo Rd","Cooper City, FL","Indian","N/A","4.5/5 Google","197+ reviews","N/A","restaurantji.com","Cooper City"
"Luv'n Oven Pizza & Pasta","9410 Griffin Rd","Cooper City, FL","Italian/Pizza","N/A","4.4/5 Google","245+ reviews","N/A","restaurantji.com","Cooper City"
"Vita Italian Restaurant & Pizza","10014 Griffin Rd","Cooper City, FL","Italian/Pizza","N/A","4.4/5 Google","267+ reviews","N/A","restaurantji.com","Cooper City"
"La Brochette Bistro","N/A","Cooper City, FL","French/Mediterranean","$$$","N/A","N/A","N/A","SoFloTrend","Cooper City"
"Litchi Ramen","8751 Stirling Rd","Cooper City, FL","Ramen/Asian","N/A","4.6/5 Google","148+ reviews","N/A","restaurantji.com","Cooper City"
"Taste Of The City","9940 Griffin Rd","Cooper City, FL","Cafe/American","N/A","4.5/5 Google","220+ reviews","N/A","restaurantji.com","Cooper City"
"Farmer's Table","1901 N Military Trl","Boca Raton, FL 33431","New American","$$$","4.4/5 Google","3,800+","N/A","Wanderlog","Boca Raton"
"Abe & Louie's Boca Raton","2200 Glades Rd","Boca Raton, FL 33431","Steakhouse","$$$$","4.5/5 Google","1,350+","N/A","Wanderlog","Boca Raton"
"Six Tables a Restaurant (STaR)","112 NE 2nd St, Mizner Plaza","Boca Raton, FL 33432","European/Continental","$$$$","4.7/5 Google","120+","N/A","Wanderlog","Boca Raton"
"Kapow Noodle Bar","402 Plaza Real","Boca Raton, FL 33432","Asian Fusion","$$","4.5/5 Google","1,600+","N/A","Wanderlog","Boca Raton"
"Seasons 52 (Boca Raton)","2300 NW Executive Center Dr","Boca Raton, FL 33431","New American","$$","4.6/5 Google","2,800+","N/A","Wanderlog","Boca Raton"
"TwentyTwenty Grille","141 Via Naranjas, Royal Palm Place","Boca Raton, FL 33432","New American","$$$","4.8/5 Google","900+","N/A","Wanderlog","Boca Raton"
"The Capital Grille (Boca Raton)","6000 Glades Rd","Boca Raton, FL 33431","Steakhouse","$$$$","4.6/5 Google","1,500+","N/A","Wanderlog","Boca Raton"
"V & S Italian Deli","2621 N Federal Hwy","Boca Raton, FL 33431","Italian/Deli","$$","4.7/5 Google","N/A","N/A","Wanderlog","Boca Raton"
"La Nouvelle Maison","455 E Palmetto Park Rd","Boca Raton, FL 33432","French","$$$$","4.4/5 Google","550+","N/A","Wanderlog","Boca Raton"
"City Fish Market","7940 Glades Rd","Boca Raton, FL 33434","Seafood","$$$","4.3/5 Google","N/A","N/A","Wanderlog","Boca Raton"
"Houston's (Boca Raton)","1900 NW Executive Center Cir","Boca Raton, FL 33431","American","$$$","4.2/5 Google","2,500+","N/A","Wanderlog","Boca Raton"
"Chops Lobster Bar","101 Plaza Real S","Boca Raton, FL 33432","Steakhouse/Seafood","$$$$","4.6/5 Google","1,650+","N/A","Wanderlog","Boca Raton"
"Ichiyami Buffet & Sushi","145 SE Mizner Blvd","Boca Raton, FL 33432","Japanese/Sushi Buffet","$$","4.6/5 Google","4,000+","N/A","Wanderlog","Boca Raton"
"Tin Muffin Cafe","364 E Palmetto Park Rd","Boca Raton, FL 33432","American/Cafe","$","4.7/5 Google","425+","N/A","Wanderlog","Boca Raton"
"Rocco's Tacos & Tequila Bar (Boca Raton)","Boca Center","Boca Raton, FL 33431","Mexican","$$","4.3/5 Google","N/A","N/A","Wanderlog","Boca Raton"
"Ke'e Grill","17940 N Military Trl #700","Boca Raton, FL 33496","Seafood/American","$$$","4.5/5 Google","910+","N/A","Wanderlog","Boca Raton"
"J. Alexander's Restaurant (Boca Raton)","1400 Glades Rd Bay 200","Boca Raton, FL 33431","American","$$$","4.4/5 Google","1,900+","N/A","Wanderlog","Boca Raton"
"New York Prime","2350 NW Executive Center Dr","Boca Raton, FL 33431","Steakhouse","$$$$","4.4/5 Google","1,150+","N/A","Wanderlog","Boca Raton"
"Casa D'Angelo Ristorante (Boca Raton)","171 E Palmetto Park Rd","Boca Raton, FL 33432","Italian","$$$$","4.4/5 Google","N/A","N/A","Wanderlog","Boca Raton"
"Tanzy","301 Plaza Real","Boca Raton, FL 33432","Italian","$$$$","4.3/5 Google","600+","N/A","Wanderlog","Boca Raton"
"Melting Pot (Boca Raton)","N/A","Boca Raton, FL","Fondue","$$$$","4.7/5 Google","1,170+","N/A","Wanderlog","Boca Raton"
"Rafina Greek Taverna","6877 SW 18th St","Boca Raton, FL 33433","Greek","$$","4.3/5 Google","N/A","N/A","Wanderlog","Boca Raton"
"SeaSpray Inlet Grill","999 E Camino Real","Boca Raton, FL 33432","Florida Coastal","$$","4.1/5 Google","N/A","N/A","Wanderlog","Boca Raton"
"Boca Landing","999 E Camino Real","Boca Raton, FL 33432","Fine Dining/Seafood","$$$$","4.1/5 Google","N/A","N/A","Wanderlog","Boca Raton"
"Waterstone Rum Bar & Grill","999 E Camino Real","Boca Raton, FL 33432","Bar & Grill","$$","4.1/5 Google","N/A","N/A","Wanderlog","Boca Raton"
"Gary Rack's Farmhouse Kitchen Boca","399 SE Mizner Blvd","Boca Raton, FL 33432","American/Asian Fusion","$$","4.2/5 Google","760+","N/A","Wanderlog","Boca Raton"
"True Food Kitchen (Boca Raton)","6000 Glades Rd Unit 1015A","Boca Raton, FL 33431","Health Food/American","$$","4.6/5 Google","2,700+","N/A","Wanderlog","Boca Raton"
"Max's Grille","404 Plaza Real","Boca Raton, FL 33432","American/Seafood/Sushi","$$","4.4/5 Google","1,930+","N/A","Wanderlog","Boca Raton"
"Louie Bossi's Ristorante Bar Pizzeria (Boca Raton)","Mizner Park area","Boca Raton, FL 33432","Italian","$$$$","4.3/5 Google","N/A","N/A","Wanderlog","Boca Raton"
"Luff's Fish House","390 E Palmetto Park Rd","Boca Raton, FL 33432","Seafood","$$$","4.5/5 Google","1,390+","N/A","Wanderlog","Boca Raton"
"The Boca Lobster Roll Co","771 E Palmetto Park Rd","Boca Raton, FL 33432","Seafood/Lobster Rolls","$","4.2/5 Google","320+","N/A","Wanderlog","Boca Raton"
"Eddie V's Prime Seafood","201 Plaza Real","Boca Raton, FL 33432","Seafood/Steakhouse","$$$$","4.6/5 Google","379","(561) 237-0067","Yelp/Boca Chamber","Boca Raton"
"Sixty Vines (Boca Raton)","5050 Town Center Cir Suite 239","Boca Raton, FL 33486","New American/Wine Bar","$$$","4.5/5 Google","710","(561) 961-3131","Yelp","Boca Raton"
"The Whale's Rib","2031 NE 2nd St","Deerfield Beach, FL 33441","Seafood","$$$","4.5/5 Google","4,600+","N/A","Wanderlog","Deerfield Beach"
"JB's on the Beach","300 NE 21st Ave","Deerfield Beach, FL 33441","Seafood","$$$","4.5/5 Google","6,600+","N/A","Wanderlog","Deerfield Beach"
"Casa Maya Grill","201 SE 15th Terrace #101, Cove Shopping Center","Deerfield Beach, FL 33441","Mexican","$$","4.4/5 Google","455+","N/A","Wanderlog","Deerfield Beach"
"Amante's Italian Restaurant","2009 NE 2nd St","Deerfield Beach, FL 33441","Italian","$$","4.3/5 Google","N/A","N/A","Wanderlog","Deerfield Beach"
"Flanigan's Seafood Bar and Grill (Deerfield Beach)","2041 NE 2nd St","Deerfield Beach, FL 33441","American/Seafood","$$","4.3/5 Google","3,750+","N/A","Wanderlog","Deerfield Beach"
"The Cove","1754 SE 3rd Ct","Deerfield Beach, FL 33441","Seafood/Tiki Bar","$$","4.3/5 Google","700+","N/A","Wanderlog","Deerfield Beach"
"Oceans 234","234 N Ocean Dr","Deerfield Beach, FL 33441","Seafood/Bistro","$$$","4.5/5 Google","3,770+","N/A","Wanderlog","Deerfield Beach"
"Little Havana Restaurant (Deerfield Beach)","721 S Federal Hwy","Deerfield Beach, FL 33441","Cuban","$$","4.4/5 Google","N/A","N/A","Wanderlog","Deerfield Beach"
"Patio Bar & Grill","2096 NE 2nd St","Deerfield Beach, FL 33441","American/Seafood","$$","4.3/5 Google","N/A","N/A","Wanderlog","Deerfield Beach"
"Baja Cafe","1310 S Federal Hwy","Deerfield Beach, FL 33441","Mexican","$$","4.4/5 Google","N/A","N/A","Wanderlog","Deerfield Beach"
"Luigi di Roma Italian Ristorante","718 S Federal Hwy","Deerfield Beach, FL 33441","Italian","$$","4.4/5 Google","N/A","N/A","Wanderlog","Deerfield Beach"
"The Sticky Bun","1619 SE 3rd Ct","Deerfield Beach, FL 33441","Breakfast/Brunch","$$","4.6/5 Google","N/A","N/A","Wanderlog","Deerfield Beach"
"Charm City Burger Company","1136 E Hillsboro Blvd","Deerfield Beach, FL 33441","Burgers","$$","4.5/5 Google","N/A","N/A","Wanderlog","Deerfield Beach"
"Kevin's Sushi & Thai","706 Federal Hwy","Deerfield Beach, FL 33441","Sushi/Thai","$$","4.6/5 Google","N/A","N/A","Wanderlog","Deerfield Beach"
"Tipperary Pub","1540 SE 3rd Ct","Deerfield Beach, FL 33441","Irish Pub","$$","4.4/5 Google","N/A","N/A","Wanderlog","Deerfield Beach"
"JByrd's Muddy Waters Restaurant & Raw Bar","2237 W Hillsboro Blvd","Deerfield Beach, FL 33442","Seafood/Sports Bar","$$","4.4/5 Google","2,670+","N/A","Wanderlog","Deerfield Beach"
"Pop's Fish Market","131 W Hillsboro Blvd","Deerfield Beach, FL 33441","Seafood Market/Restaurant","$$","4.7/5 Google","310+","N/A","Wanderlog","Deerfield Beach"
"El Balcon de las Americas (Deerfield Beach)","246 S Powerline Rd","Deerfield Beach, FL 33442","Colombian","$$","4.7/5 Google","5898","N/A","Restaurantji","Deerfield Beach"
"Fogueira Crab Churrascaria","3887 W Hillsboro Blvd","Deerfield Beach, FL 33442","Seafood/Brazilian","$$","4.4/5 Google","1317","N/A","Restaurantji","Deerfield Beach"
"Quick Bite Thai & Sushi","470 W Hillsboro Blvd","Deerfield Beach, FL 33442","Thai/Sushi","$$","4.8/5 Google","482","N/A","Restaurantji","Deerfield Beach"
"Adega Gaucha Brazilian Steakhouse","240 S Federal Hwy","Deerfield Beach, FL 33441","Brazilian Steakhouse","$$$","5.0/5 Google","1869","N/A","Restaurantji","Deerfield Beach"
"Temak House Florida","420 W Hillsboro Blvd","Deerfield Beach, FL 33441","Sushi Bar","$$","4.8/5 Google","1047","N/A","Restaurantji","Deerfield Beach"
"Ciao Bella Trattoria","1380 S Federal Hwy","Deerfield Beach, FL 33441","Italian","$$","4.7/5 Google","247","N/A","Restaurantji","Deerfield Beach"
"Masamune Japanese Restaurant","310 S Federal Hwy","Deerfield Beach, FL 33441","Japanese","$$","4.5/5 Google","684","N/A","Restaurantji","Deerfield Beach"
"Pukara Peruvian Cuisine on the Beach","241b N Ocean Dr","Deerfield Beach, FL 33441","Peruvian","$$","4.6/5 Google","232","N/A","Restaurantji","Deerfield Beach"
"Tradition Restaurant","626 S Federal Hwy","Deerfield Beach, FL 33441","French","$$$","4.7/5 Google","197","N/A","Restaurantji","Deerfield Beach"
"Papa Sauce","269 S Dixie Hwy B","Deerfield Beach, FL 33441","Barbecue","$$","4.6/5 Google","200","N/A","Restaurantji","Deerfield Beach"
"St. Pat's Irish Pub","1600 E Hillsboro Blvd","Deerfield Beach, FL 33441","Irish Pub","$$","4.4/5 Google","267","N/A","Restaurantji","Deerfield Beach"
"Hook Fish and Chicken","244 W Hillsboro Blvd","Deerfield Beach, FL 33441","Fried Seafood","$","4.2/5 Google","1,845+","N/A","Wanderlog","Deerfield Beach"
"Papa's Raw Bar","4610 N Federal Hwy","Lighthouse Point, FL 33064","Seafood/Asian Fusion","$$","4.6/5 Google","N/A","N/A","Wanderlog","Pompano Beach"
"Fish Shack","2460 N Federal Hwy","Lighthouse Point, FL 33064","Seafood","$$","4.7/5 Google","1,886+","N/A","Wanderlog","Pompano Beach"
"Calypso Restaurant & Raw Bar","460 S Cypress Rd","Pompano Beach, FL 33060","Caribbean/Seafood","$$","4.7/5 Google","1,166+","N/A","Wanderlog","Pompano Beach"
"Beach House (Pompano Beach)","270 N Pompano Beach Blvd","Pompano Beach, FL 33062","American/Seafood","$$","4.4/5 Google","5,569+","N/A","Wanderlog","Pompano Beach"
"La Vie Mediterranean","281 S Pompano Pkwy","Pompano Beach, FL 33069","Lebanese/Mediterranean","$$","4.7/5 Google","3,988+","N/A","Wanderlog","Pompano Beach"
"Checkers Old Munchen","2209 E Atlantic Blvd","Pompano Beach, FL 33062","German","$","4.6/5 Google","1,975+","N/A","Wanderlog","Pompano Beach"
"The Foundry","2781 E Atlantic Blvd","Pompano Beach, FL 33062","American/Wood-fired Pizza","$$","4.4/5 Google","2,519+","N/A","Wanderlog","Pompano Beach"
"Houston's (Pompano Beach)","2821 E Atlantic Blvd","Pompano Beach, FL 33062","American Steakhouse","$$$","4.2/5 Google","4,129+","N/A","Wanderlog","Pompano Beach"
"Cafe Maxx","2601 E Atlantic Blvd","Pompano Beach, FL 33062","Fine Dining/American","$$$$","4.6/5 Google","534+","N/A","Wanderlog","Pompano Beach"
"Gianni's","1601 E Atlantic Blvd","Pompano Beach, FL 33060","Italian","$$","4.6/5 Google","2,184+","N/A","Wanderlog","Pompano Beach"
"Cafe Brie","2765 E Atlantic Blvd","Pompano Beach, FL 33062","Breakfast/Brunch","$","4.7/5 Google","N/A","N/A","Wanderlog","Pompano Beach"
"Shishka Lebanese Grill","1901 N Federal Hwy Unit 109","Pompano Beach, FL 33062","Lebanese","$$","4.5/5 Google","815+","N/A","Wanderlog","Pompano Beach"
"Lucky Fish Beach Bar + Grill","222 N Pompano Beach Blvd","Pompano Beach, FL 33062","Seafood/Bar & Grill","$$","4.6/5 Google","4,690+","N/A","Wanderlog","Pompano Beach"
"La Perla di Pompano","420 N Federal Hwy","Pompano Beach, FL 33062","Italian/Sicilian","$$","4.7/5 Google","559+","N/A","Wanderlog","Pompano Beach"
"Baresco (Pompano Beach)","225 N Pompano Beach Blvd","Pompano Beach, FL 33062","Mexican","$$","4.3/5 Google","815+","N/A","Wanderlog","Pompano Beach"
"South Bar & Kitchen","165 NE 1st Ave","Pompano Beach, FL 33060","Southern/American","$$","4.5/5 Google","N/A","N/A","Wanderlog","Pompano Beach"
"J. Mark's Restaurant","1490 NE 23rd St","Pompano Beach, FL 33062","American/Steakhouse","$$","4.4/5 Google","N/A","N/A","Wanderlog","Pompano Beach"
"Oceanic at Pompano Beach Pier","250 N Pompano Beach Blvd","Pompano Beach, FL 33062","American/Seafood","$$$","4.6/5 Google","3,931+","N/A","Wanderlog","Pompano Beach"
"Deep Oceanfront Restaurant and Bar","1200 S Ocean Blvd","Pompano Beach, FL 33062","American/Seafood","$$","4.4/5 Google","N/A","N/A","Wanderlog","Pompano Beach"
"Lester's Diner (Pompano Beach)","1924 E Atlantic Blvd","Pompano Beach, FL 33060","American Diner","$$","4.4/5 Google","N/A","N/A","Wanderlog","Pompano Beach"
"Seaside Grill & Tiki Bar","Lighthouse Cove Resort","Pompano Beach, FL 33062","Seafood","$$","4.2/5 Google","N/A","N/A","Wanderlog","Pompano Beach"
"The Rabbit Hole","2659 E Atlantic Blvd","Pompano Beach, FL 33062","Vegan Comfort/Soul Food","$$","4.8/5 Google","569","N/A","Yelp","Pompano Beach"
"Revelry","227 S Federal Hwy","Pompano Beach, FL 33062","Beer Bar/American","$$","4.9/5 Google","295","N/A","Yelp/Tripadvisor","Pompano Beach"
"City Oyster & Sushi Bar","213 E Atlantic Ave","Delray Beach, FL 33444","Seafood/Sushi","$$$","4.5/5 Google","2,074+","N/A","Wanderlog","Delray Beach"
"Deck 84","840 E Atlantic Ave","Delray Beach, FL 33483","American/Seafood","$$$","4.4/5 Google","N/A","N/A","Wanderlog","Delray Beach"
"50 Ocean","50 S Ocean Blvd","Delray Beach, FL 33483","Seafood/American","$$$$","4.2/5 Google","N/A","N/A","Wanderlog","Delray Beach"
"Dada","52 N Swinton Ave","Delray Beach, FL 33444","American/Eclectic","$$$","4.6/5 Google","3,001+","N/A","Wanderlog","Delray Beach"
"Amar Mediterranean Kitchen & Bar","25 SE 6th Ave","Delray Beach, FL 33483","Mediterranean/Lebanese","$$$","4.6/5 Google","852+","N/A","Wanderlog","Delray Beach"
"The Office Delray","201 E Atlantic Ave","Delray Beach, FL 33444","American Gastropub","$$$","4.3/5 Google","N/A","N/A","Wanderlog","Delray Beach"
"Brule GastroKitchen","200 NE 2nd Ave","Delray Beach, FL 33444","Bistro/New American","$$$","4.5/5 Google","N/A","N/A","Wanderlog","Delray Beach"
"The Grove (Delray Beach)","187 NE 2nd Ave","Delray Beach, FL 33444","American/Contemporary","$$$","4.5/5 Google","316+","N/A","Wanderlog","Delray Beach"
"Rose's Daughter","169 NE 2nd Ave","Delray Beach, FL 33444","Italian","$$$","4.4/5 Google","N/A","N/A","Wanderlog","Delray Beach"
"Rosewater Rooftop by Akira Back","233 NE 2nd Ave 5th Fl, The Ray Hotel","Delray Beach, FL 33444","American/Asian Fusion","$$$$","3.9/5 Google","N/A","N/A","Wanderlog","Delray Beach"
"Akira Back","233 NE 2nd Ave","Delray Beach, FL 33444","Japanese/Asian Fusion","$$$$","4.4/5 Google","N/A","N/A","Wanderlog","Delray Beach"
"The Standard Delray","166 SE 2nd Ave","Delray Beach, FL 33444","American","$$$","4.5/5 Google","112+","N/A","Wanderlog","Delray Beach"
"El Camino (Delray Beach)","15 NE 2nd Ave","Delray Beach, FL 33444","Mexican","$$$","4.5/5 Google","3,907+","N/A","Wanderlog","Delray Beach"
"Caffe Luna Rosa","34 S Ocean Blvd","Delray Beach, FL 33483","Italian/Seafood/Brunch","$$$","4.3/5 Google","N/A","N/A","Wanderlog","Delray Beach"
"Lemongrass Asian Bistro Sushi","420 E Atlantic Ave","Delray Beach, FL 33483","Asian Fusion/Sushi","$$$","4.4/5 Google","N/A","N/A","Wanderlog","Delray Beach"
"Park Tavern","32 SE 2nd Ave","Delray Beach, FL 33444","American Tavern","$$$","4.4/5 Google","1,736+","N/A","Wanderlog","Delray Beach"
"Tramonti Ristorante","119 E Atlantic Ave","Delray Beach, FL 33444","Italian","$$$","4.5/5 Google","N/A","N/A","Wanderlog","Delray Beach"
"Mussel Beach","501 E Atlantic Ave","Delray Beach, FL 33483","Seafood","$$$","4.5/5 Google","N/A","N/A","Wanderlog","Delray Beach"
"Gary Rack's Farmhouse Kitchen Delray","N/A","Delray Beach, FL 33483","American/Farm-to-Table","$$$","4.5/5 Google","N/A","N/A","Wanderlog","Delray Beach"
"RACKS Fish House + Oyster Bar","5 SE 2nd Ave","Delray Beach, FL 33444","Seafood/Oyster Bar","$$$","4.4/5 Google","N/A","N/A","Wanderlog","Delray Beach"
"Boston's on the Beach","40 S Ocean Blvd","Delray Beach, FL 33483","Seafood/Sports Bar","$$$","4.1/5 Google","N/A","N/A","Wanderlog","Delray Beach"
"Lionfish Modern Coastal Cuisine","307 E Atlantic Ave","Delray Beach, FL 33483","Seafood","$$$","4.2/5 Google","N/A","N/A","Wanderlog","Delray Beach"
"Red Crab Juicy Seafood","4979 W Atlantic Ave","Delray Beach, FL 33445","Seafood/Cajun","$$$","4.6/5 Google","N/A","N/A","Wanderlog","Delray Beach"
"J&J Seafood Bar and Grill","634 E Atlantic Ave","Delray Beach, FL 33483","Seafood","$$$","4.6/5 Google","N/A","N/A","Wanderlog","Delray Beach"
"Atlantic Grille","1000 E Atlantic Ave","Delray Beach, FL 33483","Seafood/American","$$$","4.2/5 Google","N/A","N/A","Wanderlog","Delray Beach"
"Sandbar (Delray Beach)","40 S Ocean Blvd","Delray Beach, FL 33483","Casual/Seafood","$$$","4.2/5 Google","N/A","N/A","Wanderlog","Delray Beach"
"SALT7","Downtown Delray Beach","Delray Beach, FL 33483","Contemporary/Steakhouse","$$$","4.1/5 Google","N/A","N/A","Wanderlog","Delray Beach"
"CASA L'ACQUA Ristorante Italiano","9 SE 7th Ave","Delray Beach, FL 33483","Italian","$$$","4.3/5 Google","481+","N/A","Wanderlog","Delray Beach"
"Pura Vida (Delray Beach)","6 S Ocean Blvd","Delray Beach, FL 33483","Cafe/Health Food","$$$","4.7/5 Google","591+","N/A","Wanderlog","Delray Beach"
"Sundy House","106 S Swinton Ave","Delray Beach, FL 33444","Fine Dining/Brunch","$$$$","4.3/5 Google","N/A","N/A","Wanderlog","Delray Beach"
"Le Sorelle Restaurant","20 SE 5th Ave","Delray Beach, FL 33483","Italian","$$$$","4.8/5 Google","N/A","N/A","Wanderlog","Delray Beach"
"Le Colonial Delray Beach","601 E Atlantic Ave","Delray Beach, FL 33483","Vietnamese/French Fusion","$$$$","4.0/5 Google","N/A","N/A","Wanderlog","Delray Beach"
"Bamboo Fire Cafe","149 NE 4th Ave","Delray Beach, FL 33483","Caribbean","$$$","4.8/5 Google","N/A","N/A","Wanderlog","Delray Beach"
"The Hampton Social","40 NE 7th Ave Suite 100","Delray Beach, FL 33483","Seafood/American","$$$","4.3/5 Google","851","(561) 404-1155","Yelp","Delray Beach"
"Yama Japanese Restaurant","200 NE 2nd Ave Ste 110","Delray Beach, FL 33444","Japanese","$$","4.4/5 Google","281","(561) 266-9929","Yelp","Delray Beach"
"Latitudes - Delray Sands Resort","2809 S Ocean Blvd","Highland Beach, FL 33487","Seafood/American","$$$$","4.5/5 Google","N/A","N/A","Wanderlog","Delray Beach"
"Cotoletta","3206 Grand Ave","Coconut Grove, FL 33133","Italian","$$$","4.0/5 Google","79","N/A","restaurantji.com","Coconut Grove"
"Atchana's Homegrown Thai","3194 Commodore Plaza","Coconut Grove, FL 33133","Thai","$$","4.5/5 Google","316","N/A","restaurantji.com","Coconut Grove"
"Strada in the Grove","3197 Commodore Plaza","Coconut Grove, FL 33133","Italian","$$","4.2/5 Google","352","N/A","restaurantji.com","Coconut Grove"
"Jaguar Restaurant","3067 Grand Ave","Coconut Grove, FL 33133","Latin American/Ceviche","$$","4.5/5 Google","736","(305) 444-0216","restaurantji.com","Coconut Grove"
"Casa Xabi","3145 Commodore Plaza","Coconut Grove, FL 33133","Basque/Spanish","N/A","4.7/5 Google","568","(786) 641-5102","wanderlog.com","Coconut Grove"
"Bodega Taqueria y Tequila","3419 Main Hwy","Coconut Grove, FL 33133","Mexican","$$","3.7/5 Google","78","N/A","restaurantji.com","Coconut Grove"
"Lulu in the Grove","3105 Commodore Plaza","Coconut Grove, FL 33133","Mediterranean/Tapas","$$","3.9/5 Google","209","N/A","restaurantji.com","Coconut Grove"
"1986 Steakhouse (Coconut Grove)","2911 Grand Ave Ste 111","Coconut Grove, FL 33133","Argentine Steakhouse","N/A","4.3/5 Google","30","N/A","restaurantji.com","Coconut Grove"
"Narbona Coconut Grove","3015 Grand Ave Ste 116","Coconut Grove, FL 33133","Wine Bar/Uruguayan-Italian","$$","4.7/5 Google","348","N/A","restaurantji.com","Coconut Grove"
"Level 6 Rooftop Restaurant","3480 Main Hwy 6th Floor","Coconut Grove, FL 33133","Lounge/Latin","$$$","4.2/5 Google","618","N/A","restaurantji.com","Coconut Grove"
"Sandbar Sports Grill","3064 Grand Ave","Coconut Grove, FL 33133","Sports Bar/American","$$","3.9/5 Google","251","N/A","restaurantji.com","Coconut Grove"
"RedFarm","3131 Commodore Plaza","Coconut Grove, FL 33133","Chinese-American","$$$$","4.2/5 Google","141","N/A","restaurantji.com","Coconut Grove"
"Emissary","3308 Mary St","Coconut Grove, FL 33133","Cafe/Natural Wine Bar","$$","4.3/5 Google","185","N/A","editorial","Coconut Grove"
"Grove Grocer","3098 Fuller St Unit 11","Coconut Grove, FL 33133","Sandwiches/Market","$","4.5/5 Google","64","(305) 669-2169","The Infatuation","Coconut Grove"
"Afishonado","3385 Pan American Dr","Coconut Grove, FL 33133","Seafood (Regatta Harbour)","$$$","N/A","N/A","N/A","Regatta Harbour press","Coconut Grove"
"Blonde Bistro","3390 Mary St","Coconut Grove, FL 33133","Cafe/Bistro","$$","4.3/5 Google","21","N/A","miamiluxuryhomes.com","Coconut Grove"
"Kush by Spillover","2911 Grand Ave","Coconut Grove, FL 33133","Burgers/Seafood","$$","4.5/5 Google","182","N/A","miamiluxuryhomes.com","Coconut Grove"
"Saffron @ Grove","2982A Grand Ave","Coconut Grove, FL 33133","Indian/South Florida","$$","4.5/5 Google","225","N/A","miamiluxuryhomes.com","Coconut Grove"
"Alluva at Park Grove","2821 S Bayshore Dr","Coconut Grove, FL 33133","Contemporary American","$$$$","4.4/5 Google","10","N/A","miamiluxuryhomes.com","Coconut Grove"
"La Perla Ceviches & Rolls","2219 N Commerce Pkwy","Weston, FL 33326","Peruvian","$$","4.5/5 Google","135","N/A","restaurantji.com","Weston"
"El Colombiano","2221 N Commerce Pkwy","Weston, FL 33326","Colombian","$$","4.6/5 Google","452","N/A","restaurantji.com","Weston"
"Olenka Peruvian Bistro","Weston Rd area","Weston, FL 33326","Peruvian","$$","4.6/5 Google","403","N/A","restaurantji.com","Weston"
"PANNA Weston Town Center","Weston Town Center","Weston, FL 33326","Venezuelan","$$","4.7/5 Google","358","N/A","restaurantji.com","Weston"
"La Rural Mexican Grill","1735 Main St","Weston, FL 33326","Mexican","$$","4.6/5 Google","226","N/A","restaurantji.com","Weston"
"Suri Sushi Thai","N/A","Weston, FL 33326","Thai/Sushi","$$","4.5/5 Google","211","N/A","restaurantji.com","Weston"
"La Granja Weston","N/A","Weston, FL 33326","Peruvian Rotisserie Chicken","$","4.1/5 Google","240","N/A","restaurantji.com","Weston"
"Arepas Magnet Plus","N/A","Weston, FL 33326","Venezuelan/Latin American","$","3.9/5 Google","140","N/A","restaurantji.com","Weston"
"Las Rikuras De Weston","N/A","Weston, FL 33326","Colombian","$$","4.1/5 Google","157","N/A","restaurantji.com","Weston"
"Masan Asian Grill","N/A","Weston, FL 33326","Asian Fusion","$$","3.6/5 Google","154","N/A","restaurantji.com","Weston"
"POC American Fusion Buffet & Sushi","1651 Bonaventure Blvd","Weston, FL 33326","Asian Fusion/Buffet","$$","4.0/5 Google","273","N/A","restaurantji.com","Weston"
"Yum Korea","N/A","Weston, FL 33326","Korean","$$","4.4/5 Google","249","N/A","restaurantji.com","Weston"
"El Gallo Taqueria","N/A","Weston, FL 33326","Mexican","$","4.6/5 Google","185","N/A","restaurantji.com","Weston"
"Sabor Venezolano Weston","N/A","Weston, FL 33326","Venezuelan","$","4.5/5 Google","27","N/A","restaurantji.com","Weston"
"La Birra Bar (Burgers) - Weston","N/A","Weston, FL 33326","Burgers/Gastropub","$$","4.4/5 Google","100","N/A","restaurantji.com","Weston"
"DelVecchio's Pizzeria & Italian Restaurant","1795 Bell Tower Ln","Weston, FL 33326","Italian/Pizza","$$","3.9/5 Google","237","N/A","restaurantji.com","Weston"
"DelVecchio's Pizzeria World Headquarters","1675 N Commerce Pkwy","Weston, FL 33326","Italian/Pizza","$$","3.3/5 Google","44","N/A","restaurantji.com","Weston"
"Pizza Lovers Bistro","1691 Bonaventure Blvd","Weston, FL 33326","Italian/Pizza","$$","3.8/5 Google","268","N/A","restaurantji.com","Weston"
"Bellini Italian Bistro","2780 Weston Rd","Weston, FL 33331","Italian","$$","3.8/5 Google","285","N/A","restaurantji.com","Weston"
"The Full Pizza","16640 Saddle Club Rd","Weston, FL 33331","Pizza/Italian","$","3.4/5 Google","152","N/A","restaurantji.com","Weston"
"Sardinia by Zona Blu","16690 Saddle Club Rd","Weston, FL 33326","Italian/Sardinian Fine Dining","$$$$","N/A","N/A","(954) 622-9030","tripadvisor.com","Weston"
"Izgara","1948 Weston Rd","Weston, FL 33326","Mediterranean/Middle Eastern","$$","N/A","N/A","(954) 756-8993","Google Maps search","Weston"
"Habibi Tah","2406 Weston Rd","Weston, FL 33326","Lebanese/Mediterranean","$$","N/A","N/A","N/A","Yelp/website","Weston"
"One Lebanese Cuisine","1396 SW 160th Ave","Weston, FL 33326","Lebanese/Mediterranean","$$","4.8/5 Google","887","N/A","Yelp/onelebanese.com","Weston"
"Jasmin & Olivz Mediterranean - Weston","N/A","Weston, FL 33326","Mediterranean","$","4.3/5 Google","1062","N/A","menufyy.com","Weston"
"Entretapas by Sr. Ceviche","74 Indian Trace","Weston, FL 33326","Spanish/Peruvian","$$$","4.7/5 Google","410","(954) 444-4734","restaurantji.com","Weston"
"Vignetos Italian Grill (now One Italian)","1342 SW 160th Ave","Weston, FL 33326","Italian","$$","4.7/5 Google","338","(954) 660-0470","restaurantji.com","Weston"
"EAT","1718 Main St","Weston, FL 33326","Brunch/American","$$","3.5/5 Google","26","N/A","restaurantji.com","Weston"
"Wings In Weston","1354 SW 160th Ave","Weston, FL 33326","Chicken Wings/American","$$","3.6/5 Google","270","N/A","restaurantji.com","Weston"
"Sweet & Savory Weston Cafe","1300 Savanna Commons Dr","Weston, FL 33326","American/Bakery Cafe","$$","4.6/5 Google","116","N/A","restaurantji.com","Weston"
"Caffe Gourmet","N/A","Weston, FL 33326","Breakfast/Diner","$$","4.6/5 Google","176","N/A","restaurantji.com","Weston"
"Tacos & Cantina La Potranca (Weston)","4446 Weston Rd","Weston, FL 33331","Mexican","$$","N/A","N/A","(786) 963-1192","Yelp/AllWorld","Weston"
Wings n' Things Cooper City,8656 Griffin Rd,"Cooper City, FL 33328",American,$$,4.3/5 Google,264,N/A,Restaurantji,Cooper City
Shanks Town Tavern,9588 Griffin Rd,"Cooper City, FL 33328",Bar & Grill,$$,4.3/5 Google,143,N/A,Restaurantji,Cooper City
Steve's Pizza,5866 S Flamingo Rd,"Cooper City, FL 33330",Pizza,$$,4.3/5 Google,168,N/A,Restaurantji,Cooper City
Havana's Cuban Cuisine,8600 Griffin Rd,"Cooper City, FL 33328",Cuban,$$,4.0/5 Google,323,N/A,Restaurantji,Cooper City
Great Wall II,10068 Griffin Rd,"Cooper City, FL 33328",Chinese,$$,3.9/5 Google,108,N/A,Restaurantji,Cooper City
South China Restaurant,5550 S Flamingo Rd,"Cooper City, FL 33330",Chinese,$$,3.9/5 Google,197,N/A,Restaurantji,Cooper City
Las Dos Reinas Fonda Mexicana,5822 S Flamingo Rd,"Cooper City, FL 33330",Mexican,$$,4.1/5 Google,366,N/A,Restaurantji,Cooper City
Apropo Crepes,12801 W Sunrise Blvd,"Sunrise, FL 33323",Creperie,$$,5.0/5 Google,768,N/A,Restaurantji,Sunrise
Bellgordon's Caribbean Restaurant,11443 W Oakland Park Blvd,"Sunrise, FL 33323",Caribbean,$$,5.0/5 Google,325,N/A,Restaurantji,Sunrise
Don Carlin Cuban Restaurant,11447 W Oakland Park Blvd,"Sunrise, FL 33323",Cuban,$$,4.5/5 Google,317,N/A,Restaurantji,Sunrise
First Watch,12594 W Sunrise Blvd,"Sunrise, FL 33323",American/Breakfast,$$,4.6/5 Google,522,N/A,Restaurantji,Sunrise
Indian Tandoor Cuisine and Pizza,8440 W Oakland Park Blvd,"Sunrise, FL 33351",Indian,$$,4.6/5 Google,470,N/A,Restaurantji,Sunrise
Cheffield Jamaican Cuisine by Chef Rose,8308 W Oakland Park Blvd,"Sunrise, FL 33351",Caribbean/Jamaican,$$,4.7/5 Google,257,N/A,Restaurantji,Sunrise
Pho 07 Vietnamese Restaurant,10023 Sunset Strip,"Sunrise, FL 33322",Vietnamese,$$,4.4/5 Google,268,N/A,Restaurantji,Sunrise
Sunrise Pita & Grill,2680 N University Dr,"Sunrise, FL 33322",Middle Eastern,$$,4.5/5 Google,288,N/A,Restaurantji,Sunrise
La Doña Seafood & Grill,1800 Sawgrass Mills Cir Ste 2460,"Sunrise, FL 33323",Mexican/Seafood,$$,3.9/5 Google,254,N/A,Restaurantji,Sunrise
Peyton's Place,13400 W Sunrise Blvd,"Sunrise, FL 33323",American,$$,4.2/5 Google,52,N/A,Restaurantji,Sunrise
Mr. Chang's,12516 W Sunrise Blvd,"Sunrise, FL 33323",Chinese,$$,3.9/5 Google,125,N/A,Restaurantji,Sunrise
Hazel's Caribbean Spot,6949 Sunset Strip,"Sunrise, FL 33313",Caribbean,$$,3.4/5 Google,66,N/A,Restaurantji,Sunrise
Jin Sushi,8250 Sunset Strip,"Sunrise, FL 33322",Japanese/Sushi,$$,4.6/5 Google,269,N/A,Restaurantji,Sunrise
Legends Tavern & Grille - Sunrise,10079 W Oakland Park Blvd,"Sunrise, FL 33351",American/Bar & Grill,$$,4.3/5 Google,303,N/A,Restaurantji,Sunrise
Saigonese Authentic Vietnamese Cuisine,2692 N University Dr #2,"Sunrise, FL 33322",Vietnamese,$$,4.7/5 Google,88,N/A,Restaurantji,Sunrise
Zuru Ramen Bar - Plantation,6971 W Broward Blvd,"Plantation, FL 33317",Ramen,$$,4.6/5 Google,339,N/A,Restaurantji,Plantation
Thai Meal,8257 W Sunrise Blvd,"Plantation, FL 33322",Thai,$$,4.6/5 Google,295,N/A,Restaurantji,Plantation
RA Sushi - Plantation,319 N University Dr,"Plantation, FL 33324",Japanese/Sushi,$$$,4.3/5 Google,320,N/A,Restaurantji,Plantation
Vito's Gourmet Pizza,10079 Cleary Blvd,"Plantation, FL 33324",Pizza/Italian,$$,4.3/5 Google,266,N/A,Restaurantji,Plantation
Chilangos Mexican Grill,339 S State Rd 7,"Plantation, FL 33317",Mexican,$$,4.5/5 Google,212,N/A,Restaurantji,Plantation
Plantation Diner,6903 W Broward Blvd,"Plantation, FL 33317",American/Breakfast,$$,4.5/5 Google,350,N/A,Restaurantji,Plantation
Quarterdeck Restaurant + Sports Bar,12310 W Sunrise Blvd,"Plantation, FL 33323",Seafood/American,$$,4.4/5 Google,513,N/A,Restaurantji,Plantation
Serious Sanji,7626 Peters Rd,"Plantation, FL 33324",Chinese/Dim Sum,$$,4.4/5 Google,251,N/A,Restaurantji,Plantation
TooJay's Deli,801 S University Dr C-130,"Plantation, FL 33324",American/Deli,$$,4.3/5 Google,525,N/A,Restaurantji,Plantation
Ole' Ole' Mexican Grill & Cantina,8100 W Broward Blvd,"Plantation, FL 33324",Mexican,$$,4.3/5 Google,391,N/A,Restaurantji,Plantation
Bien Chido,6967 W Broward Blvd,"Plantation, FL 33317",Mexican,$$,4.3/5 Google,280,N/A,Restaurantji,Plantation
Ali's Roti Shop,303 S State Rd 7,"Plantation, FL 33317",Caribbean/Indian,$$,4.3/5 Google,238,N/A,Restaurantji,Plantation
LandLubber's Raw Bar & Grill,1851 N Pine Island Rd,"Plantation, FL 33322",Seafood/American,$$,4.2/5 Google,357,N/A,Restaurantji,Plantation
Casa Marin Cocina Mexicana,1861 N Pine Island Rd,"Plantation, FL 33322",Mexican,$$,4.3/5 Google,172,N/A,Restaurantji,Plantation
Los Perros del Sobrino,7926 W Sample Rd,"Coral Springs, FL 33065",Latin American/Hot Dogs,$,4.8/5 Google,623,N/A,Restaurantji,Coral Springs
Talkin' Tacos Coral Springs,2866 N University Dr,"Coral Springs, FL 33065",Mexican/Tacos,$$,4.7/5 Google,693,N/A,Restaurantji,Coral Springs
The Fish Joint,5677 Coral Ridge Dr,"Coral Springs, FL 33076",Seafood,$$,4.8/5 Google,339,N/A,Restaurantji,Coral Springs
Falafel Gourmet,4344 N State Rd 7,"Coral Springs, FL 33073",Mediterranean,$$,4.8/5 Google,322,N/A,Restaurantji,Coral Springs
Sakura Ramen,6192 W Sample Rd,"Coral Springs, FL 33067",Japanese/Ramen,$$,4.7/5 Google,269,N/A,Restaurantji,Coral Springs
Pepperoni Grill - Coral Springs,9174 Wiles Rd,"Coral Springs, FL 33067",Italian/Pizza,$$,4.7/5 Google,264,N/A,Restaurantji,Coral Springs
Little Havana Bar & Grill,6240 Coral Ridge Dr #100,"Coral Springs, FL 33076",Cuban,$$,4.3/5 Google,338,N/A,Restaurantji,Coral Springs
La Parrilla Rotisserie & Grill,8357 W Atlantic Blvd,"Coral Springs, FL 33071",Latin American/Dominican,$$,4.7/5 Google,254,N/A,Restaurantji,Coral Springs
Mima's Cuban Cafe,6261 W Sample Rd,"Coral Springs, FL 33067",Cuban,$$,4.6/5 Google,270,N/A,Restaurantji,Coral Springs
FoodEyez Caribbean Cuisine,6268 W Sample Rd Store #407,"Coral Springs, FL 33067",Caribbean/Jamaican,$$,4.4/5 Google,80,N/A,Restaurantji,Coral Springs
Red Pepper Chinese Restaurant,10309 Royal Palm Blvd,"Coral Springs, FL 33065",Chinese,$$,4.0/5 Google,156,N/A,Restaurantji,Coral Springs
Fujimura Buffet & Sushi,1850 N University Dr,"Coral Springs, FL 33071",Japanese/Sushi,$$,4.2/5 Google,370,N/A,Restaurantji,Coral Springs
Pho 79,6451 Stirling Rd,"Davie, FL 33314",Vietnamese,$$,4.3/5 Google,369,N/A,Restaurantji,Davie
Wunderbar German Kitchen & Biergarten,4995 Volunteer Rd,"Davie, FL 33330",German,$$,4.4/5 Google,333,N/A,Restaurantji,Davie
Black Jack's Rum Bar & Grille,3890 Davie Rd,"Davie, FL 33314",Caribbean/American,$$,4.4/5 Google,189,N/A,Restaurantji,Davie
Ody's Cuban Cafe,4153 SW 47th Ave #100,"Davie, FL 33314",Cuban,$$,5.0/5 Google,216,N/A,Restaurantji,Davie
The Garden Grill,6175 Orange Dr,"Davie, FL 33314",American/Breakfast,$$,4.7/5 Google,269,N/A,Restaurantji,Davie
Vila's Mexican & Cuban Restaurant,2027 FL-7,"Davie, FL 33317",Mexican/Cuban,$$,4.6/5 Google,425,N/A,Restaurantji,Davie
Amore Gourmet Pizza,8906 W State Rd 84,"Davie, FL 33324",Pizza/Italian,$$,4.7/5 Google,286,N/A,Restaurantji,Davie
Ushio Sushi,2211 S University Dr,"Davie, FL 33324",Japanese/Sushi,$$,4.6/5 Google,369,N/A,Restaurantji,Davie
Kekoon Restaurant & Lounge,15531 Sheridan St,"Davie, FL 33331",Caribbean,$$,4.2/5 Google,395,N/A,Restaurantji,Davie
Fat Stork Restaurant,8270 Griffin Rd,"Davie, FL 33328",American,$$,4.7/5 Google,275,N/A,Restaurantji,Davie
Voodoo Brewing Co.,3492 NE 12th Ave,"Oakland Park, FL 33334",American/Brewpub,N/A,4.8/5 Google,N/A,N/A,Restaurantji,Oakland Park
Oak Cafe & Farmers Market,2121 W Oakland Park Blvd Ste 10-B,"Oakland Park, FL 33311",Jamaican,N/A,4.8/5 Google,N/A,N/A,Restaurantji,Oakland Park
Bulegreen Cafe Yard,3299 N Dixie Hwy,"Oakland Park, FL 33334",Brunch/American,N/A,4.5/5 Google,N/A,N/A,Restaurantji,Oakland Park
Bombay Cafe,1672 E Oakland Park Blvd,"Oakland Park, FL 33334",Indian,N/A,4.4/5 Google,N/A,N/A,Restaurantji,Oakland Park
Red Velvet Kitchen & Grill,2759 W Oakland Park Blvd,"Oakland Park, FL 33311",American,N/A,4.3/5 Google,N/A,N/A,Restaurantji,Oakland Park
Le Chic Restaurant,2152 W Oakland Park Blvd,"Oakland Park, FL 33311",Haitian,N/A,4.4/5 Google,N/A,N/A,Restaurantji,Oakland Park
Bandoleros Tacos and Tequila Garden,3200 NE 12th Ave,"Oakland Park, FL 33334",Mexican,N/A,4.3/5 Google,N/A,N/A,Restaurantji,Oakland Park
Pata's Stone Crab,4072 NE 5th Terrace,"Oakland Park, FL 33334",Seafood,N/A,4.1/5 Google,N/A,N/A,Restaurantji,Oakland Park
Garden Restaurant,4400 N Andrews Ave,"Oakland Park, FL 33309",American Diner,N/A,4.7/5 Google,N/A,N/A,Restaurantji,Oakland Park
Peter Pan Diner,1216 E Oakland Park Blvd,"Oakland Park, FL 33334",American Diner/Greek,N/A,4.5/5 Google,N/A,N/A,Restaurantji,Oakland Park
Alegria Taco,3801 N Andrews Ave,"Oakland Park, FL 33309",Mexican,N/A,4.9/5 Google,N/A,N/A,Restaurantji,Oakland Park
El Guanaco Taqueria Y Antojitos,331 NE 44th St,"Oakland Park, FL 33334",Mexican/Salvadoran,N/A,4.7/5 Tripadvisor,291,N/A,Tripadvisor,Oakland Park
Prospect Pizzeria,53 NE 44th St,"Oakland Park, FL 33334",Italian/Pizza,N/A,4.7/5 Google,N/A,N/A,Restaurantji,Oakland Park
Corinto Restaurant,4390 N Dixie Hwy,"Oakland Park, FL 33334",Latin American/Nicaraguan,N/A,4.6/5 Google,N/A,N/A,Restaurantji,Oakland Park
SOL48 Craft Kitchen,3480 NE 3rd Ave,"Oakland Park, FL 33334",Seafood,N/A,4.5/5 Google,N/A,N/A,Restaurantji,Oakland Park
The Great Greek Mediterranean Grill,753 E Commercial Blvd Ste 44,"Oakland Park, FL 33334",Greek/Mediterranean,N/A,4.6/5 Google,N/A,N/A,Restaurantji,Oakland Park
Mamma Mia Bistro,2043 Wilton Dr,"Wilton Manors, FL 33305",Italian,N/A,4.6/5 Google,N/A,N/A,Restaurantji,Wilton Manors
Salvo Osteria Romana,2389 Wilton Dr,"Wilton Manors, FL 33305",Italian,N/A,4.1/5 Google,N/A,N/A,Restaurantji,Wilton Manors
Two Brother's Toppings Pizza,2904 N Andrews Ave,"Wilton Manors, FL 33311",Pizza,N/A,4.4/5 Google,N/A,N/A,Restaurantji,Wilton Manors
Tulio's Tacos & Tequila Bar,2150 Wilton Dr,"Wilton Manors, FL 33305",Mexican,$$,4.5/5 Google,N/A,N/A,Restaurantji,Wilton Manors
Asian Star,2603 N Dixie Hwy,"Wilton Manors, FL 33334",Asian,$,4.5/5 Google,74,N/A,Restaurantji,Wilton Manors
Grampa's Restaurant,17 SW 1st St,"Dania Beach, FL 33004",American,$,4.4/5 Google,N/A,N/A,Restaurantji,Dania Beach
Cafe Toque Cubano,37 S Federal Hwy A,"Dania Beach, FL 33004",Cuban,N/A,4.7/5 Google,N/A,N/A,Restaurantji,Dania Beach
Grandma's Secret,50 E Dania Beach Blvd,"Dania Beach, FL 33004",Uzbek,N/A,4.6/5 Google,N/A,N/A,Restaurantji,Dania Beach
Mr M's Sandwich Shop,1975 Stirling Rd,"Dania Beach, FL 33004",Sandwich Shop,N/A,4.6/5 Google,N/A,N/A,Restaurantji,Dania Beach
Pauli's Pizza Pasta,104 S Federal Hwy,"Dania Beach, FL 33004",Italian/Pizza,N/A,4.6/5 Google,N/A,N/A,Restaurantji,Dania Beach
Wayside Inn,38 NE 1st Ave,"Dania Beach, FL 33004",Bar & Grill/American,$$,4.5/5 Google,N/A,N/A,Restaurantji,Dania Beach
Quickie's Burgers Wings & Seafood,141 S Federal Hwy,"Dania Beach, FL 33004",Seafood/American,N/A,4.4/5 Google,414,N/A,Restaurantji,Dania Beach
Cooper's Hawk Winery & Restaurant,1822 Pointe Blvd,"Dania Beach, FL 33004",American/Winery,$$,4.2/5 Google,N/A,N/A,Restaurantji,Dania Beach
Radiant 166,166 N Compass Way,"Dania Beach, FL 33004",American,$$,3.5/5 Google,N/A,N/A,Restaurantji,Dania Beach
JZ Steakhouse,4000 N 46th Ave,"Hollywood, FL 33021",Kosher/Steakhouse,N/A,4.9/5 Google,N/A,N/A,Restaurantji,Hollywood
7 Tables On The Beach Authentic Peruvian Cuisine,600 N Surf Rd #6,"Hollywood, FL 33019",Peruvian,N/A,5.0/5 Google,N/A,N/A,Restaurantji,Hollywood
Tipico Rinconcito Colombiano,5649 Johnson St,"Hollywood, FL 33021",Colombian,N/A,4.9/5 Google,N/A,N/A,Restaurantji,Hollywood
AKI E Restaurant Bar,1840 Harrison St,"Hollywood, FL 33020",Dominican,N/A,4.9/5 Google,N/A,N/A,Restaurantji,Hollywood
Cajun Boil Seafood Restaurant Hollywood,1822 S Young Cir,"Hollywood, FL 33020",Seafood/Cajun,N/A,4.9/5 Google,N/A,N/A,Restaurantji,Hollywood
Los Kausitas Peruvian Restaurant,112 N 46th Ave,"Hollywood, FL 33021",Peruvian,N/A,4.9/5 Google,N/A,N/A,Restaurantji,Hollywood
Volcano Hot Pot & Korean BBQ,2906 Oakwood Blvd,"Hollywood, FL 33020",Korean,N/A,4.8/5 Google,N/A,N/A,Restaurantji,Hollywood
LEMONICA,1817 N Young Cir,"Hollywood, FL 33020",Italian,N/A,4.9/5 Google,N/A,N/A,Restaurantji,Hollywood
The Greek Joint Kitchen & Bar,1925 Hollywood Blvd,"Hollywood, FL 33020",Greek,N/A,4.6/5 Google,N/A,N/A,Restaurantji,Hollywood
Hiro Maru Sushi,3327 Sheridan St,"Hollywood, FL 33021",Japanese,N/A,4.6/5 Google,N/A,N/A,Restaurantji,Hollywood
Murano by Ferraro,601 N Federal Hwy,"Hallandale Beach, FL 33009",Seafood/Italian,N/A,5.0/5 Google,88,N/A,Restaurantji,Hallandale Beach
Sokai Sushi Bar Hallandale,801 N Federal Hwy #115,"Hallandale Beach, FL 33009",Japanese,N/A,4.8/5 Google,436,N/A,Restaurantji,Hallandale Beach
Fresh & Wild Fish Market & Restaurant,838 W Hallandale Beach Blvd,"Hallandale Beach, FL 33009",Seafood,N/A,4.7/5 Google,294,N/A,Restaurantji,Hallandale Beach
Alacati Mediterranean Restaurant,1403 Hallandale Beach Blvd,"Hallandale Beach, FL 33009",Mediterranean,N/A,4.6/5 Google,359,N/A,Restaurantji,Hallandale Beach
The Juicy Seafood,1430 E Hallandale Beach Blvd,"Hallandale Beach, FL 33009",Seafood,N/A,4.5/5 Google,466,N/A,Restaurantji,Hallandale Beach
Ajiacos Restaurant,952 W Hallandale Beach Blvd,"Hallandale Beach, FL 33009",Colombian,N/A,4.5/5 Google,251,N/A,Restaurantji,Hallandale Beach
Ceviche Avenue,101 NE 3rd St,"Hallandale Beach, FL 33009",Peruvian,N/A,4.6/5 Google,257,N/A,Restaurantji,Hallandale Beach
Gioia Italy - Italian Restaurant,701 N Federal Hwy Ste 112,"Hallandale Beach, FL 33009",Italian,N/A,4.4/5 Google,406,N/A,Restaurantji,Hallandale Beach
Signor Sassi,1006 E Hallandale Beach Blvd,"Hallandale Beach, FL 33009",Italian,N/A,4.6/5 Google,87,N/A,Restaurantji,Hallandale Beach
ALMA GRILL,501 Silks Run Suite 1130,"Hallandale Beach, FL 33009",Kosher,N/A,4.4/5 Google,302,N/A,Restaurantji,Hallandale Beach
Colombian Mountains Cafe,3330 NE 33rd St,"Fort Lauderdale, FL",Colombian,N/A,4.9/5 Google,N/A,N/A,Restaurantji,Fort Lauderdale
Mister O1 Extraordinary Pizza,415 NE 4th St,"Fort Lauderdale, FL 33301",Pizza,N/A,4.9/5 Google,N/A,N/A,Restaurantji,Fort Lauderdale
Casa Calabria,4040 Galt Ocean Dr L15,"Fort Lauderdale, FL 33308",Italian,N/A,4.8/5 Google,N/A,N/A,Restaurantji,Fort Lauderdale
Cafe Bastille Fort Lauderdale,704 SE 1st St,"Fort Lauderdale, FL 33301",French/Brunch,N/A,4.8/5 Google,N/A,N/A,Restaurantji,Fort Lauderdale
Chez Vincent Wine Bar,3312 NE 32nd St,"Fort Lauderdale, FL",Wine Bar/French,N/A,5.0/5 Google,N/A,N/A,Restaurantji,Fort Lauderdale
Anthony's Clam House & Grill,2861 E Commercial Blvd,"Fort Lauderdale, FL 33308",Italian/Seafood,N/A,4.7/5 Google,N/A,N/A,Restaurantji,Fort Lauderdale
BKK Thai & Sushi by Cilantro,1843 S Federal Hwy,"Fort Lauderdale, FL 33316",Thai,N/A,4.9/5 Google,N/A,N/A,Restaurantji,Fort Lauderdale
Pita Plus (ORB),2145 Stirling Rd,"Fort Lauderdale, FL 33312",Middle Eastern,N/A,4.8/5 Google,N/A,N/A,Restaurantji,Fort Lauderdale
Gilbert's 17th Street Grill,1821 Cordova Rd,"Fort Lauderdale, FL 33316",American,N/A,4.8/5 Google,N/A,N/A,Restaurantji,Fort Lauderdale
Eddie V's Prime Seafood,100 E Las Olas Blvd,"Fort Lauderdale, FL 33301",Seafood,N/A,4.5/5 Google,N/A,N/A,Restaurantji,Fort Lauderdale
Rendezvous,2525 Marina Bay Dr W,"Fort Lauderdale, FL 33312",Seafood,N/A,4.6/5 Google,N/A,N/A,Restaurantji,Fort Lauderdale
G&B Oyster Bar,429 Seabreeze Blvd,"Fort Lauderdale, FL 33316",Seafood,N/A,4.7/5 Google,N/A,N/A,Restaurantji,Fort Lauderdale
Ceviche Barrio Peruvian Cuisine,6303 Powerline Rd Suite 11,"Fort Lauderdale, FL 33309",Peruvian,N/A,4.7/5 Google,N/A,N/A,Restaurantji,Fort Lauderdale
Burlock Coast,1 N Fort Lauderdale Beach Blvd,"Fort Lauderdale, FL 33304",Seafood/American,N/A,4.2/5 Google,N/A,N/A,Restaurantji,Fort Lauderdale
Cabana 28,6351 N Andrews Ave,"Fort Lauderdale, FL 33309",Peruvian,N/A,4.7/5 Google,N/A,N/A,Restaurantji,Fort Lauderdale
Tropical Acres Steakhouse,2500 Griffin Rd,"Fort Lauderdale, FL 33312",Steakhouse,N/A,4.5/5 Google,N/A,N/A,Restaurantji,Fort Lauderdale
Fish N Things,3291 W Sunrise Blvd,"Fort Lauderdale, FL 33311",Seafood,N/A,5.0/5 Google,N/A,N/A,Restaurantji,Fort Lauderdale
Sunness Supper Club,2465 E Sunrise Blvd,"Fort Lauderdale, FL 33304",American,N/A,5.0/5 Google,N/A,N/A,Restaurantji,Fort Lauderdale
Goldberg's Delicatessen and Bagels,2701 E Oakland Park Blvd,"Fort Lauderdale, FL 33306",Deli/American,N/A,4.4/5 Google,N/A,N/A,Restaurantji,Fort Lauderdale
Sea Level Restaurant and Ocean Bar,3030 Holiday Dr,"Fort Lauderdale, FL 33316",American/Seafood,N/A,4.4/5 Google,N/A,N/A,Restaurantji,Fort Lauderdale
Tap 42 Craft Kitchen & Bar,1411 S Andrews Ave,"Fort Lauderdale, FL 33316",Gastropub,N/A,4.5/5 Google,N/A,N/A,Restaurantji,Fort Lauderdale
TRP Taste,1 W Las Olas Blvd Ste 100,"Fort Lauderdale, FL 33301",American,N/A,4.8/5 Google,N/A,N/A,Restaurantji,Fort Lauderdale
The New Lighthouse Caffe,2850 SW 54th St,"Fort Lauderdale, FL 33312",Breakfast/American,N/A,4.9/5 Google,N/A,N/A,Restaurantji,Fort Lauderdale
Aura Lounge,1916 Hollywood Blvd,"Hollywood, FL 33020",Seafood,N/A,4.6/5 Google,N/A,N/A,Restaurantji,Hollywood
Ceviche Company,3080 Sheridan St,"Hollywood, FL 33021",Seafood/Peruvian,N/A,5.0/5 Google,N/A,N/A,Restaurantji,Hollywood
Mr. Q Crab House,2321 N State Rd 7,"Hollywood, FL 33021",Seafood,N/A,4.1/5 Google,N/A,N/A,Restaurantji,Hollywood
5 o'Clock Somewhere Bar and Grill,1112 N Ocean Dr,"Hollywood, FL 33019",Bar & Grill/American,N/A,4.5/5 Google,N/A,N/A,Restaurantji,Hollywood
Newt's Crab Trap,901 N Federal Hwy,"Hollywood, FL 33020",Seafood,N/A,4.2/5 Google,N/A,N/A,Restaurantji,Hollywood
Triar Seafood Co,2046 McKinley St #7,"Hollywood, FL 33020",Seafood,N/A,5.0/5 Google,N/A,N/A,Restaurantji,Hollywood
Ocean Alley Restaurant & Beach Bar,900 N Broadwalk,"Hollywood, FL 33019",Italian,N/A,4.1/5 Google,N/A,N/A,Restaurantji,Hollywood
Catch Seafood Market Hollywood,1818 Hollywood Blvd,"Hollywood, FL 33020",Seafood/Poke,N/A,4.3/5 Google,N/A,N/A,Restaurantji,Hollywood
J&C Oyster,2035 Harrison St,"Hollywood, FL 33020",Seafood,N/A,4.4/5 Google,N/A,N/A,Restaurantji,Hollywood
Flanigan's Seafood Bar and Grill (Hollywood),2505b N University Dr,"Hollywood, FL 33024",Seafood/Bar & Grill,N/A,4.1/5 Google,N/A,N/A,Restaurantji,Hollywood
WHY NOT?,600 N Surf Rd #6,"Hollywood, FL 33019",American,N/A,4.7/5 Google,N/A,N/A,Restaurantji,Hollywood
La Granja Parrilla & Seafood,720 Hallandale Beach Blvd,"Hallandale Beach, FL 33009",Seafood/Latin,N/A,3.7/5 Google,236,N/A,Restaurantji,Hallandale Beach
Lychee Garden Chinese Restaurant,20 N Federal Hwy,"Hallandale Beach, FL 33009",Chinese,N/A,3.8/5 Google,194,N/A,Restaurantji,Hallandale Beach
Carrie's at Neiman's,9700 Collins Ave (Bal Harbour Shops),"Bal Harbour, FL 33154",Contemporary American,$$,N/A,N/A,305-993-4580,Bal Harbour Shops official site,Bal Harbour
China Grill,9700 Collins Ave (Bal Harbour Shops),"Bal Harbour, FL 33154",Asian/Contemporary,$$$$,N/A,N/A,305-404-9700,Bal Harbour Shops official site,Bal Harbour
Cafe en 3,"9700 Collins Ave, Level 3 (Bal Harbour Shops)","Bal Harbour, FL 33154",Contemporary American/Health,$$,3.9/5 Google,286,305-993-4620,Bal Harbour Shops official site / Restaurantji,Bal Harbour
Slim's,9700 Collins Ave (Bal Harbour Shops),"Bal Harbour, FL 33154",Steakhouse,$$$$,N/A,N/A,305-703-0400,Bal Harbour Shops official site,Bal Harbour
The Harbour Grill,9415 Harding Ave,"Surfside, FL 33154",American/Seafood,$$,4.5/5 Google,564,N/A,Restaurantji,Surfside
Roast,9441 Harding Ave,"Surfside, FL 33154",American,$$,4.5/5 Google,184,N/A,Restaurantji,Surfside
Holy Toast,9520 Harding Ave,"Surfside, FL 33154",American Breakfast/Brunch,$$,4.5/5 Google,74,N/A,Restaurantji,Surfside
Sushi Republic,9583 Harding Ave,"Surfside, FL 33154",Japanese/Sushi,$$,4.4/5 Google,203,N/A,Restaurantji,Surfside
Moncheese Pizza,9459 Harding Ave,"Surfside, FL 33154",Pizza,$,4.4/5 Google,146,N/A,Restaurantji,Surfside
Cafe Vert,9490 Harding Ave,"Surfside, FL 33154",Cafe/American,$$,4.3/5 Google,241,N/A,Restaurantji,Surfside
Rustiko,9476 Harding Ave,"Surfside, FL 33154",Mediterranean/European,$$,4.2/5 Google,274,N/A,Restaurantji,Surfside
Harbour Gourmet,9417 Harding Ave,"Surfside, FL 33154",American/Gourmet,$$,4.3/5 Google,102,N/A,Restaurantji,Surfside
Surfside 6 Grill and Bar,9200 Collins Ave,"Surfside, FL 33154",American/Bar,$$,2.3/5 Google,3,N/A,Restaurantji,Surfside
Gifted Crust,9523 Harding Ave,"Surfside, FL 33154",Pizza,$,4.5/5 Google,86,N/A,Restaurantji,Surfside
Kosh,9477 Harding Ave,"Surfside, FL 33154",Kosher,$$,3.8/5 Google,204,N/A,Restaurantji,Surfside
Mister O1 Extraordinary Pizza (Bay Harbor),1065 95th St,"Bay Harbor Islands, FL 33154",Pizza,$$,4.9/5 Google,450,N/A,Restaurantji,Bay Harbor Islands
KINOKO Sushi Bar & Asian Cuisine,1007 Kane Concourse,"Bay Harbor Islands, FL 33154",Sushi/Asian,$$,4.6/5 Google,122,N/A,Restaurantji,Bay Harbor Islands
Bay Harbor Cafe,Kane Concourse,"Bay Harbor Islands, FL 33154",Cafe,$$,4.6/5 Google,129,N/A,Restaurantji,Bay Harbor Islands
Meat Bar,1009 Kane Concourse,"Bay Harbor Islands, FL 33154",Kosher/Steakhouse,$$$,4.6/5 Google,350,N/A,Restaurantji,Bay Harbor Islands
Jacinta,19501 Biscayne Blvd (Aventura Mall),"Aventura, FL 33180",Contemporary Mexican,$$$,N/A,N/A,N/A,Aventura Mall official site,Aventura
Ossobuco,19501 Biscayne Blvd (Aventura Mall),"Aventura, FL 33180",Italian,$$$,N/A,N/A,N/A,Aventura Mall official site,Aventura
Norimoto,19501 Biscayne Blvd (Aventura Mall),"Aventura, FL 33180",Asian/Japanese,$$,N/A,N/A,N/A,Aventura Mall official site,Aventura
North Italia,19501 Biscayne Blvd (Aventura Mall),"Aventura, FL 33180",Italian,$$$,N/A,N/A,N/A,Aventura Mall official site,Aventura
STK Steakhouse,19501 Biscayne Blvd (Aventura Mall),"Aventura, FL 33180",Steakhouse,$$$$,N/A,N/A,N/A,Aventura Mall official site,Aventura
Amalfi Llama,19501 Biscayne Blvd (Aventura Mall),"Aventura, FL 33180",Italian/Patagonian,$$$,N/A,N/A,N/A,Aventura Mall official site,Aventura
La Pizza & La Pasta (Eataly),"19501 Biscayne Blvd (Aventura Mall, Eataly)","Aventura, FL 33180",Italian,$$,N/A,N/A,N/A,Aventura Mall official site,Aventura
Il Pastaio (Eataly),"19501 Biscayne Blvd (Aventura Mall, Eataly)","Aventura, FL 33180",Italian,$$,N/A,N/A,N/A,Aventura Mall official site,Aventura
Abbale Modern Mediterranean Kitchen,2956 NE 199th St,"Aventura, FL 33180",Mediterranean,$$$,4.6/5 Google,277,N/A,Restaurantji,Aventura
Mister O1 Extraordinary Pizza (Aventura),2980 NE 207th St Ste 109,"Aventura, FL 33180",Pizza,$$,4.8/5 Google,740,N/A,Restaurantji,Aventura
Ruth's Chris Steak House,2980 NE 207th St Ste 108,"Aventura, FL 33180",Steakhouse,$$$$,4.5/5 Google,635,N/A,Restaurantji,Aventura
Asiatiko Robata Bar,2906 NE 207th St,"Aventura, FL 33180",Japanese/Asian,$$$,4.5/5 Google,268,N/A,Restaurantji,Aventura
All You Need - Sunny,18090 Collins Ave T19,"Sunny Isles Beach, FL 33160",American Breakfast,$$,4.6/5 Google,430,N/A,Restaurantji,Sunny Isles Beach
Ararat Grill Bar,18090 Collins Ave T22,"Sunny Isles Beach, FL 33160",Armenian,$$,4.6/5 Google,462,N/A,Restaurantji,Sunny Isles Beach
Il Ponte Vecchio Pizzeria,18660 Collins Ave #102,"Sunny Isles Beach, FL 33160",Italian/Pizza,$$,4.8/5 Google,533,N/A,Restaurantji,Sunny Isles Beach
Pizza Bianco,19201 Collins Ave (Lower Lobby),"Sunny Isles Beach, FL 33160",Pizza,$$,4.9/5 Google,443,N/A,Restaurantji,Sunny Isles Beach
Sushi Zen & Izakaya,18090 Collins Ave T-23,"Sunny Isles Beach, FL 33160",Japanese/Sushi,$$,4.7/5 Google,480,N/A,Restaurantji,Sunny Isles Beach
Family & Friends,18288 Collins Ave,"Sunny Isles Beach, FL 33160",Italian,$$,4.7/5 Google,516,N/A,Restaurantji,Sunny Isles Beach
Lentrecote French Restaurant,18146 Collins Ave,"Sunny Isles Beach, FL 33160",French,$$$,4.7/5 Google,435,N/A,Restaurantji,Sunny Isles Beach
Kalinka Euro Deli,18090 Collins Ave T-24,"Sunny Isles Beach, FL 33160",Ukrainian/Deli,$$,4.3/5 Google,226,N/A,Restaurantji,Sunny Isles Beach
Oliva Pizza & Gelato,18288 Collins Ave Unit 3,"Sunny Isles Beach, FL 33160",Pizza,$$,4.6/5 Google,228,N/A,Restaurantji,Sunny Isles Beach
INTIMAR Peruvian Restaurant,17040 Collins Ave,"Sunny Isles Beach, FL 33160",Peruvian,$$$,4.6/5 Google,327,N/A,Restaurantji,Sunny Isles Beach
Crystal Lounge,152 Sunny Isles Blvd Ste 13,"Sunny Isles Beach, FL 33160",Russian,$$$,4.7/5 Google,121,N/A,Restaurantji,Sunny Isles Beach
COTOA Restaurant,12475 NE 6th Ct,"North Miami, FL 33161",N/A,$$,4.7/5 Google,292,N/A,Restaurantji,North Miami
Tomato & Basil,653 NE 125th St,"North Miami, FL 33161",Italian,$$,4.9/5 Google,288,N/A,Restaurantji,North Miami
Lost City Brewing Company,12207 NE 13th Ct,"North Miami, FL 33161",American/Brewery,$$,4.9/5 Google,138,N/A,Restaurantji,North Miami
Namaste Indian Cuisine,12749 Biscayne Blvd,"North Miami, FL 33181",Indian,$$,4.7/5 Google,217,N/A,Restaurantji,North Miami
Zaika Indian Cuisine,2176 NE 123rd St,"North Miami, FL 33181",Indian,$$,4.5/5 Google,357,N/A,Restaurantji,North Miami
Sushi Lucy,1680 NE 123rd St,"North Miami, FL 33181",Japanese/Sushi,$$,4.1/5 Google,190,N/A,Restaurantji,North Miami
Gorditos Bar and Grill,2112 NE 123rd St,"North Miami, FL 33181",Mexican,$$,4.7/5 Google,71,N/A,Restaurantji,North Miami
American Czech-Slovak Club,13325 Arch Creek Rd,"North Miami, FL 33181",Czech-Slovak,$$,4.9/5 Google,76,N/A,Restaurantji,North Miami
Sunnyside Cafe,13899 W Dixie Hwy,"North Miami, FL 33161",American Breakfast,$,3.8/5 Google,151,N/A,Restaurantji,North Miami
Donovan's Bar & Grill,13040 NW 7th Ave,"North Miami, FL 33168",American,$$,4.6/5 Google,88,N/A,Restaurantji,North Miami
Lakay Food Spot,12325 NE 6th Ave,"North Miami, FL 33161",Haitian,$,3.8/5 Google,135,N/A,Restaurantji,North Miami
Le Cap Restaurant,13639 NW 7th Ave,"North Miami, FL 33168",Haitian,$$,3.7/5 Google,146,N/A,Restaurantji,North Miami
Twin Dragon Hibachi,12351 NW 7th Ave,"North Miami, FL 33168",Chinese/Hibachi,$$,5.0/5 Google,7,N/A,Restaurantji,North Miami
Home of Flavor,13737 NW 7th Ave,"North Miami, FL 33168",Caribbean,$,3.5/5 Google,101,N/A,Restaurantji,North Miami
P.F. Chang's,17455 Biscayne Blvd,"North Miami Beach, FL 33160",Asian/Chinese,$$,4.7/5 Google,1372,N/A,Restaurantji,North Miami Beach
La Matera Kosher Argentinian Steakhouse,3073 NE 163rd St,"North Miami Beach, FL 33160",Argentine/Kosher Steakhouse,$$$,4.8/5 Google,216,N/A,Restaurantji,North Miami Beach
Kavkaz Restaurant,15504 Biscayne Blvd,"North Miami Beach, FL 33162",Georgian/Caucasus,$$,4.4/5 Google,375,N/A,Restaurantji,North Miami Beach
Pura Vida Miami (North Miami Beach),15180 Biscayne Blvd,"North Miami Beach, FL 33162",Health Food,$$,4.8/5 Google,207,N/A,Restaurantji,North Miami Beach
Smash House Burgers Miami,1550 NE 164th St,"North Miami Beach, FL 33162",Burgers,$,4.6/5 Google,455,N/A,Restaurantji,North Miami Beach
Carne en Vara Express,2590 NE 186th St,"North Miami Beach, FL",Venezuelan,$$,4.5/5 Google,271,N/A,Restaurantji,North Miami Beach
Sushi Sake Miami Gardens,1608 NE Miami Gardens Dr Unit 70,"North Miami Beach, FL 33179",Japanese/Sushi,$$,4.2/5 Google,144,N/A,Restaurantji,North Miami Beach
Peppo Argentinian Restaurant,18190 W Dixie Hwy,"North Miami Beach, FL 33160",Argentine,$$,4.6/5 Google,153,N/A,Restaurantji,North Miami Beach
Iron Sushi,16350 W Dixie Hwy,"North Miami Beach, FL 33160",Japanese/Sushi,$$,4.5/5 Google,285,N/A,Restaurantji,North Miami Beach
Boteco do Manolo,3161 NE 163rd St,"North Miami Beach, FL 33160",Brazilian,$$,4.3/5 Google,40,N/A,Restaurantji,North Miami Beach
Thai House II,2250 NE 163rd St,"North Miami Beach, FL 33160",Thai,$$,4.1/5 Google,326,N/A,Restaurantji,North Miami Beach
Jonjoli Georgian Cafe,17010 W Dixie Hwy Ste C,"North Miami Beach, FL 33160",Georgian,$$,4.7/5 Google,82,N/A,Restaurantji,North Miami Beach
Wok Place Inc,17048 W Dixie Hwy,"North Miami Beach, FL 33160",Chinese,$,5.0/5 Google,15,N/A,Restaurantji,North Miami Beach
Cheen Huaye - Southern Mexican Cuisine,15400 Biscayne Blvd,"North Miami Beach, FL 33162",Mexican,$$,4.4/5 Google,316,N/A,Restaurantji,North Miami Beach
House of Food Porn,199 NW 62nd St A,"Miami, FL 33150",Japanese/Omakase Fusion,$$$$,5.0/5 Tripadvisor,704,N/A,Official Website / Tripadvisor,Little Haiti
Blue Collar,6730 Biscayne Blvd,"Miami, FL 33138",American,N/A,N/A,N/A,N/A,OpenStreetMap,Little Haiti
Balans,6789 Biscayne Blvd,"Miami, FL 33138",American,N/A,N/A,N/A,N/A,OpenStreetMap,Little Haiti
Dogma Grill,7010 Biscayne Blvd,"Miami, FL 33138",American/Hot Dogs,N/A,N/A,N/A,N/A,OpenStreetMap,Little Haiti
Blessing,8427 NE 2nd Ave,"Miami, FL 33138",Haitian,N/A,N/A,N/A,N/A,OpenStreetMap,Little Haiti
Fire Kitchen and Bar,8303 NE 2nd Ave,"Miami, FL 33138",American,N/A,N/A,N/A,N/A,OpenStreetMap,Little Haiti
Crisppis Miami,2917 Biscayne Blvd,"Miami, FL 33137",American/Burger,N/A,N/A,N/A,N/A,OpenStreetMap,Midtown
Flyfuel Food Co.,154 NE 29th St,"Miami, FL 33137",Health Food,N/A,N/A,N/A,N/A,OpenStreetMap,Midtown
Crab du Jour,3201 N Miami Ave,"Miami, FL 33127",Seafood/Cajun,N/A,N/A,N/A,N/A,OpenStreetMap,Midtown
Mangal,2929 Biscayne Blvd,"Miami, FL 33137",Turkish/Mediterranean,N/A,N/A,N/A,N/A,OpenStreetMap,Midtown
Shelter Restaurant - Miami,10 NE 27th St,"Miami, FL 33137",American,N/A,N/A,N/A,N/A,OpenStreetMap,Midtown
Las Rosas,2898 NW 7th Ave,"Miami, FL 33127",Bar/American,N/A,N/A,N/A,N/A,OpenStreetMap / Official Website,Allapattah
Mercato,4141 NE 2nd Ave,"Miami, FL 33137",Italian,N/A,N/A,N/A,N/A,OpenStreetMap,Design District
Palat,4702 NE 2nd Ave,"Miami, FL 33137",Italian,N/A,N/A,N/A,N/A,OpenStreetMap,Design District
The District Miami,190 NE 46th St,"Miami, FL 33137",American,N/A,N/A,N/A,N/A,OpenStreetMap,Design District
Okami,156 NE 41st St,"Miami, FL 33137",Japanese,N/A,N/A,N/A,N/A,OpenStreetMap,Design District
Japow,151 NE 41st St,"Miami, FL 33137",Japanese,N/A,N/A,N/A,N/A,OpenStreetMap,Design District
ZZ's Sushi Bar,151 NE 41st St,"Miami, FL 33137",Japanese/Sushi,N/A,N/A,N/A,N/A,OpenStreetMap,Design District
YOSO Sushi,87 NE 40th St,"Miami, FL 33137",Japanese,N/A,N/A,N/A,N/A,OpenStreetMap,Design District
Wayan Miami,50 NW 24th St,"Miami, FL 33127",Indonesian,N/A,N/A,N/A,N/A,OpenStreetMap,Wynwood
FREEHOLD Miami,2219 NW 2nd Ave,"Miami, FL 33127",American/Bar,N/A,N/A,N/A,N/A,OpenStreetMap,Wynwood
Sha Wynwood,97 NW 25th St,"Miami, FL 33127",Mediterranean,N/A,N/A,N/A,N/A,OpenStreetMap,Wynwood
305 Pizza,151 NW 24th St,"Miami, FL 33127",Pizza,N/A,N/A,N/A,N/A,OpenStreetMap,Wynwood
La Birra Bar,250 NW 24th St,"Miami, FL 33127",Argentinian/Burger,N/A,N/A,N/A,N/A,OpenStreetMap,Wynwood
Beaker & Gray,2637 N Miami Ave,"Miami, FL 33127",American/Bar,N/A,N/A,N/A,N/A,OpenStreetMap,Wynwood
Wynwood Smoke and Lounge,320 NW 24th St,"Miami, FL 33127",Middle Eastern,N/A,N/A,N/A,N/A,OpenStreetMap,Wynwood
Smart Bowls Miami,542 NW 30th St,"Miami, FL 33127",Mediterranean/Healthy,N/A,N/A,N/A,N/A,OpenStreetMap,Wynwood
El Bajareque,278 NW 36th St,"Miami, FL 33127",Puerto Rican,N/A,N/A,N/A,N/A,OpenStreetMap,Wynwood
El Cartel Colombian Restaurant,194 SE 1st Ave,"Miami, FL 33131",Colombian,N/A,N/A,N/A,N/A,OpenStreetMap,Downtown Miami
Giardino Gourmet Salads,169 E Flagler St,"Miami, FL 33131",Salads/American,N/A,N/A,N/A,N/A,OpenStreetMap,Downtown Miami
Iron Sushi,120 SE 3rd Ave,"Miami, FL 33131",Japanese/Sushi,N/A,N/A,N/A,N/A,OpenStreetMap,Downtown Miami
Camila's Restaurante Brasileiro,129 SE 1st Ave,"Miami, FL 33131",Brazilian,N/A,N/A,N/A,N/A,OpenStreetMap,Downtown Miami
Manna Life Food,80 NE 2nd Ave,"Miami, FL 33132",Vegan/Health Food,N/A,N/A,N/A,N/A,OpenStreetMap,Downtown Miami
Motek - Mediterranean Cafe & Restaurant,36 NE 1st St,"Miami, FL 33132",Mediterranean,N/A,N/A,N/A,N/A,OpenStreetMap,Downtown Miami
Manolo & Rene Grill,188 NE 3rd Ave,"Miami, FL 33132",Cuban,N/A,N/A,N/A,N/A,OpenStreetMap,Downtown Miami
Ten Fruits,143 NE 3rd Ave,"Miami, FL 33132",Juice/Salad/Sandwich,N/A,N/A,N/A,N/A,OpenStreetMap,Downtown Miami
Margaritaville,401 Biscayne Blvd,"Miami, FL 33132",Caribbean/American,N/A,N/A,N/A,N/A,OpenStreetMap,Downtown Miami
Jar and Fork,270 E Flagler St,"Miami, FL 33131",American,N/A,N/A,N/A,N/A,OpenStreetMap,Downtown Miami
Mario the Baker Pizza,43 W Flagler St,"Miami, FL 33128",Pizza,N/A,N/A,N/A,N/A,OpenStreetMap,Downtown Miami
Meraki Greek Bistro,142 SE 1st Ave,"Miami, FL 33131",Greek,N/A,N/A,N/A,N/A,OpenStreetMap,Downtown Miami
La Granja,127 SE 2nd Ave,"Miami, FL 33131",Peruvian/Chicken,N/A,N/A,N/A,N/A,OpenStreetMap,Downtown Miami
New York Roma Pizza,125 SE 2nd Ave,"Miami, FL 33131",Pizza/Italian,N/A,N/A,N/A,N/A,OpenStreetMap,Downtown Miami
The Cocinita Miami,70 SE 5th St,"Miami, FL 33131",Latin American,N/A,N/A,N/A,N/A,OpenStreetMap,Downtown Miami
Maple & Ash,699 NE 1st Ave,"Miami, FL 33132",American/Steakhouse,N/A,N/A,N/A,N/A,OpenStreetMap,Downtown Miami
Gordon Ramsay Hell's Kitchen,340 SE 3rd St,"Miami, FL 33131",American,N/A,N/A,N/A,N/A,OpenStreetMap,Downtown Miami
Chick'n Grill,250 SW 8th St,"Miami, FL 33130",American/Chicken,N/A,N/A,N/A,N/A,OpenStreetMap,Brickell
La Moon,97 SW 8th St,"Miami, FL 33130",Colombian,N/A,N/A,N/A,N/A,OpenStreetMap,Brickell
Baires Grill,1010 S Miami Ave,"Miami, FL 33130",Argentinian/Steakhouse,N/A,N/A,N/A,N/A,OpenStreetMap,Brickell
The Arketekt by Aficionados,1200 Brickell Bay Dr,"Miami, FL 33131",Lounge/American,N/A,N/A,N/A,N/A,OpenStreetMap,Brickell
La Estacion Cafe,1390 Brickell Ave,"Miami, FL 33131",Cuban,N/A,N/A,N/A,N/A,OpenStreetMap,Brickell
Okeydokey,268 SW 8th St,"Miami, FL 33130",American,N/A,N/A,N/A,N/A,OpenStreetMap,Brickell
Kan Sushi,900 S Miami Ave,"Miami, FL 33130",Japanese/Sushi,N/A,N/A,N/A,N/A,OpenStreetMap,Brickell
Mercado Japones,1036 S Miami Ave,"Miami, FL 33130",Japanese,N/A,N/A,N/A,N/A,OpenStreetMap,Brickell
Cajun Boil,141 SW 7th St,"Miami, FL 33130",Seafood/Cajun,N/A,N/A,N/A,N/A,OpenStreetMap,Brickell
Batch Gastropub,30 SW 12th St,"Miami, FL 33130",American Gastropub,N/A,N/A,N/A,N/A,OpenStreetMap,Brickell
La Sandwicherie,34 SW 8th St,"Miami, FL 33130",French/Sandwiches,N/A,N/A,N/A,N/A,OpenStreetMap,Brickell
Tacos Atarantados Brickell,1250 S Miami Ave,"Miami, FL 33130",Mexican,N/A,N/A,N/A,N/A,OpenStreetMap,Brickell
Blackbird Ordinary,729 SW 1st Ave,"Miami, FL 33130",American/Bar,N/A,N/A,N/A,N/A,OpenStreetMap,Brickell
North Italia,900 S Miami Ave,"Miami, FL 33130",Italian,N/A,N/A,N/A,N/A,OpenStreetMap,Brickell
Piola Brickell,1250 S Miami Ave,"Miami, FL 33130",Italian/Pizza,N/A,N/A,N/A,N/A,OpenStreetMap,Brickell
Barton G the Restaurant,1427 West Ave,"Miami Beach, FL 33139",American/Eclectic,N/A,N/A,N/A,N/A,OpenStreetMap,Miami Beach
Lokum,1629 Alton Rd,"Miami Beach, FL 33139",Turkish,N/A,N/A,N/A,N/A,OpenStreetMap,Miami Beach
Sardinia Enoteca Ristorante,1801 Purdy Ave,"Miami Beach, FL 33139",Italian/Sardinian,N/A,N/A,N/A,N/A,OpenStreetMap,Miami Beach
NaiYaRa,1854 Bay Rd,"Miami Beach, FL 33139",Thai,N/A,N/A,N/A,N/A,OpenStreetMap,Miami Beach
Meat Market,915 Lincoln Rd,"Miami Beach, FL 33139",Steakhouse,N/A,N/A,N/A,N/A,OpenStreetMap,Miami Beach
Doraku Sushi,1104 Lincoln Rd,"Miami Beach, FL 33139",Japanese/Sushi,N/A,N/A,N/A,N/A,OpenStreetMap,Miami Beach
Carmelo Family Kitchen,920 Lincoln Rd,"Miami Beach, FL 33139",Argentinian/Steakhouse,N/A,N/A,N/A,N/A,OpenStreetMap,Miami Beach
Icebox Cafe,1855 Purdy Ave,"Miami Beach, FL 33139",American/Breakfast,N/A,N/A,N/A,N/A,OpenStreetMap,Miami Beach
Macaluso's,1747 Alton Rd,"Miami Beach, FL 33139",Italian,N/A,N/A,N/A,N/A,OpenStreetMap,Miami Beach
Chotto Matte,1664 Lenox Ave,"Miami Beach, FL 33139",Japanese-Peruvian (Nikkei),N/A,N/A,N/A,N/A,OpenStreetMap,Miami Beach
Stiltsville Fish Bar,1787 Purdy Ave,"Miami Beach, FL 33139",Seafood,N/A,N/A,N/A,N/A,OpenStreetMap,Miami Beach
Havana 1957,819 Lincoln Rd,"Miami Beach, FL 33139",Cuban,N/A,N/A,N/A,N/A,OpenStreetMap,Miami Beach
San Lorenzo Ristorante,620 NE 78th St,"Miami, FL 33138",Italian,N/A,N/A,N/A,N/A,OpenStreetMap,Little River
Tran An,217 NE 82nd St,"Miami, FL 33138",Vietnamese,N/A,N/A,N/A,N/A,OpenStreetMap,Little River
La Santa Taqueria,201 NE 82nd St,"Miami, FL 33138",Mexican,N/A,N/A,N/A,N/A,OpenStreetMap,Little River
Ironside Pizza,7580 NE 4th Ct,"Miami, FL 33138",Pizza,N/A,N/A,N/A,N/A,OpenStreetMap,Little River
Sherwood's,8281 NE 2nd Ave,"Miami, FL 33138",American,N/A,N/A,N/A,N/A,OpenStreetMap,Little River
Doggi's Arepa Bar,7281 Biscayne Blvd,"Miami, FL 33138",Venezuelan,N/A,N/A,N/A,N/A,OpenStreetMap,Little River
Moshi Moshi,7232 Biscayne Blvd,"Miami, FL 33138",Japanese/Sushi,N/A,N/A,N/A,N/A,OpenStreetMap,Little River
Jimmy's Eastside Diner,7201 Biscayne Blvd,"Miami, FL 33138",American/Diner,N/A,N/A,N/A,N/A,OpenStreetMap,Little River
Nido Caffe,7895 Biscayne Blvd,"Miami, FL 33138",Italian/Cafe,N/A,N/A,N/A,N/A,OpenStreetMap,Little River
Cake Thai,7919 Biscayne Blvd,"Miami, FL 33138",Thai,N/A,N/A,N/A,N/A,OpenStreetMap,Little River
Siam Rice Thai and Sushi,7941 Biscayne Blvd,"Miami, FL 33138",Thai/Sushi,N/A,N/A,N/A,N/A,OpenStreetMap,Little River
Yeti's at Skatebird,533 NE 83rd St,"Miami, FL 33138",Pizza,N/A,N/A,N/A,N/A,OpenStreetMap,Little River
Miranda Cuisine and Bar,4299 NW 36th St,"Miami Springs, FL 33166",Latin American,$$$,4.9/5 Google,660,N/A,restaurantji.com,MIA Airport Area
My Little Greek Deli,195 Westward Dr,"Miami Springs, FL 33166",Greek,$$,4.8/5 Google,246,N/A,restaurantji.com,MIA Airport Area
Ceviches by Divino,46 Curtiss Pkwy,"Miami Springs, FL 33166",Peruvian,$$,4.7/5 Google,367,N/A,restaurantji.com,MIA Airport Area
Paco's Way,45 Curtiss Pkwy,"Miami Springs, FL 33166",Spanish,$$$,4.6/5 Google,465,N/A,restaurantji.com,MIA Airport Area
Sushi Sake Miami Springs,1 Westward Dr Bay 1,"Miami Springs, FL 33166",Japanese,$$,4.7/5 Google,395,N/A,restaurantji.com,MIA Airport Area
Cozy Corner,90 Westward Dr,"Miami Springs, FL 33166",American Diner,$$,4.5/5 Google,297,N/A,restaurantji.com,MIA Airport Area
Old Tom's Sports Bar,5001 NW 36th St,"Miami Springs, FL 33166",American,$$,4.3/5 Google,536,N/A,restaurantji.com,MIA Airport Area
Siamo Ristorante & Pizzeria,17 Westward Dr,"Miami Springs, FL 33166",Italian,$$,4.2/5 Google,336,N/A,restaurantji.com,MIA Airport Area
Hole 19 - Scratch Kitchen + Bar,650 Curtiss Pkwy,"Miami Springs, FL 33166",American Gastropub,$$,4.3/5 Google,127,N/A,restaurantji.com,MIA Airport Area
The Pilot House,4909 NW 36th St,"Miami Springs, FL 33166",American Bar,$$,4.4/5 Google,199,N/A,restaurantji.com,MIA Airport Area
Suvi Thai Sushi Restaurant,5683 NW 36th St,"Miami Springs, FL 33166",Thai/Sushi,$$,4.2/5 Google,259,N/A,restaurantji.com,MIA Airport Area
Antojos Peruanos,261 Westward Dr Ste 105,"Miami Springs, FL 33166",Peruvian,$$,4.2/5 Google,68,N/A,restaurantji.com,MIA Airport Area
Sr de los Tacos,2070 NW 107th Ave,"Sweetwater, FL 33172",Mexican,$$,4.7/5 Google,408,N/A,restaurantji.com,Sweetwater
107 Taste Asian Restaurant,1679 SW 107th Ave,"Miami (Sweetwater/FIU), FL 33174",Asian,$$,4.9/5 Google,971,N/A,restaurantji.com,Sweetwater
Bandeja Paisa Restaurant,9511 W Flagler St,"Miami (Sweetwater/Fontainebleau), FL 33174",Colombian,$$,4.9/5 Google,3312,N/A,restaurantji.com,Sweetwater
Recoveco,6000 SW 74th St Ste 1,"South Miami, FL 33143",Seafood,$$$,5.0/5 Google,84,N/A,restaurantji.com,South Miami
Tokyo Tuna Sushi,5800 SW 73rd St,"South Miami, FL 33143",Japanese,$$,4.4/5 Google,96,N/A,restaurantji.com,South Miami
Pla-Tu Sushi Thai Tapas,6101 Sunset Dr,"South Miami, FL 33143",Japanese/Thai,$$,4.7/5 Google,168,N/A,restaurantji.com,South Miami
Fratelli By Jholano's,8860 SW 72nd Pl,"Miami (Kendall), FL 33156",Italian Bar,$$,4.0/5 Google,353,N/A,restaurantji.com,Kendall
Shiraz Bistro & Market,9630 SW 77th Ave,"Miami (Kendall), FL 33156",Persian,$$,4.6/5 Google,225,N/A,restaurantji.com,Kendall
Ranchito mi Peru IV,9636 SW 77th Ave,"Miami (Kendall), FL 33156",Peruvian,$$,4.7/5 Google,18,N/A,restaurantji.com,Kendall
Tucandela Bar,8405 Mills Dr Ste 208,"Kendall, FL 33183",Bar/Latin,$$,3.1/5 Google,221,N/A,restaurantji.com,Kendall
Sushi KONG,3000 Coral Wy,"Coral Gables, FL 33145",Japanese/Sushi,$$$,4.9/5 Google,519,N/A,restaurantji.com,Coral Gables
Miss Crispy Rice / Omakase,808 Ponce de Leon Blvd,"Coral Gables, FL 33134",Sushi Bar,$$$$,4.5/5 Google,215,N/A,restaurantji.com,Coral Gables
Piccola Pizzeria,2305 Ponce de Leon Blvd,"Coral Gables, FL 33134",Pizza,$$,4.9/5 Google,269,N/A,restaurantji.com,Coral Gables
Bistro Cafe,4155 Laguna St,"Coral Gables, FL 33146",Brunch/Cafe,$$,4.9/5 Google,709,N/A,restaurantji.com,Coral Gables
Francesco,278 Miracle Mile,"Coral Gables, FL 33134",Italian/Wine Bar,$$$,4.7/5 Google,311,N/A,restaurantji.com,Coral Gables
CRAFT Coral Gables,127 Giralda Ave,"Coral Gables, FL 33134",American Breakfast,$$$,4.9/5 Google,669,N/A,restaurantji.com,Coral Gables
Naked Farmer,137 Giralda Ave,"Coral Gables, FL 33134",New American,$$$,4.7/5 Google,263,N/A,restaurantji.com,Coral Gables
Soya Sushi Bar,11402 NW 41st St #116,"Doral, FL 33178",Japanese,$$$,4.9/5 Google,2596,N/A,restaurantji.com,Doral
Sokai Sushi Bar,10726 NW 74th St,"Doral, FL 33166",Sushi,$$,4.9/5 Google,1382,N/A,restaurantji.com,Doral
Luka Restaurant and Coffee,11402 NW 41st St #112,"Doral, FL 33178",Latin American,$$,4.9/5 Google,1271,N/A,restaurantji.com,Doral
Miami To Brazil Rodizio,9136 NW 25th St,"Doral, FL 33172",Brazilian,$$$,4.9/5 Google,289,N/A,restaurantji.com,Doral
Bonsai Sushi Bar,10832 NW 58th St,"Doral, FL 33178",Sushi,$$,5.0/5 Google,395,N/A,restaurantji.com,Doral
Las Vegas Cuban Cuisine,8552 NW 53rd St,"Doral, FL 33166",Cuban,$$,4.8/5 Google,1048,N/A,restaurantji.com,Doral
Casa Mariano,8200 NW 27th St Ste 106,"Doral, FL 33122",Mediterranean,$$$,4.7/5 Google,380,N/A,restaurantji.com,Doral
Sabor Venezolano Doral,10722 NW 74th St,"Doral, FL 33166",Venezuelan,$$,4.8/5 Google,701,N/A,restaurantji.com,Doral
La Crema Food and Grill,7800 NW 25th St #16,"Doral, FL 33166",Caribbean,$$,4.8/5 Google,636,N/A,restaurantji.com,Doral
Divino Ceviche,2629 NW 79th Ave,"Doral, FL 33122",Peruvian,$$,4.6/5 Google,578,N/A,restaurantji.com,Doral
Rossitto's Italian Gourmet Market & Eatery,2663 E Atlantic Blvd,"Pompano Beach, FL 33062",Italian,$$,4.9/5 Google,331,N/A,Google Maps,Pompano Beach
RGS Steakhouse,360 E McNab Rd,"Pompano Beach, FL 33060",Steakhouse,$$$,4.8/5 Google,542,N/A,Google Maps,Pompano Beach
Taj Darbar Indian Cuisine,1901 N Federal Hwy Ste E112,"Pompano Beach, FL 33062",Indian,$$,4.9/5 Google,268,N/A,Google Maps,Pompano Beach
Aromas del Peru,1 N Ocean Blvd Ste 102,"Pompano Beach, FL 33062",Peruvian,$$,4.7/5 Google,433,N/A,Google Maps,Pompano Beach
La Veranda,2121 E Atlantic Blvd,"Pompano Beach, FL 33062",Italian,$$,4.5/5 Google,451,N/A,Google Maps,Pompano Beach
Nonna's Bistro & Cafe,2608 N Ocean Blvd,"Pompano Beach, FL 33062",Argentine,$$,4.7/5 Google,247,N/A,Google Maps,Pompano Beach
Ay Chavela Tacos and Cantina,900 E Atlantic Blvd #8-10,"Pompano Beach, FL 33060",Mexican,$,4.6/5 Google,135,N/A,Google Maps,Pompano Beach
YAMU Thai Japanese Restaurant,2608 N Ocean Blvd #5,"Pompano Beach, FL 33062",Asian Fusion,$$,4.8/5 Google,179,N/A,Google Maps,Pompano Beach
1804 Haitian Pizza & Fritay,427 S Federal Hwy,"Pompano Beach, FL 33060",Haitian,$,4.7/5 Google,169,N/A,Google Maps,Pompano Beach
The Vault Bar & Restaurant,61 NE 1st St Ste 1,"Pompano Beach, FL 33060",American,$$,4.8/5 Google,123,N/A,Google Maps,Pompano Beach
Kin Asian Street Food,143 SW 6th St,"Pompano Beach, FL 33060",Asian,$,4.6/5 Google,364,N/A,Google Maps,Pompano Beach
Affendi Grill,2780 E Atlantic Blvd,"Pompano Beach, FL 33062",Mediterranean,$,4.7/5 Google,140,N/A,Google Maps,Pompano Beach
9 Face Sushi Cafe,3422 E Atlantic Blvd,"Pompano Beach, FL 33062",Sushi,$$,4.7/5 Google,266,N/A,Google Maps,Pompano Beach
Sea Mario Italian Restaurant,451 S Cypress Rd,"Pompano Beach, FL 33060",Italian,$$,4.7/5 Google,117,N/A,Google Maps,Pompano Beach
Chef Dee's,3919 N Federal Hwy,"Pompano Beach, FL 33064",Seafood,$$,4.6/5 Google,254,N/A,Google Maps,Pompano Beach
Vinhus Restaurant and Grill,2201 E Atlantic Blvd,"Pompano Beach, FL 33062",Portuguese,$$,4.5/5 Google,284,N/A,Google Maps,Pompano Beach
Just Thai,1098 E Hillsboro Blvd,"Deerfield Beach, FL 33441",Thai,$$,4.7/5 Google,99,N/A,Google Maps,Deerfield Beach
Uncle Kimmy's,803 SE 8th St,"Deerfield Beach, FL 33441",American,$$,4.7/5 Google,139,N/A,Google Maps,Deerfield Beach
Lucky Lou's Raw Bar,123 NE 20th Ave,"Deerfield Beach, FL 33441",Seafood,$$,4.5/5 Google,170,N/A,Google Maps,Deerfield Beach
Phat Boy Sushi Kitchen & Bar,949 S Federal Hwy,"Deerfield Beach, FL 33441",Japanese,$$,4.4/5 Google,340,N/A,Google Maps,Deerfield Beach
Fat Boyz Barbecue Restaurant,1200 E Hillsboro Blvd,"Deerfield Beach, FL 33441",BBQ,$$,4.3/5 Google,632,N/A,Google Maps,Deerfield Beach
Patrizia's of NYC,1544 SE 3rd Ct,"Deerfield Beach, FL 33441",Italian,$$,4.0/5 Google,413,N/A,Google Maps,Deerfield Beach
Boteco do Manolo,1825 W Hillsboro Blvd,"Deerfield Beach, FL 33442",Brazilian,$$,4.3/5 Google,260,N/A,Google Maps,Deerfield Beach
Kahuna Bar & Grill,249 NE 21st Ave #81 A,"Deerfield Beach, FL 33441",American,$$,4.4/5 Google,258,N/A,Google Maps,Deerfield Beach
Thai-Sushi Express,1630 SE 3rd Ct,"Deerfield Beach, FL 33441",Thai,$,4.4/5 Google,188,N/A,Google Maps,Deerfield Beach
Sushi Song,123 NE 20th Ave,"Deerfield Beach, FL 33441",Sushi,$$,4.5/5 Google,160,N/A,Google Maps,Deerfield Beach
Le Sorelle Restaurant Downtown,507 SE Mizner Blvd,"Boca Raton, FL 33432",Italian,$$,4.9/5 Google,1246,N/A,Google Maps,Boca Raton
Kingdom Sushi,22191 Powerline Rd,"Boca Raton, FL 33433",Japanese,$$,4.9/5 Google,546,N/A,Google Maps,Boca Raton
Motek Boca Raton,5377 Town Center Rd #300,"Boca Raton, FL 33486",Mediterranean,$$,4.7/5 Google,291,N/A,Google Maps,Boca Raton
The Hen and Hog Restaurant,2151 N Federal Hwy,"Boca Raton, FL 33431",American,$$$,4.7/5 Google,576,N/A,Google Maps,Boca Raton
La Terraza Tapas & Bar,21170 St Andrews Blvd #7,"Boca Raton, FL 33433",Spanish,$$,4.8/5 Google,141,N/A,Google Maps,Boca Raton
Argentinian Grill,2521 N Federal Hwy,"Boca Raton, FL 33431",Argentine,$$,4.7/5 Google,477,N/A,Google Maps,Boca Raton
Corvina Seafood Grill,110 Plaza Real S,"Boca Raton, FL 33432",Seafood,$$$,4.4/5 Google,602,N/A,Google Maps,Boca Raton
Eathai,6299 N Federal Hwy,"Boca Raton, FL 33487",Thai,$$,4.7/5 Google,372,N/A,Google Maps,Boca Raton
Cote France,100 Plaza Real S,"Boca Raton, FL 33432",French,$$$,4.6/5 Google,612,N/A,Google Maps,Boca Raton
Embarcadero 41 Ceviche & Rolls,8188 Glades Rd,"Boca Raton, FL 33434",Peruvian,$$,4.6/5 Google,452,N/A,Google Maps,Boca Raton
Hawkers Asian Street Food,640 E Atlantic Ave,"Delray Beach, FL 33483",Asian,$$,4.7/5 Google,648,N/A,Google Maps,Delray Beach
Taki Omakase,632 E Atlantic Ave,"Delray Beach, FL 33483",Japanese,$$$,4.8/5 Google,321,N/A,Google Maps,Delray Beach
ROKA Turkish Cuisine,398 NE 5th Ave,"Delray Beach, FL 33483",Turkish,$$,4.9/5 Google,120,N/A,Google Maps,Delray Beach
MIA Kitchen & Bar,7901 W Atlantic Ave #101,"Delray Beach, FL 33446",American,$$$,4.5/5 Google,380,N/A,Google Maps,Delray Beach
Dasara Indian Cuisine,1100 Linton Blvd Ste C4,"Delray Beach, FL 33444",Indian,$$,4.5/5 Google,440,N/A,Google Maps,Delray Beach
Lucille's Bad to the Bone BBQ,9173 W Atlantic Ave #120,"Delray Beach, FL 33446",BBQ,$$,4.5/5 Google,419,N/A,Google Maps,Delray Beach
O'Connor's Irish Pub,210 NE 2nd St,"Delray Beach, FL 33444",Irish Pub,$$,4.8/5 Google,196,N/A,Google Maps,Delray Beach
Barcelona Wine Bar,22 W Atlantic Ave #140,"Delray Beach, FL 33444",Spanish,$$,4.6/5 Google,132,N/A,Google Maps,Delray Beach
Warren - American Whiskey Kitchen,15084 Lyons Rd Bay 350,"Delray Beach, FL 33446",American,$$,4.4/5 Google,566,N/A,Google Maps,Delray Beach
Shiitake Asian Bistro,4900 Linton Blvd #14,"Delray Beach, FL 33445",Asian,$$,4.6/5 Google,242,N/A,Google Maps,Delray Beach
Don Camaron Seafood Grill & Market,9491 NW 77th Ct,"Hialeah, FL",Seafood,$$,4.9/5 Google,2012,N/A,Restaurantji,Hialeah
Rio Grande Churrascaria,1255 W 46th St Unit 27,"Hialeah, FL",Brazilian,$$,4.8/5 Google,771,N/A,Restaurantji,Hialeah
Exxodo Gastro Art,5396 W 12th Ave,"Hialeah, FL",Cuban,$$,4.9/5 Google,332,N/A,Restaurantji,Hialeah
Porto Alegre Brazilian Grill Restaurant,795 E 8th Ave,"Hialeah, FL",Brazilian,$$,4.6/5 Google,610,N/A,Restaurantji,Hialeah
La Juliana Miami,3001 W 12th Ave,"Hialeah, FL",Cuban,$$,4.8/5 Google,351,N/A,Restaurantji,Hialeah
Mr Cachapa Hialeah,2085 W 76th St,"Hialeah, FL",Venezuelan,$$,4.7/5 Google,381,N/A,Restaurantji,Hialeah
La Fresa Francesa,59 W 3rd St,"Hialeah, FL",French,$$,4.5/5 Google,467,N/A,Restaurantji,Hialeah
La Romanita Restaurant and Privato Lounge,7755 W 4th Ave,"Hialeah, FL",Italian,$$,4.6/5 Google,425,N/A,Restaurantji,Hialeah
Ceviches Peru. Restaurante Peruano,2692 Palm Ave,"Hialeah, FL",Peruvian,$$,4.8/5 Google,223,N/A,Restaurantji,Hialeah
La Bodeguita Restaurant,2005 W 4th Ave,"Hialeah, FL",Spanish,$$,4.6/5 Google,472,N/A,Restaurantji,Hialeah
Ruta 75,8200 West 33rd Avenue Bay #3,"Hialeah, FL",Colombian,$$,4.6/5 Google,381,N/A,Restaurantji,Hialeah
Dipiazza Pizzeria,1408 W 49th St,"Hialeah, FL",Italian,$$,4.4/5 Google,308,N/A,Restaurantji,Hialeah
Cuba Lives Restaurant,4590 W 12th Ave,"Hialeah, FL",Cuban,$$,4.5/5 Google,416,N/A,Restaurantji,Hialeah
El Churrascaso Grill - Hialeah,3694 W 12th Ave,"Hialeah, FL",Brazilian,$$,4.5/5 Google,341,N/A,Restaurantji,Hialeah
El Valle,4260 W 12th Ave,"Hialeah, FL",Cuban,$$,4.6/5 Google,239,N/A,Restaurantji,Hialeah
La Jato Restaurant,3970 W 16th Ave,"Hialeah, FL",Peruvian,$$,4.5/5 Google,329,N/A,Restaurantji,Hialeah
El Rinconcito De Santa Barbara Restaurant,2050 W 56th St #33,"Hialeah, FL",Puerto Rican,$$,4.3/5 Google,408,N/A,Restaurantji,Hialeah
La Taberna De Ignacio - Hialeah,1800 W 68th St #123,"Hialeah, FL",Spanish,$$,4.5/5 Google,303,N/A,Restaurantji,Hialeah
Caribe Cafe Restaurant,1750 W 68th St,"Hialeah, FL",Cafe,$$,4.4/5 Google,355,N/A,Restaurantji,Hialeah
Naruto 88 Bistro,18514 NW 67th Ave,"Hialeah, FL",Sushi Bar,$$,4.6/5 Google,92,N/A,Restaurantji,Hialeah
Farandula Pizzeria Hialeah,2846 Palm Ave,"Hialeah, FL",Pizza,$$,4.4/5 Google,316,N/A,Restaurantji,Hialeah
Costa Peruana con Sabor y Sazon,6832 NW 169th St,"Hialeah, FL",Peruvian,$$,4.6/5 Google,148,N/A,Restaurantji,Hialeah
Ciboney Restaurant,18474 NW 67th Ave,"Hialeah, FL",Cuban,$$,4.4/5 Google,218,N/A,Restaurantji,Hialeah
Polo Norte Palm Springs North,8515 NW 186th St,"Hialeah, FL",Cuban,$$,4.3/5 Google,321,N/A,Restaurantji,Hialeah
Casagranda Cafe-Restaurant,1925 West 76th Street Unit B,"Hialeah, FL",Cafe,$$,4.8/5 Google,63,N/A,Restaurantji,Hialeah
Shima Japanese Restaurant,16873 NW 67th Ave,"Hialeah, FL",Japanese,$$,4.2/5 Google,315,N/A,Restaurantji,Hialeah
Francisca Charcoal Chicken & Meats,6700 Main St,"Miami Lakes, FL",Latin American,$$,5.0/5 Google,1768,N/A,Restaurantji,Miami Lakes
Korner67,6769 Main St,"Miami Lakes, FL",Cocktail Bar,$$$,4.8/5 Google,555,N/A,Restaurantji,Miami Lakes
Chela's Miami,15301 NW 67th Ave,"Miami Lakes, FL",Mexican,$$,4.6/5 Google,685,N/A,Restaurantji,Miami Lakes
107 Taste Asian Restaurant,6705 Main St,"Miami Lakes, FL",Asian,$$,4.8/5 Google,711,N/A,Restaurantji,Miami Lakes
El Pimiento Restaurant,16403 NW 67th Ave,"Miami Lakes, FL",Spanish,$$,4.9/5 Google,515,N/A,Restaurantji,Miami Lakes
Amazonia Nikkei,6704 Main St,"Miami Lakes, FL",Japanese,$$,4.8/5 Google,424,N/A,Restaurantji,Miami Lakes
Bolay Fresh Bold Kitchen,15141 NW 67th Ave,"Miami Lakes, FL",American,$,4.8/5 Google,406,N/A,Restaurantji,Miami Lakes
La Diosa Taqueria,7321 Miami Lakes Dr,"Miami Lakes, FL",Mexican,$$,4.7/5 Google,517,N/A,Restaurantji,Miami Lakes
Miller's Ale House,15251 NW 67th Ave,"Miami Lakes, FL",Sports Bar,$$,4.6/5 Google,921,N/A,Restaurantji,Miami Lakes
Vanilla Espresso French Cafe,16395 NW 67th Ave,"Miami Lakes, FL",French,$,4.7/5 Google,354,N/A,Restaurantji,Miami Lakes
Carrabba's Italian Grill,18600 NW 87th Ave,"Miami Lakes, FL",Italian,$$,4.6/5 Google,528,N/A,Restaurantji,Miami Lakes
BB's Bakehouse,6731 Main St,"Miami Lakes, FL",Cafe,$,4.7/5 Google,244,N/A,Restaurantji,Miami Lakes
Substantial Subs,5616 NW 167th St,"Miami Lakes, FL",Sandwich Shop,$,4.3/5 Google,172,N/A,Restaurantji,Miami Lakes
1910 Restaurant & Bar,6743 Main St,"Miami Lakes, FL",Bar,$$,4.9/5 Google,70,N/A,Restaurantji,Miami Lakes
LA Sweetz Cupcakes,6707 Main St,"Miami Lakes, FL",Bakery,$,4.8/5 Google,139,N/A,Restaurantji,Miami Lakes
Trattoria Pampered Chef,7347 Miami Lakes Dr,"Miami Lakes, FL",Italian,$$,4.5/5 Google,275,N/A,Restaurantji,Miami Lakes
Dr. Limon Ceviche Bar,7341 Miami Lakes Dr,"Miami Lakes, FL",Peruvian,$$,4.3/5 Google,536,N/A,Restaurantji,Miami Lakes
NQC Miami,6189 Miami Lakes Dr,"Miami Lakes, FL",Cuban,$,4.6/5 Google,162,N/A,Restaurantji,Miami Lakes
ML Steaks and Sports,6842 Main St,"Miami Lakes, FL",Steak House,$$$,4.4/5 Google,291,N/A,Restaurantji,Miami Lakes
Outback Steakhouse,15490 NW 77th Ct,"Miami Lakes, FL",Steak House,$$,4.6/5 Google,467,N/A,Restaurantji,Miami Lakes
